level	ix	iy	code	p0	p1	p2	p3	p4	p5	p6	shape	vert	dump_row	classify_assignment	classify_witness	in_historic_188	in_added_89	R_witness	R_polygon_count	G_witness	G_polygon_count	spool_K1_requirement_witness
0	1814	548	288	0	0	0	0	0	0	0	-1	-1	0	evidence-gap:other_mechanism	output/scratch-14/classify.stderr	0	0	output/scratch-14/witnesses/0000_R.json	0	output/scratch-14/witnesses/0000_G.json	0	output/scratch-14/witnesses/0000_requirement.json
0	1709	554	291	0	0	0	0	0	0	0	-1	-1	1	evidence-gap:other_mechanism	output/scratch-14/classify.stderr	0	0	output/scratch-14/witnesses/0001_R.json	0	output/scratch-14/witnesses/0001_G.json	0	output/scratch-14/witnesses/0001_requirement.json
0	851	637	288	0	0	0	0	0	0	0	-1	-1	2	evidence-gap:other_mechanism	output/scratch-14/classify.stderr	0	0	output/scratch-14/witnesses/0002_R.json	1	output/scratch-14/witnesses/0002_G.json	0	output/scratch-14/witnesses/0002_requirement.json
0	867	638	288	0	0	0	0	0	0	0	-1	-1	3	evidence-gap:other_mechanism	output/scratch-14/classify.stderr	0	0	output/scratch-14/witnesses/0003_R.json	1	output/scratch-14/witnesses/0003_G.json	0	output/scratch-14/witnesses/0003_requirement.json
0	869	638	288	0	0	0	0	0	0	0	-1	-1	4	evidence-gap:other_mechanism	output/scratch-14/classify.stderr	0	0	output/scratch-14/witnesses/0004_R.json	1	output/scratch-14/witnesses/0004_G.json	0	output/scratch-14/witnesses/0004_requirement.json
0	870	638	288	0	0	0	0	0	0	0	-1	-1	5	evidence-gap:other_mechanism	output/scratch-14/classify.stderr	0	0	output/scratch-14/witnesses/0005_R.json	1	output/scratch-14/witnesses/0005_G.json	0	output/scratch-14/witnesses/0005_requirement.json
0	871	638	288	0	0	0	0	0	0	0	-1	-1	6	evidence-gap:other_mechanism	output/scratch-14/classify.stderr	0	0	output/scratch-14/witnesses/0006_R.json	1	output/scratch-14/witnesses/0006_G.json	0	output/scratch-14/witnesses/0006_requirement.json
0	872	638	288	0	0	0	0	0	0	0	-1	-1	7	evidence-gap:other_mechanism	output/scratch-14/classify.stderr	0	0	output/scratch-14/witnesses/0007_R.json	1	output/scratch-14/witnesses/0007_G.json	0	output/scratch-14/witnesses/0007_requirement.json
0	873	638	288	0	0	0	0	0	0	0	-1	-1	8	evidence-gap:other_mechanism	output/scratch-14/classify.stderr	0	0	output/scratch-14/witnesses/0008_R.json	1	output/scratch-14/witnesses/0008_G.json	0	output/scratch-14/witnesses/0008_requirement.json
0	875	638	288	0	0	0	0	0	0	0	-1	-1	9	evidence-gap:other_mechanism	output/scratch-14/classify.stderr	0	0	output/scratch-14/witnesses/0009_R.json	1	output/scratch-14/witnesses/0009_G.json	0	output/scratch-14/witnesses/0009_requirement.json
0	876	638	288	0	0	0	0	0	0	0	-1	-1	10	evidence-gap:other_mechanism	output/scratch-14/classify.stderr	0	0	output/scratch-14/witnesses/0010_R.json	1	output/scratch-14/witnesses/0010_G.json	0	output/scratch-14/witnesses/0010_requirement.json
0	877	638	288	0	0	0	0	0	0	0	-1	-1	11	evidence-gap:other_mechanism	output/scratch-14/classify.stderr	0	0	output/scratch-14/witnesses/0011_R.json	1	output/scratch-14/witnesses/0011_G.json	0	output/scratch-14/witnesses/0011_requirement.json
0	878	638	288	0	0	0	0	0	0	0	-1	-1	12	evidence-gap:other_mechanism	output/scratch-14/classify.stderr	0	0	output/scratch-14/witnesses/0012_R.json	1	output/scratch-14/witnesses/0012_G.json	0	output/scratch-14/witnesses/0012_requirement.json
0	880	638	288	0	0	0	0	0	0	0	-1	-1	13	evidence-gap:other_mechanism	output/scratch-14/classify.stderr	0	0	output/scratch-14/witnesses/0013_R.json	1	output/scratch-14/witnesses/0013_G.json	0	output/scratch-14/witnesses/0013_requirement.json
0	881	638	288	0	0	0	0	0	0	0	-1	-1	14	evidence-gap:other_mechanism	output/scratch-14/classify.stderr	0	0	output/scratch-14/witnesses/0014_R.json	1	output/scratch-14/witnesses/0014_G.json	0	output/scratch-14/witnesses/0014_requirement.json
0	882	638	288	0	0	0	0	0	0	0	-1	-1	15	evidence-gap:other_mechanism	output/scratch-14/classify.stderr	0	0	output/scratch-14/witnesses/0015_R.json	1	output/scratch-14/witnesses/0015_G.json	0	output/scratch-14/witnesses/0015_requirement.json
0	883	638	288	0	0	0	0	0	0	0	-1	-1	16	evidence-gap:other_mechanism	output/scratch-14/classify.stderr	0	0	output/scratch-14/witnesses/0016_R.json	1	output/scratch-14/witnesses/0016_G.json	0	output/scratch-14/witnesses/0016_requirement.json
0	885	638	288	0	0	0	0	0	0	0	-1	-1	17	evidence-gap:other_mechanism	output/scratch-14/classify.stderr	0	0	output/scratch-14/witnesses/0017_R.json	1	output/scratch-14/witnesses/0017_G.json	0	output/scratch-14/witnesses/0017_requirement.json
0	886	638	288	0	0	0	0	0	0	0	-1	-1	18	evidence-gap:other_mechanism	output/scratch-14/classify.stderr	0	0	output/scratch-14/witnesses/0018_R.json	1	output/scratch-14/witnesses/0018_G.json	0	output/scratch-14/witnesses/0018_requirement.json
0	887	638	288	0	0	0	0	0	0	0	-1	-1	19	evidence-gap:other_mechanism	output/scratch-14/classify.stderr	0	0	output/scratch-14/witnesses/0019_R.json	1	output/scratch-14/witnesses/0019_G.json	0	output/scratch-14/witnesses/0019_requirement.json
0	888	638	288	0	0	0	0	0	0	0	-1	-1	20	evidence-gap:other_mechanism	output/scratch-14/classify.stderr	0	0	output/scratch-14/witnesses/0020_R.json	1	output/scratch-14/witnesses/0020_G.json	0	output/scratch-14/witnesses/0020_requirement.json
0	890	638	288	0	0	0	0	0	0	0	-1	-1	21	evidence-gap:other_mechanism	output/scratch-14/classify.stderr	0	0	output/scratch-14/witnesses/0021_R.json	1	output/scratch-14/witnesses/0021_G.json	0	output/scratch-14/witnesses/0021_requirement.json
0	892	638	288	0	0	0	0	0	0	0	-1	-1	22	evidence-gap:other_mechanism	output/scratch-14/classify.stderr	0	0	output/scratch-14/witnesses/0022_R.json	1	output/scratch-14/witnesses/0022_G.json	0	output/scratch-14/witnesses/0022_requirement.json
0	893	638	288	0	0	0	0	0	0	0	-1	-1	23	evidence-gap:other_mechanism	output/scratch-14/classify.stderr	0	0	output/scratch-14/witnesses/0023_R.json	1	output/scratch-14/witnesses/0023_G.json	0	output/scratch-14/witnesses/0023_requirement.json
0	894	638	288	0	0	0	0	0	0	0	-1	-1	24	evidence-gap:other_mechanism	output/scratch-14/classify.stderr	0	0	output/scratch-14/witnesses/0024_R.json	1	output/scratch-14/witnesses/0024_G.json	0	output/scratch-14/witnesses/0024_requirement.json
0	895	638	288	0	0	0	0	0	0	0	-1	-1	25	evidence-gap:other_mechanism	output/scratch-14/classify.stderr	0	0	output/scratch-14/witnesses/0025_R.json	1	output/scratch-14/witnesses/0025_G.json	0	output/scratch-14/witnesses/0025_requirement.json
0	897	638	288	0	0	0	0	0	0	0	-1	-1	26	evidence-gap:other_mechanism	output/scratch-14/classify.stderr	0	0	output/scratch-14/witnesses/0026_R.json	1	output/scratch-14/witnesses/0026_G.json	0	output/scratch-14/witnesses/0026_requirement.json
0	899	638	288	0	0	0	0	0	0	0	-1	-1	27	evidence-gap:other_mechanism	output/scratch-14/classify.stderr	0	0	output/scratch-14/witnesses/0027_R.json	1	output/scratch-14/witnesses/0027_G.json	0	output/scratch-14/witnesses/0027_requirement.json
0	900	638	288	0	0	0	0	0	0	0	-1	-1	28	evidence-gap:other_mechanism	output/scratch-14/classify.stderr	0	0	output/scratch-14/witnesses/0028_R.json	1	output/scratch-14/witnesses/0028_G.json	0	output/scratch-14/witnesses/0028_requirement.json
0	901	638	288	0	0	0	0	0	0	0	-1	-1	29	evidence-gap:other_mechanism	output/scratch-14/classify.stderr	0	0	output/scratch-14/witnesses/0029_R.json	1	output/scratch-14/witnesses/0029_G.json	0	output/scratch-14/witnesses/0029_requirement.json
0	902	638	288	0	0	0	0	0	0	0	-1	-1	30	evidence-gap:other_mechanism	output/scratch-14/classify.stderr	0	0	output/scratch-14/witnesses/0030_R.json	1	output/scratch-14/witnesses/0030_G.json	0	output/scratch-14/witnesses/0030_requirement.json
0	904	638	288	0	0	0	0	0	0	0	-1	-1	31	evidence-gap:other_mechanism	output/scratch-14/classify.stderr	0	0	output/scratch-14/witnesses/0031_R.json	1	output/scratch-14/witnesses/0031_G.json	0	output/scratch-14/witnesses/0031_requirement.json
0	905	638	288	0	0	0	0	0	0	0	-1	-1	32	evidence-gap:other_mechanism	output/scratch-14/classify.stderr	0	0	output/scratch-14/witnesses/0032_R.json	1	output/scratch-14/witnesses/0032_G.json	0	output/scratch-14/witnesses/0032_requirement.json
0	906	638	288	0	0	0	0	0	0	0	-1	-1	33	evidence-gap:other_mechanism	output/scratch-14/classify.stderr	0	0	output/scratch-14/witnesses/0033_R.json	1	output/scratch-14/witnesses/0033_G.json	0	output/scratch-14/witnesses/0033_requirement.json
0	907	638	288	0	0	0	0	0	0	0	-1	-1	34	evidence-gap:other_mechanism	output/scratch-14/classify.stderr	0	0	output/scratch-14/witnesses/0034_R.json	1	output/scratch-14/witnesses/0034_G.json	0	output/scratch-14/witnesses/0034_requirement.json
0	908	638	288	0	0	0	0	0	0	0	-1	-1	35	evidence-gap:other_mechanism	output/scratch-14/classify.stderr	0	0	output/scratch-14/witnesses/0035_R.json	1	output/scratch-14/witnesses/0035_G.json	0	output/scratch-14/witnesses/0035_requirement.json
0	910	638	288	0	0	0	0	0	0	0	-1	-1	36	evidence-gap:other_mechanism	output/scratch-14/classify.stderr	0	0	output/scratch-14/witnesses/0036_R.json	1	output/scratch-14/witnesses/0036_G.json	0	output/scratch-14/witnesses/0036_requirement.json
0	911	638	288	0	0	0	0	0	0	0	-1	-1	37	evidence-gap:other_mechanism	output/scratch-14/classify.stderr	0	0	output/scratch-14/witnesses/0037_R.json	1	output/scratch-14/witnesses/0037_G.json	0	output/scratch-14/witnesses/0037_requirement.json
0	912	638	288	0	0	0	0	0	0	0	-1	-1	38	evidence-gap:other_mechanism	output/scratch-14/classify.stderr	0	0	output/scratch-14/witnesses/0038_R.json	1	output/scratch-14/witnesses/0038_G.json	0	output/scratch-14/witnesses/0038_requirement.json
0	913	638	288	0	0	0	0	0	0	0	-1	-1	39	evidence-gap:other_mechanism	output/scratch-14/classify.stderr	0	0	output/scratch-14/witnesses/0039_R.json	1	output/scratch-14/witnesses/0039_G.json	0	output/scratch-14/witnesses/0039_requirement.json
0	915	638	288	0	0	0	0	0	0	0	-1	-1	40	evidence-gap:other_mechanism	output/scratch-14/classify.stderr	0	0	output/scratch-14/witnesses/0040_R.json	1	output/scratch-14/witnesses/0040_G.json	0	output/scratch-14/witnesses/0040_requirement.json
0	916	638	288	0	0	0	0	0	0	0	-1	-1	41	evidence-gap:other_mechanism	output/scratch-14/classify.stderr	0	0	output/scratch-14/witnesses/0041_R.json	1	output/scratch-14/witnesses/0041_G.json	0	output/scratch-14/witnesses/0041_requirement.json
0	918	638	288	0	0	0	0	0	0	0	-1	-1	42	evidence-gap:other_mechanism	output/scratch-14/classify.stderr	0	0	output/scratch-14/witnesses/0042_R.json	1	output/scratch-14/witnesses/0042_G.json	0	output/scratch-14/witnesses/0042_requirement.json
0	919	638	288	0	0	0	0	0	0	0	-1	-1	43	evidence-gap:other_mechanism	output/scratch-14/classify.stderr	0	0	output/scratch-14/witnesses/0043_R.json	1	output/scratch-14/witnesses/0043_G.json	0	output/scratch-14/witnesses/0043_requirement.json
0	920	638	288	0	0	0	0	0	0	0	-1	-1	44	evidence-gap:other_mechanism	output/scratch-14/classify.stderr	0	0	output/scratch-14/witnesses/0044_R.json	1	output/scratch-14/witnesses/0044_G.json	0	output/scratch-14/witnesses/0044_requirement.json
0	921	638	288	0	0	0	0	0	0	0	-1	-1	45	evidence-gap:other_mechanism	output/scratch-14/classify.stderr	0	0	output/scratch-14/witnesses/0045_R.json	1	output/scratch-14/witnesses/0045_G.json	0	output/scratch-14/witnesses/0045_requirement.json
0	922	638	288	0	0	0	0	0	0	0	-1	-1	46	evidence-gap:other_mechanism	output/scratch-14/classify.stderr	0	0	output/scratch-14/witnesses/0046_R.json	1	output/scratch-14/witnesses/0046_G.json	0	output/scratch-14/witnesses/0046_requirement.json
0	923	638	288	0	0	0	0	0	0	0	-1	-1	47	evidence-gap:other_mechanism	output/scratch-14/classify.stderr	0	0	output/scratch-14/witnesses/0047_R.json	1	output/scratch-14/witnesses/0047_G.json	0	output/scratch-14/witnesses/0047_requirement.json
0	925	638	288	0	0	0	0	0	0	0	-1	-1	48	evidence-gap:other_mechanism	output/scratch-14/classify.stderr	0	0	output/scratch-14/witnesses/0048_R.json	1	output/scratch-14/witnesses/0048_G.json	0	output/scratch-14/witnesses/0048_requirement.json
0	927	638	288	0	0	0	0	0	0	0	-1	-1	49	evidence-gap:other_mechanism	output/scratch-14/classify.stderr	0	0	output/scratch-14/witnesses/0049_R.json	1	output/scratch-14/witnesses/0049_G.json	0	output/scratch-14/witnesses/0049_requirement.json
0	928	638	288	0	0	0	0	0	0	0	-1	-1	50	evidence-gap:other_mechanism	output/scratch-14/classify.stderr	0	0	output/scratch-14/witnesses/0050_R.json	1	output/scratch-14/witnesses/0050_G.json	0	output/scratch-14/witnesses/0050_requirement.json
0	929	638	288	0	0	0	0	0	0	0	-1	-1	51	evidence-gap:other_mechanism	output/scratch-14/classify.stderr	0	0	output/scratch-14/witnesses/0051_R.json	1	output/scratch-14/witnesses/0051_G.json	0	output/scratch-14/witnesses/0051_requirement.json
0	930	638	288	0	0	0	0	0	0	0	-1	-1	52	evidence-gap:other_mechanism	output/scratch-14/classify.stderr	0	0	output/scratch-14/witnesses/0052_R.json	1	output/scratch-14/witnesses/0052_G.json	0	output/scratch-14/witnesses/0052_requirement.json
0	931	638	288	0	0	0	0	0	0	0	-1	-1	53	evidence-gap:other_mechanism	output/scratch-14/classify.stderr	0	0	output/scratch-14/witnesses/0053_R.json	1	output/scratch-14/witnesses/0053_G.json	0	output/scratch-14/witnesses/0053_requirement.json
0	933	638	288	0	0	0	0	0	0	0	-1	-1	54	evidence-gap:other_mechanism	output/scratch-14/classify.stderr	0	0	output/scratch-14/witnesses/0054_R.json	1	output/scratch-14/witnesses/0054_G.json	0	output/scratch-14/witnesses/0054_requirement.json
0	934	638	288	0	0	0	0	0	0	0	-1	-1	55	evidence-gap:other_mechanism	output/scratch-14/classify.stderr	0	0	output/scratch-14/witnesses/0055_R.json	1	output/scratch-14/witnesses/0055_G.json	0	output/scratch-14/witnesses/0055_requirement.json
0	935	638	288	0	0	0	0	0	0	0	-1	-1	56	evidence-gap:other_mechanism	output/scratch-14/classify.stderr	0	0	output/scratch-14/witnesses/0056_R.json	1	output/scratch-14/witnesses/0056_G.json	0	output/scratch-14/witnesses/0056_requirement.json
0	937	638	288	0	0	0	0	0	0	0	-1	-1	57	evidence-gap:other_mechanism	output/scratch-14/classify.stderr	0	0	output/scratch-14/witnesses/0057_R.json	1	output/scratch-14/witnesses/0057_G.json	0	output/scratch-14/witnesses/0057_requirement.json
0	938	638	288	0	0	0	0	0	0	0	-1	-1	58	evidence-gap:other_mechanism	output/scratch-14/classify.stderr	0	0	output/scratch-14/witnesses/0058_R.json	1	output/scratch-14/witnesses/0058_G.json	0	output/scratch-14/witnesses/0058_requirement.json
0	939	638	288	0	0	0	0	0	0	0	-1	-1	59	evidence-gap:other_mechanism	output/scratch-14/classify.stderr	0	0	output/scratch-14/witnesses/0059_R.json	1	output/scratch-14/witnesses/0059_G.json	0	output/scratch-14/witnesses/0059_requirement.json
0	940	638	288	0	0	0	0	0	0	0	-1	-1	60	evidence-gap:other_mechanism	output/scratch-14/classify.stderr	0	0	output/scratch-14/witnesses/0060_R.json	1	output/scratch-14/witnesses/0060_G.json	0	output/scratch-14/witnesses/0060_requirement.json
0	942	638	288	0	0	0	0	0	0	0	-1	-1	61	evidence-gap:other_mechanism	output/scratch-14/classify.stderr	0	0	output/scratch-14/witnesses/0061_R.json	1	output/scratch-14/witnesses/0061_G.json	0	output/scratch-14/witnesses/0061_requirement.json
0	943	638	288	0	0	0	0	0	0	0	-1	-1	62	evidence-gap:other_mechanism	output/scratch-14/classify.stderr	0	0	output/scratch-14/witnesses/0062_R.json	1	output/scratch-14/witnesses/0062_G.json	0	output/scratch-14/witnesses/0062_requirement.json
0	944	638	288	0	0	0	0	0	0	0	-1	-1	63	evidence-gap:other_mechanism	output/scratch-14/classify.stderr	0	0	output/scratch-14/witnesses/0063_R.json	1	output/scratch-14/witnesses/0063_G.json	0	output/scratch-14/witnesses/0063_requirement.json
0	945	638	288	0	0	0	0	0	0	0	-1	-1	64	evidence-gap:other_mechanism	output/scratch-14/classify.stderr	0	0	output/scratch-14/witnesses/0064_R.json	1	output/scratch-14/witnesses/0064_G.json	0	output/scratch-14/witnesses/0064_requirement.json
0	946	638	288	0	0	0	0	0	0	0	-1	-1	65	evidence-gap:other_mechanism	output/scratch-14/classify.stderr	0	0	output/scratch-14/witnesses/0065_R.json	1	output/scratch-14/witnesses/0065_G.json	0	output/scratch-14/witnesses/0065_requirement.json
0	948	638	288	0	0	0	0	0	0	0	-1	-1	66	evidence-gap:other_mechanism	output/scratch-14/classify.stderr	0	0	output/scratch-14/witnesses/0066_R.json	1	output/scratch-14/witnesses/0066_G.json	0	output/scratch-14/witnesses/0066_requirement.json
0	949	638	288	0	0	0	0	0	0	0	-1	-1	67	evidence-gap:other_mechanism	output/scratch-14/classify.stderr	0	0	output/scratch-14/witnesses/0067_R.json	1	output/scratch-14/witnesses/0067_G.json	0	output/scratch-14/witnesses/0067_requirement.json
0	950	638	288	0	0	0	0	0	0	0	-1	-1	68	evidence-gap:other_mechanism	output/scratch-14/classify.stderr	0	0	output/scratch-14/witnesses/0068_R.json	1	output/scratch-14/witnesses/0068_G.json	0	output/scratch-14/witnesses/0068_requirement.json
0	951	638	288	0	0	0	0	0	0	0	-1	-1	69	evidence-gap:other_mechanism	output/scratch-14/classify.stderr	0	0	output/scratch-14/witnesses/0069_R.json	1	output/scratch-14/witnesses/0069_G.json	0	output/scratch-14/witnesses/0069_requirement.json
0	953	638	288	0	0	0	0	0	0	0	-1	-1	70	evidence-gap:other_mechanism	output/scratch-14/classify.stderr	0	0	output/scratch-14/witnesses/0070_R.json	1	output/scratch-14/witnesses/0070_G.json	0	output/scratch-14/witnesses/0070_requirement.json
0	954	638	288	0	0	0	0	0	0	0	-1	-1	71	evidence-gap:other_mechanism	output/scratch-14/classify.stderr	0	0	output/scratch-14/witnesses/0071_R.json	1	output/scratch-14/witnesses/0071_G.json	0	output/scratch-14/witnesses/0071_requirement.json
0	955	638	288	0	0	0	0	0	0	0	-1	-1	72	evidence-gap:other_mechanism	output/scratch-14/classify.stderr	0	0	output/scratch-14/witnesses/0072_R.json	1	output/scratch-14/witnesses/0072_G.json	0	output/scratch-14/witnesses/0072_requirement.json
0	956	638	288	0	0	0	0	0	0	0	-1	-1	73	evidence-gap:other_mechanism	output/scratch-14/classify.stderr	0	0	output/scratch-14/witnesses/0073_R.json	1	output/scratch-14/witnesses/0073_G.json	0	output/scratch-14/witnesses/0073_requirement.json
0	957	638	288	0	0	0	0	0	0	0	-1	-1	74	evidence-gap:other_mechanism	output/scratch-14/classify.stderr	0	0	output/scratch-14/witnesses/0074_R.json	1	output/scratch-14/witnesses/0074_G.json	0	output/scratch-14/witnesses/0074_requirement.json
0	958	638	288	0	0	0	0	0	0	0	-1	-1	75	evidence-gap:other_mechanism	output/scratch-14/classify.stderr	0	0	output/scratch-14/witnesses/0075_R.json	1	output/scratch-14/witnesses/0075_G.json	0	output/scratch-14/witnesses/0075_requirement.json
0	960	638	288	0	0	0	0	0	0	0	-1	-1	76	evidence-gap:other_mechanism	output/scratch-14/classify.stderr	0	0	output/scratch-14/witnesses/0076_R.json	1	output/scratch-14/witnesses/0076_G.json	0	output/scratch-14/witnesses/0076_requirement.json
0	962	638	288	0	0	0	0	0	0	0	-1	-1	77	evidence-gap:other_mechanism	output/scratch-14/classify.stderr	0	0	output/scratch-14/witnesses/0077_R.json	1	output/scratch-14/witnesses/0077_G.json	0	output/scratch-14/witnesses/0077_requirement.json
0	963	638	288	0	0	0	0	0	0	0	-1	-1	78	evidence-gap:other_mechanism	output/scratch-14/classify.stderr	0	0	output/scratch-14/witnesses/0078_R.json	1	output/scratch-14/witnesses/0078_G.json	0	output/scratch-14/witnesses/0078_requirement.json
0	965	638	288	0	0	0	0	0	0	0	-1	-1	79	evidence-gap:other_mechanism	output/scratch-14/classify.stderr	0	0	output/scratch-14/witnesses/0079_R.json	1	output/scratch-14/witnesses/0079_G.json	0	output/scratch-14/witnesses/0079_requirement.json
0	967	638	288	0	0	0	0	0	0	0	-1	-1	80	evidence-gap:other_mechanism	output/scratch-14/classify.stderr	0	0	output/scratch-14/witnesses/0080_R.json	1	output/scratch-14/witnesses/0080_G.json	0	output/scratch-14/witnesses/0080_requirement.json
0	968	638	288	0	0	0	0	0	0	0	-1	-1	81	evidence-gap:other_mechanism	output/scratch-14/classify.stderr	0	0	output/scratch-14/witnesses/0081_R.json	1	output/scratch-14/witnesses/0081_G.json	0	output/scratch-14/witnesses/0081_requirement.json
0	969	638	288	0	0	0	0	0	0	0	-1	-1	82	evidence-gap:other_mechanism	output/scratch-14/classify.stderr	0	0	output/scratch-14/witnesses/0082_R.json	1	output/scratch-14/witnesses/0082_G.json	0	output/scratch-14/witnesses/0082_requirement.json
0	970	638	288	0	0	0	0	0	0	0	-1	-1	83	evidence-gap:other_mechanism	output/scratch-14/classify.stderr	0	0	output/scratch-14/witnesses/0083_R.json	1	output/scratch-14/witnesses/0083_G.json	0	output/scratch-14/witnesses/0083_requirement.json
0	971	638	288	0	0	0	0	0	0	0	-1	-1	84	evidence-gap:other_mechanism	output/scratch-14/classify.stderr	0	0	output/scratch-14/witnesses/0084_R.json	1	output/scratch-14/witnesses/0084_G.json	0	output/scratch-14/witnesses/0084_requirement.json
0	973	638	288	0	0	0	0	0	0	0	-1	-1	85	evidence-gap:other_mechanism	output/scratch-14/classify.stderr	0	0	output/scratch-14/witnesses/0085_R.json	1	output/scratch-14/witnesses/0085_G.json	0	output/scratch-14/witnesses/0085_requirement.json
0	975	638	288	0	0	0	0	0	0	0	-1	-1	86	evidence-gap:other_mechanism	output/scratch-14/classify.stderr	0	0	output/scratch-14/witnesses/0086_R.json	1	output/scratch-14/witnesses/0086_G.json	0	output/scratch-14/witnesses/0086_requirement.json
0	976	638	288	0	0	0	0	0	0	0	-1	-1	87	evidence-gap:other_mechanism	output/scratch-14/classify.stderr	0	0	output/scratch-14/witnesses/0087_R.json	1	output/scratch-14/witnesses/0087_G.json	0	output/scratch-14/witnesses/0087_requirement.json
0	978	638	288	0	0	0	0	0	0	0	-1	-1	88	evidence-gap:other_mechanism	output/scratch-14/classify.stderr	0	0	output/scratch-14/witnesses/0088_R.json	1	output/scratch-14/witnesses/0088_G.json	0	output/scratch-14/witnesses/0088_requirement.json
0	980	638	288	0	0	0	0	0	0	0	-1	-1	89	evidence-gap:other_mechanism	output/scratch-14/classify.stderr	0	0	output/scratch-14/witnesses/0089_R.json	1	output/scratch-14/witnesses/0089_G.json	0	output/scratch-14/witnesses/0089_requirement.json
0	982	638	288	0	0	0	0	0	0	0	-1	-1	90	evidence-gap:other_mechanism	output/scratch-14/classify.stderr	0	0	output/scratch-14/witnesses/0090_R.json	1	output/scratch-14/witnesses/0090_G.json	0	output/scratch-14/witnesses/0090_requirement.json
0	983	638	288	0	0	0	0	0	0	0	-1	-1	91	evidence-gap:other_mechanism	output/scratch-14/classify.stderr	0	0	output/scratch-14/witnesses/0091_R.json	1	output/scratch-14/witnesses/0091_G.json	0	output/scratch-14/witnesses/0091_requirement.json
0	985	638	288	0	0	0	0	0	0	0	-1	-1	92	evidence-gap:other_mechanism	output/scratch-14/classify.stderr	0	0	output/scratch-14/witnesses/0092_R.json	1	output/scratch-14/witnesses/0092_G.json	0	output/scratch-14/witnesses/0092_requirement.json
0	986	638	288	0	0	0	0	0	0	0	-1	-1	93	evidence-gap:other_mechanism	output/scratch-14/classify.stderr	0	0	output/scratch-14/witnesses/0093_R.json	1	output/scratch-14/witnesses/0093_G.json	0	output/scratch-14/witnesses/0093_requirement.json
0	988	638	288	0	0	0	0	0	0	0	-1	-1	94	evidence-gap:other_mechanism	output/scratch-14/classify.stderr	0	0	output/scratch-14/witnesses/0094_R.json	1	output/scratch-14/witnesses/0094_G.json	0	output/scratch-14/witnesses/0094_requirement.json
0	989	638	288	0	0	0	0	0	0	0	-1	-1	95	evidence-gap:other_mechanism	output/scratch-14/classify.stderr	0	0	output/scratch-14/witnesses/0095_R.json	1	output/scratch-14/witnesses/0095_G.json	0	output/scratch-14/witnesses/0095_requirement.json
0	991	638	288	0	0	0	0	0	0	0	-1	-1	96	evidence-gap:other_mechanism	output/scratch-14/classify.stderr	0	0	output/scratch-14/witnesses/0096_R.json	1	output/scratch-14/witnesses/0096_G.json	0	output/scratch-14/witnesses/0096_requirement.json
0	992	638	288	0	0	0	0	0	0	0	-1	-1	97	evidence-gap:other_mechanism	output/scratch-14/classify.stderr	0	0	output/scratch-14/witnesses/0097_R.json	1	output/scratch-14/witnesses/0097_G.json	0	output/scratch-14/witnesses/0097_requirement.json
0	993	638	288	0	0	0	0	0	0	0	-1	-1	98	evidence-gap:other_mechanism	output/scratch-14/classify.stderr	0	0	output/scratch-14/witnesses/0098_R.json	1	output/scratch-14/witnesses/0098_G.json	0	output/scratch-14/witnesses/0098_requirement.json
0	995	638	288	0	0	0	0	0	0	0	-1	-1	99	evidence-gap:other_mechanism	output/scratch-14/classify.stderr	0	0	output/scratch-14/witnesses/0099_R.json	1	output/scratch-14/witnesses/0099_G.json	0	output/scratch-14/witnesses/0099_requirement.json
0	996	638	288	0	0	0	0	0	0	0	-1	-1	100	evidence-gap:other_mechanism	output/scratch-14/classify.stderr	0	0	output/scratch-14/witnesses/0100_R.json	1	output/scratch-14/witnesses/0100_G.json	0	output/scratch-14/witnesses/0100_requirement.json
0	997	638	288	0	0	0	0	0	0	0	-1	-1	101	evidence-gap:other_mechanism	output/scratch-14/classify.stderr	0	0	output/scratch-14/witnesses/0101_R.json	1	output/scratch-14/witnesses/0101_G.json	0	output/scratch-14/witnesses/0101_requirement.json
0	998	638	288	0	0	0	0	0	0	0	-1	-1	102	evidence-gap:other_mechanism	output/scratch-14/classify.stderr	0	0	output/scratch-14/witnesses/0102_R.json	1	output/scratch-14/witnesses/0102_G.json	0	output/scratch-14/witnesses/0102_requirement.json
0	1000	638	288	0	0	0	0	0	0	0	-1	-1	103	evidence-gap:other_mechanism	output/scratch-14/classify.stderr	0	0	output/scratch-14/witnesses/0103_R.json	1	output/scratch-14/witnesses/0103_G.json	0	output/scratch-14/witnesses/0103_requirement.json
0	1001	638	288	0	0	0	0	0	0	0	-1	-1	104	evidence-gap:other_mechanism	output/scratch-14/classify.stderr	0	0	output/scratch-14/witnesses/0104_R.json	1	output/scratch-14/witnesses/0104_G.json	0	output/scratch-14/witnesses/0104_requirement.json
0	1003	638	288	0	0	0	0	0	0	0	-1	-1	105	evidence-gap:other_mechanism	output/scratch-14/classify.stderr	0	0	output/scratch-14/witnesses/0105_R.json	1	output/scratch-14/witnesses/0105_G.json	0	output/scratch-14/witnesses/0105_requirement.json
0	1004	638	288	0	0	0	0	0	0	0	-1	-1	106	evidence-gap:other_mechanism	output/scratch-14/classify.stderr	0	0	output/scratch-14/witnesses/0106_R.json	1	output/scratch-14/witnesses/0106_G.json	0	output/scratch-14/witnesses/0106_requirement.json
0	1006	638	288	0	0	0	0	0	0	0	-1	-1	107	evidence-gap:other_mechanism	output/scratch-14/classify.stderr	0	0	output/scratch-14/witnesses/0107_R.json	1	output/scratch-14/witnesses/0107_G.json	0	output/scratch-14/witnesses/0107_requirement.json
0	1007	638	288	0	0	0	0	0	0	0	-1	-1	108	evidence-gap:other_mechanism	output/scratch-14/classify.stderr	0	0	output/scratch-14/witnesses/0108_R.json	1	output/scratch-14/witnesses/0108_G.json	0	output/scratch-14/witnesses/0108_requirement.json
0	1008	638	288	0	0	0	0	0	0	0	-1	-1	109	evidence-gap:other_mechanism	output/scratch-14/classify.stderr	0	0	output/scratch-14/witnesses/0109_R.json	1	output/scratch-14/witnesses/0109_G.json	0	output/scratch-14/witnesses/0109_requirement.json
0	1009	638	288	0	0	0	0	0	0	0	-1	-1	110	evidence-gap:other_mechanism	output/scratch-14/classify.stderr	0	0	output/scratch-14/witnesses/0110_R.json	1	output/scratch-14/witnesses/0110_G.json	0	output/scratch-14/witnesses/0110_requirement.json
0	1011	638	288	0	0	0	0	0	0	0	-1	-1	111	evidence-gap:other_mechanism	output/scratch-14/classify.stderr	0	0	output/scratch-14/witnesses/0111_R.json	1	output/scratch-14/witnesses/0111_G.json	0	output/scratch-14/witnesses/0111_requirement.json
0	1012	638	288	0	0	0	0	0	0	0	-1	-1	112	evidence-gap:other_mechanism	output/scratch-14/classify.stderr	0	0	output/scratch-14/witnesses/0112_R.json	1	output/scratch-14/witnesses/0112_G.json	0	output/scratch-14/witnesses/0112_requirement.json
0	1013	638	288	0	0	0	0	0	0	0	-1	-1	113	evidence-gap:other_mechanism	output/scratch-14/classify.stderr	0	0	output/scratch-14/witnesses/0113_R.json	1	output/scratch-14/witnesses/0113_G.json	0	output/scratch-14/witnesses/0113_requirement.json
0	1015	638	288	0	0	0	0	0	0	0	-1	-1	114	evidence-gap:other_mechanism	output/scratch-14/classify.stderr	0	0	output/scratch-14/witnesses/0114_R.json	1	output/scratch-14/witnesses/0114_G.json	0	output/scratch-14/witnesses/0114_requirement.json
0	1016	638	288	0	0	0	0	0	0	0	-1	-1	115	evidence-gap:other_mechanism	output/scratch-14/classify.stderr	0	0	output/scratch-14/witnesses/0115_R.json	1	output/scratch-14/witnesses/0115_G.json	0	output/scratch-14/witnesses/0115_requirement.json
0	1018	638	288	0	0	0	0	0	0	0	-1	-1	116	evidence-gap:other_mechanism	output/scratch-14/classify.stderr	0	0	output/scratch-14/witnesses/0116_R.json	1	output/scratch-14/witnesses/0116_G.json	0	output/scratch-14/witnesses/0116_requirement.json
0	1019	638	288	0	0	0	0	0	0	0	-1	-1	117	evidence-gap:other_mechanism	output/scratch-14/classify.stderr	0	0	output/scratch-14/witnesses/0117_R.json	1	output/scratch-14/witnesses/0117_G.json	0	output/scratch-14/witnesses/0117_requirement.json
0	1021	638	288	0	0	0	0	0	0	0	-1	-1	118	evidence-gap:other_mechanism	output/scratch-14/classify.stderr	0	0	output/scratch-14/witnesses/0118_R.json	1	output/scratch-14/witnesses/0118_G.json	0	output/scratch-14/witnesses/0118_requirement.json
0	851	639	288	0	0	0	0	0	0	0	-1	-1	119	evidence-gap:other_mechanism	output/scratch-14/classify.stderr	0	0	output/scratch-14/witnesses/0119_R.json	1	output/scratch-14/witnesses/0119_G.json	0	output/scratch-14/witnesses/0119_requirement.json
0	980	639	288	0	0	0	0	0	0	0	-1	-1	120	evidence-gap:other_mechanism	output/scratch-14/classify.stderr	0	0	output/scratch-14/witnesses/0120_R.json	1	output/scratch-14/witnesses/0120_G.json	0	output/scratch-14/witnesses/0120_requirement.json
0	1793	647	578	0	0	0	0	0	0	0	-1	-1	121	evidence-gap:other_mechanism	output/scratch-14/classify.stderr	0	0	output/scratch-14/witnesses/0121_R.json	0	output/scratch-14/witnesses/0121_G.json	0	output/scratch-14/witnesses/0121_requirement.json
0	1608	672	288	0	0	0	0	0	0	0	-1	-1	122	evidence-gap:other_mechanism	output/scratch-14/classify.stderr	0	0	output/scratch-14/witnesses/0122_R.json	0	output/scratch-14/witnesses/0122_G.json	0	output/scratch-14/witnesses/0122_requirement.json
0	1703	685	288	0	0	0	0	0	0	0	-1	-1	123	evidence-gap:other_mechanism	output/scratch-14/classify.stderr	0	0	output/scratch-14/witnesses/0123_R.json	0	output/scratch-14/witnesses/0123_G.json	0	output/scratch-14/witnesses/0123_requirement.json
0	1694	687	288	0	0	0	0	0	0	0	-1	-1	124	evidence-gap:other_mechanism	output/scratch-14/classify.stderr	0	0	output/scratch-14/witnesses/0124_R.json	0	output/scratch-14/witnesses/0124_G.json	0	output/scratch-14/witnesses/0124_requirement.json
0	1546	690	288	0	0	0	0	0	0	0	-1	-1	125	evidence-gap:other_mechanism	output/scratch-14/classify.stderr	0	0	output/scratch-14/witnesses/0125_R.json	0	output/scratch-14/witnesses/0125_G.json	0	output/scratch-14/witnesses/0125_requirement.json
0	1716	690	291	0	0	0	0	0	0	0	-1	-1	126	evidence-gap:other_mechanism	output/scratch-14/classify.stderr	0	0	output/scratch-14/witnesses/0126_R.json	0	output/scratch-14/witnesses/0126_G.json	0	output/scratch-14/witnesses/0126_requirement.json
0	1690	693	291	0	0	0	0	0	0	0	-1	-1	127	evidence-gap:other_mechanism	output/scratch-14/classify.stderr	0	0	output/scratch-14/witnesses/0127_R.json	0	output/scratch-14/witnesses/0127_G.json	0	output/scratch-14/witnesses/0127_requirement.json
0	855	695	288	0	0	0	0	0	0	0	-1	-1	128	evidence-gap:other_mechanism	output/scratch-14/classify.stderr	0	0	output/scratch-14/witnesses/0128_R.json	1	output/scratch-14/witnesses/0128_G.json	0	output/scratch-14/witnesses/0128_requirement.json
0	856	695	288	0	0	0	0	0	0	0	-1	-1	129	evidence-gap:other_mechanism	output/scratch-14/classify.stderr	0	0	output/scratch-14/witnesses/0129_R.json	1	output/scratch-14/witnesses/0129_G.json	0	output/scratch-14/witnesses/0129_requirement.json
0	857	695	288	0	0	0	0	0	0	0	-1	-1	130	evidence-gap:other_mechanism	output/scratch-14/classify.stderr	0	0	output/scratch-14/witnesses/0130_R.json	1	output/scratch-14/witnesses/0130_G.json	0	output/scratch-14/witnesses/0130_requirement.json
0	858	695	288	0	0	0	0	0	0	0	-1	-1	131	evidence-gap:other_mechanism	output/scratch-14/classify.stderr	0	0	output/scratch-14/witnesses/0131_R.json	1	output/scratch-14/witnesses/0131_G.json	0	output/scratch-14/witnesses/0131_requirement.json
0	859	695	288	0	0	0	0	0	0	0	-1	-1	132	evidence-gap:other_mechanism	output/scratch-14/classify.stderr	0	0	output/scratch-14/witnesses/0132_R.json	1	output/scratch-14/witnesses/0132_G.json	0	output/scratch-14/witnesses/0132_requirement.json
0	860	695	288	0	0	0	0	0	0	0	-1	-1	133	evidence-gap:other_mechanism	output/scratch-14/classify.stderr	0	0	output/scratch-14/witnesses/0133_R.json	1	output/scratch-14/witnesses/0133_G.json	0	output/scratch-14/witnesses/0133_requirement.json
0	862	695	288	0	0	0	0	0	0	0	-1	-1	134	evidence-gap:other_mechanism	output/scratch-14/classify.stderr	0	0	output/scratch-14/witnesses/0134_R.json	1	output/scratch-14/witnesses/0134_G.json	0	output/scratch-14/witnesses/0134_requirement.json
0	863	695	288	0	0	0	0	0	0	0	-1	-1	135	evidence-gap:other_mechanism	output/scratch-14/classify.stderr	0	0	output/scratch-14/witnesses/0135_R.json	1	output/scratch-14/witnesses/0135_G.json	0	output/scratch-14/witnesses/0135_requirement.json
0	865	695	288	0	0	0	0	0	0	0	-1	-1	136	evidence-gap:other_mechanism	output/scratch-14/classify.stderr	0	0	output/scratch-14/witnesses/0136_R.json	1	output/scratch-14/witnesses/0136_G.json	0	output/scratch-14/witnesses/0136_requirement.json
0	867	695	288	0	0	0	0	0	0	0	-1	-1	137	evidence-gap:other_mechanism	output/scratch-14/classify.stderr	0	0	output/scratch-14/witnesses/0137_R.json	1	output/scratch-14/witnesses/0137_G.json	0	output/scratch-14/witnesses/0137_requirement.json
0	1695	699	288	0	0	0	0	0	0	0	-1	-1	138	evidence-gap:other_mechanism	output/scratch-14/classify.stderr	0	1	output/scratch-14/witnesses/0138_R.json	0	output/scratch-14/witnesses/0138_G.json	0	output/scratch-14/witnesses/0138_requirement.json
0	1783	701	288	0	0	0	0	0	0	0	-1	-1	139	evidence-gap:other_mechanism	output/scratch-14/classify.stderr	0	0	output/scratch-14/witnesses/0139_R.json	0	output/scratch-14/witnesses/0139_G.json	0	output/scratch-14/witnesses/0139_requirement.json
0	694	710	288	0	0	0	0	0	0	0	-1	-1	140	evidence-gap:other_mechanism	output/scratch-14/classify.stderr	0	0	output/scratch-14/witnesses/0140_R.json	1	output/scratch-14/witnesses/0140_G.json	0	output/scratch-14/witnesses/0140_requirement.json
0	695	710	288	0	0	0	0	0	0	0	-1	-1	141	evidence-gap:other_mechanism	output/scratch-14/classify.stderr	0	0	output/scratch-14/witnesses/0141_R.json	1	output/scratch-14/witnesses/0141_G.json	0	output/scratch-14/witnesses/0141_requirement.json
0	696	710	288	0	0	0	0	0	0	0	-1	-1	142	evidence-gap:other_mechanism	output/scratch-14/classify.stderr	0	0	output/scratch-14/witnesses/0142_R.json	1	output/scratch-14/witnesses/0142_G.json	0	output/scratch-14/witnesses/0142_requirement.json
0	697	710	288	0	0	0	0	0	0	0	-1	-1	143	evidence-gap:other_mechanism	output/scratch-14/classify.stderr	0	0	output/scratch-14/witnesses/0143_R.json	1	output/scratch-14/witnesses/0143_G.json	0	output/scratch-14/witnesses/0143_requirement.json
0	699	710	288	0	0	0	0	0	0	0	-1	-1	144	evidence-gap:other_mechanism	output/scratch-14/classify.stderr	0	0	output/scratch-14/witnesses/0144_R.json	1	output/scratch-14/witnesses/0144_G.json	0	output/scratch-14/witnesses/0144_requirement.json
0	700	710	288	0	0	0	0	0	0	0	-1	-1	145	evidence-gap:other_mechanism	output/scratch-14/classify.stderr	0	0	output/scratch-14/witnesses/0145_R.json	1	output/scratch-14/witnesses/0145_G.json	0	output/scratch-14/witnesses/0145_requirement.json
0	702	710	288	0	0	0	0	0	0	0	-1	-1	146	evidence-gap:other_mechanism	output/scratch-14/classify.stderr	0	0	output/scratch-14/witnesses/0146_R.json	1	output/scratch-14/witnesses/0146_G.json	0	output/scratch-14/witnesses/0146_requirement.json
0	703	710	288	0	0	0	0	0	0	0	-1	-1	147	evidence-gap:other_mechanism	output/scratch-14/classify.stderr	0	0	output/scratch-14/witnesses/0147_R.json	1	output/scratch-14/witnesses/0147_G.json	0	output/scratch-14/witnesses/0147_requirement.json
0	705	710	288	0	0	0	0	0	0	0	-1	-1	148	evidence-gap:other_mechanism	output/scratch-14/classify.stderr	0	0	output/scratch-14/witnesses/0148_R.json	1	output/scratch-14/witnesses/0148_G.json	0	output/scratch-14/witnesses/0148_requirement.json
0	706	710	288	0	0	0	0	0	0	0	-1	-1	149	evidence-gap:other_mechanism	output/scratch-14/classify.stderr	0	0	output/scratch-14/witnesses/0149_R.json	1	output/scratch-14/witnesses/0149_G.json	0	output/scratch-14/witnesses/0149_requirement.json
0	707	710	288	0	0	0	0	0	0	0	-1	-1	150	evidence-gap:other_mechanism	output/scratch-14/classify.stderr	0	0	output/scratch-14/witnesses/0150_R.json	1	output/scratch-14/witnesses/0150_G.json	0	output/scratch-14/witnesses/0150_requirement.json
0	708	710	288	0	0	0	0	0	0	0	-1	-1	151	evidence-gap:other_mechanism	output/scratch-14/classify.stderr	0	0	output/scratch-14/witnesses/0151_R.json	1	output/scratch-14/witnesses/0151_G.json	0	output/scratch-14/witnesses/0151_requirement.json
0	710	710	288	0	0	0	0	0	0	0	-1	-1	152	evidence-gap:other_mechanism	output/scratch-14/classify.stderr	0	0	output/scratch-14/witnesses/0152_R.json	1	output/scratch-14/witnesses/0152_G.json	0	output/scratch-14/witnesses/0152_requirement.json
0	711	710	288	0	0	0	0	0	0	0	-1	-1	153	evidence-gap:other_mechanism	output/scratch-14/classify.stderr	0	0	output/scratch-14/witnesses/0153_R.json	1	output/scratch-14/witnesses/0153_G.json	0	output/scratch-14/witnesses/0153_requirement.json
0	712	710	288	0	0	0	0	0	0	0	-1	-1	154	evidence-gap:other_mechanism	output/scratch-14/classify.stderr	0	0	output/scratch-14/witnesses/0154_R.json	1	output/scratch-14/witnesses/0154_G.json	0	output/scratch-14/witnesses/0154_requirement.json
0	714	710	288	0	0	0	0	0	0	0	-1	-1	155	evidence-gap:other_mechanism	output/scratch-14/classify.stderr	0	0	output/scratch-14/witnesses/0155_R.json	1	output/scratch-14/witnesses/0155_G.json	0	output/scratch-14/witnesses/0155_requirement.json
0	715	710	288	0	0	0	0	0	0	0	-1	-1	156	evidence-gap:other_mechanism	output/scratch-14/classify.stderr	0	0	output/scratch-14/witnesses/0156_R.json	1	output/scratch-14/witnesses/0156_G.json	0	output/scratch-14/witnesses/0156_requirement.json
0	717	710	288	0	0	0	0	0	0	0	-1	-1	157	evidence-gap:other_mechanism	output/scratch-14/classify.stderr	0	0	output/scratch-14/witnesses/0157_R.json	1	output/scratch-14/witnesses/0157_G.json	0	output/scratch-14/witnesses/0157_requirement.json
0	718	710	288	0	0	0	0	0	0	0	-1	-1	158	evidence-gap:other_mechanism	output/scratch-14/classify.stderr	0	0	output/scratch-14/witnesses/0158_R.json	1	output/scratch-14/witnesses/0158_G.json	0	output/scratch-14/witnesses/0158_requirement.json
0	719	710	288	0	0	0	0	0	0	0	-1	-1	159	evidence-gap:other_mechanism	output/scratch-14/classify.stderr	0	0	output/scratch-14/witnesses/0159_R.json	1	output/scratch-14/witnesses/0159_G.json	0	output/scratch-14/witnesses/0159_requirement.json
0	721	710	288	0	0	0	0	0	0	0	-1	-1	160	evidence-gap:other_mechanism	output/scratch-14/classify.stderr	0	0	output/scratch-14/witnesses/0160_R.json	1	output/scratch-14/witnesses/0160_G.json	0	output/scratch-14/witnesses/0160_requirement.json
0	722	710	288	0	0	0	0	0	0	0	-1	-1	161	evidence-gap:other_mechanism	output/scratch-14/classify.stderr	0	0	output/scratch-14/witnesses/0161_R.json	1	output/scratch-14/witnesses/0161_G.json	0	output/scratch-14/witnesses/0161_requirement.json
0	723	710	288	0	0	0	0	0	0	0	-1	-1	162	evidence-gap:other_mechanism	output/scratch-14/classify.stderr	0	0	output/scratch-14/witnesses/0162_R.json	1	output/scratch-14/witnesses/0162_G.json	0	output/scratch-14/witnesses/0162_requirement.json
0	724	710	288	0	0	0	0	0	0	0	-1	-1	163	evidence-gap:other_mechanism	output/scratch-14/classify.stderr	0	0	output/scratch-14/witnesses/0163_R.json	1	output/scratch-14/witnesses/0163_G.json	0	output/scratch-14/witnesses/0163_requirement.json
0	726	710	288	0	0	0	0	0	0	0	-1	-1	164	evidence-gap:other_mechanism	output/scratch-14/classify.stderr	0	0	output/scratch-14/witnesses/0164_R.json	1	output/scratch-14/witnesses/0164_G.json	0	output/scratch-14/witnesses/0164_requirement.json
0	727	710	288	0	0	0	0	0	0	0	-1	-1	165	evidence-gap:other_mechanism	output/scratch-14/classify.stderr	0	0	output/scratch-14/witnesses/0165_R.json	1	output/scratch-14/witnesses/0165_G.json	0	output/scratch-14/witnesses/0165_requirement.json
0	729	710	288	0	0	0	0	0	0	0	-1	-1	166	evidence-gap:other_mechanism	output/scratch-14/classify.stderr	0	0	output/scratch-14/witnesses/0166_R.json	1	output/scratch-14/witnesses/0166_G.json	0	output/scratch-14/witnesses/0166_requirement.json
0	730	710	288	0	0	0	0	0	0	0	-1	-1	167	evidence-gap:other_mechanism	output/scratch-14/classify.stderr	0	0	output/scratch-14/witnesses/0167_R.json	1	output/scratch-14/witnesses/0167_G.json	0	output/scratch-14/witnesses/0167_requirement.json
0	732	710	288	0	0	0	0	0	0	0	-1	-1	168	evidence-gap:other_mechanism	output/scratch-14/classify.stderr	0	0	output/scratch-14/witnesses/0168_R.json	1	output/scratch-14/witnesses/0168_G.json	0	output/scratch-14/witnesses/0168_requirement.json
0	733	710	288	0	0	0	0	0	0	0	-1	-1	169	evidence-gap:other_mechanism	output/scratch-14/classify.stderr	0	0	output/scratch-14/witnesses/0169_R.json	1	output/scratch-14/witnesses/0169_G.json	0	output/scratch-14/witnesses/0169_requirement.json
0	734	710	288	0	0	0	0	0	0	0	-1	-1	170	evidence-gap:other_mechanism	output/scratch-14/classify.stderr	0	0	output/scratch-14/witnesses/0170_R.json	1	output/scratch-14/witnesses/0170_G.json	0	output/scratch-14/witnesses/0170_requirement.json
0	736	710	288	0	0	0	0	0	0	0	-1	-1	171	evidence-gap:other_mechanism	output/scratch-14/classify.stderr	0	0	output/scratch-14/witnesses/0171_R.json	1	output/scratch-14/witnesses/0171_G.json	0	output/scratch-14/witnesses/0171_requirement.json
0	737	710	288	0	0	0	0	0	0	0	-1	-1	172	evidence-gap:other_mechanism	output/scratch-14/classify.stderr	0	0	output/scratch-14/witnesses/0172_R.json	1	output/scratch-14/witnesses/0172_G.json	0	output/scratch-14/witnesses/0172_requirement.json
0	1581	716	288	0	0	0	0	0	0	0	-1	-1	173	evidence-gap:other_mechanism	output/scratch-14/classify.stderr	0	0	output/scratch-14/witnesses/0173_R.json	0	output/scratch-14/witnesses/0173_G.json	0	output/scratch-14/witnesses/0173_requirement.json
0	1749	716	288	0	0	0	0	0	0	0	-1	-1	174	evidence-gap:other_mechanism	output/scratch-14/classify.stderr	0	0	output/scratch-14/witnesses/0174_R.json	0	output/scratch-14/witnesses/0174_G.json	0	output/scratch-14/witnesses/0174_requirement.json
0	1806	731	291	0	0	0	0	0	0	0	-1	-1	175	evidence-gap:other_mechanism	output/scratch-14/classify.stderr	0	0	output/scratch-14/witnesses/0175_R.json	0	output/scratch-14/witnesses/0175_G.json	0	output/scratch-14/witnesses/0175_requirement.json
0	1066	733	288	0	0	0	0	0	0	0	-1	-1	176	evidence-gap:other_mechanism	output/scratch-14/classify.stderr	0	0	output/scratch-14/witnesses/0176_R.json	1	output/scratch-14/witnesses/0176_G.json	0	output/scratch-14/witnesses/0176_requirement.json
0	1068	733	288	0	0	0	0	0	0	0	-1	-1	177	evidence-gap:other_mechanism	output/scratch-14/classify.stderr	0	0	output/scratch-14/witnesses/0177_R.json	1	output/scratch-14/witnesses/0177_G.json	0	output/scratch-14/witnesses/0177_requirement.json
0	1069	733	288	0	0	0	0	0	0	0	-1	-1	178	evidence-gap:other_mechanism	output/scratch-14/classify.stderr	0	0	output/scratch-14/witnesses/0178_R.json	1	output/scratch-14/witnesses/0178_G.json	0	output/scratch-14/witnesses/0178_requirement.json
0	1070	733	288	0	0	0	0	0	0	0	-1	-1	179	evidence-gap:other_mechanism	output/scratch-14/classify.stderr	0	0	output/scratch-14/witnesses/0179_R.json	1	output/scratch-14/witnesses/0179_G.json	0	output/scratch-14/witnesses/0179_requirement.json
0	1072	733	288	0	0	0	0	0	0	0	-1	-1	180	evidence-gap:other_mechanism	output/scratch-14/classify.stderr	0	0	output/scratch-14/witnesses/0180_R.json	1	output/scratch-14/witnesses/0180_G.json	0	output/scratch-14/witnesses/0180_requirement.json
0	1073	733	288	0	0	0	0	0	0	0	-1	-1	181	evidence-gap:other_mechanism	output/scratch-14/classify.stderr	0	0	output/scratch-14/witnesses/0181_R.json	1	output/scratch-14/witnesses/0181_G.json	0	output/scratch-14/witnesses/0181_requirement.json
0	1075	733	288	0	0	0	0	0	0	0	-1	-1	182	evidence-gap:other_mechanism	output/scratch-14/classify.stderr	0	0	output/scratch-14/witnesses/0182_R.json	1	output/scratch-14/witnesses/0182_G.json	0	output/scratch-14/witnesses/0182_requirement.json
0	1076	733	288	0	0	0	0	0	0	0	-1	-1	183	evidence-gap:other_mechanism	output/scratch-14/classify.stderr	0	0	output/scratch-14/witnesses/0183_R.json	1	output/scratch-14/witnesses/0183_G.json	0	output/scratch-14/witnesses/0183_requirement.json
0	1077	733	288	0	0	0	0	0	0	0	-1	-1	184	evidence-gap:other_mechanism	output/scratch-14/classify.stderr	0	0	output/scratch-14/witnesses/0184_R.json	1	output/scratch-14/witnesses/0184_G.json	0	output/scratch-14/witnesses/0184_requirement.json
0	1078	733	288	0	0	0	0	0	0	0	-1	-1	185	evidence-gap:other_mechanism	output/scratch-14/classify.stderr	0	0	output/scratch-14/witnesses/0185_R.json	1	output/scratch-14/witnesses/0185_G.json	0	output/scratch-14/witnesses/0185_requirement.json
0	1066	734	288	0	0	0	0	0	0	0	-1	-1	186	evidence-gap:other_mechanism	output/scratch-14/classify.stderr	0	0	output/scratch-14/witnesses/0186_R.json	1	output/scratch-14/witnesses/0186_G.json	0	output/scratch-14/witnesses/0186_requirement.json
0	1852	746	288	0	0	0	0	0	0	0	-1	-1	187	evidence-gap:other_mechanism	output/scratch-14/classify.stderr	1	0	output/scratch-14/witnesses/0187_R.json	0	output/scratch-14/witnesses/0187_G.json	0	output/scratch-14/witnesses/0187_requirement.json
0	766	760	288	0	0	0	0	0	0	0	-1	-1	188	evidence-gap:other_mechanism	output/scratch-14/classify.stderr	0	0	output/scratch-14/witnesses/0188_R.json	1	output/scratch-14/witnesses/0188_G.json	0	output/scratch-14/witnesses/0188_requirement.json
0	768	760	288	0	0	0	0	0	0	0	-1	-1	189	evidence-gap:other_mechanism	output/scratch-14/classify.stderr	0	0	output/scratch-14/witnesses/0189_R.json	1	output/scratch-14/witnesses/0189_G.json	0	output/scratch-14/witnesses/0189_requirement.json
0	770	760	288	0	0	0	0	0	0	0	-1	-1	190	evidence-gap:other_mechanism	output/scratch-14/classify.stderr	0	0	output/scratch-14/witnesses/0190_R.json	1	output/scratch-14/witnesses/0190_G.json	0	output/scratch-14/witnesses/0190_requirement.json
0	771	760	288	0	0	0	0	0	0	0	-1	-1	191	evidence-gap:other_mechanism	output/scratch-14/classify.stderr	0	0	output/scratch-14/witnesses/0191_R.json	1	output/scratch-14/witnesses/0191_G.json	0	output/scratch-14/witnesses/0191_requirement.json
0	772	760	288	0	0	0	0	0	0	0	-1	-1	192	evidence-gap:other_mechanism	output/scratch-14/classify.stderr	0	0	output/scratch-14/witnesses/0192_R.json	1	output/scratch-14/witnesses/0192_G.json	0	output/scratch-14/witnesses/0192_requirement.json
0	773	760	288	0	0	0	0	0	0	0	-1	-1	193	evidence-gap:other_mechanism	output/scratch-14/classify.stderr	0	0	output/scratch-14/witnesses/0193_R.json	1	output/scratch-14/witnesses/0193_G.json	0	output/scratch-14/witnesses/0193_requirement.json
0	774	760	288	0	0	0	0	0	0	0	-1	-1	194	evidence-gap:other_mechanism	output/scratch-14/classify.stderr	0	0	output/scratch-14/witnesses/0194_R.json	1	output/scratch-14/witnesses/0194_G.json	0	output/scratch-14/witnesses/0194_requirement.json
0	775	760	288	0	0	0	0	0	0	0	-1	-1	195	evidence-gap:other_mechanism	output/scratch-14/classify.stderr	0	0	output/scratch-14/witnesses/0195_R.json	1	output/scratch-14/witnesses/0195_G.json	0	output/scratch-14/witnesses/0195_requirement.json
0	776	760	288	0	0	0	0	0	0	0	-1	-1	196	evidence-gap:other_mechanism	output/scratch-14/classify.stderr	0	0	output/scratch-14/witnesses/0196_R.json	1	output/scratch-14/witnesses/0196_G.json	0	output/scratch-14/witnesses/0196_requirement.json
0	778	760	288	0	0	0	0	0	0	0	-1	-1	197	evidence-gap:other_mechanism	output/scratch-14/classify.stderr	0	0	output/scratch-14/witnesses/0197_R.json	1	output/scratch-14/witnesses/0197_G.json	0	output/scratch-14/witnesses/0197_requirement.json
0	783	760	288	0	0	0	0	0	0	0	-1	-1	198	evidence-gap:other_mechanism	output/scratch-14/classify.stderr	0	0	output/scratch-14/witnesses/0198_R.json	0	output/scratch-14/witnesses/0198_G.json	0	output/scratch-14/witnesses/0198_requirement.json
0	1414	764	288	0	0	0	0	0	0	0	-1	-1	199	evidence-gap:other_mechanism	output/scratch-14/classify.stderr	0	0	output/scratch-14/witnesses/0199_R.json	0	output/scratch-14/witnesses/0199_G.json	0	output/scratch-14/witnesses/0199_requirement.json
0	1454	766	288	0	0	0	0	0	0	0	-1	-1	200	evidence-gap:other_mechanism	output/scratch-14/classify.stderr	1	0	output/scratch-14/witnesses/0200_R.json	0	output/scratch-14/witnesses/0200_G.json	0	output/scratch-14/witnesses/0200_requirement.json
0	1454	767	288	0	0	0	0	0	0	0	-1	-1	201	evidence-gap:other_mechanism	output/scratch-14/classify.stderr	1	0	output/scratch-14/witnesses/0201_R.json	0	output/scratch-14/witnesses/0201_G.json	0	output/scratch-14/witnesses/0201_requirement.json
0	1639	767	288	0	0	0	0	0	0	0	-1	-1	202	evidence-gap:other_mechanism	output/scratch-14/classify.stderr	0	0	output/scratch-14/witnesses/0202_R.json	0	output/scratch-14/witnesses/0202_G.json	0	output/scratch-14/witnesses/0202_requirement.json
0	1829	770	288	0	0	0	0	0	0	0	-1	-1	203	evidence-gap:other_mechanism	output/scratch-14/classify.stderr	0	0	output/scratch-14/witnesses/0203_R.json	0	output/scratch-14/witnesses/0203_G.json	0	output/scratch-14/witnesses/0203_requirement.json
0	1720	774	288	0	0	0	0	0	0	0	-1	-1	204	evidence-gap:other_mechanism	output/scratch-14/classify.stderr	0	0	output/scratch-14/witnesses/0204_R.json	0	output/scratch-14/witnesses/0204_G.json	0	output/scratch-14/witnesses/0204_requirement.json
0	962	780	291	0	0	0	0	0	0	0	-1	-1	205	evidence-gap:other_mechanism	output/scratch-14/classify.stderr	0	1	output/scratch-14/witnesses/0205_R.json	0	output/scratch-14/witnesses/0205_G.json	0	output/scratch-14/witnesses/0205_requirement.json
0	1063	784	288	0	0	0	0	0	0	0	-1	-1	206	evidence-gap:other_mechanism	output/scratch-14/classify.stderr	0	0	output/scratch-14/witnesses/0206_R.json	0	output/scratch-14/witnesses/0206_G.json	0	output/scratch-14/witnesses/0206_requirement.json
0	1608	786	288	0	0	0	0	0	0	0	-1	-1	207	evidence-gap:other_mechanism	output/scratch-14/classify.stderr	0	0	output/scratch-14/witnesses/0207_R.json	0	output/scratch-14/witnesses/0207_G.json	0	output/scratch-14/witnesses/0207_requirement.json
0	1063	789	288	0	0	0	0	0	0	0	-1	-1	208	evidence-gap:other_mechanism	output/scratch-14/classify.stderr	0	0	output/scratch-14/witnesses/0208_R.json	0	output/scratch-14/witnesses/0208_G.json	0	output/scratch-14/witnesses/0208_requirement.json
0	1570	789	288	0	0	0	0	0	0	0	-1	-1	209	evidence-gap:other_mechanism	output/scratch-14/classify.stderr	0	0	output/scratch-14/witnesses/0209_R.json	0	output/scratch-14/witnesses/0209_G.json	0	output/scratch-14/witnesses/0209_requirement.json
0	694	790	288	0	0	0	0	0	0	0	-1	-1	210	evidence-gap:other_mechanism	output/scratch-14/classify.stderr	0	0	output/scratch-14/witnesses/0210_R.json	1	output/scratch-14/witnesses/0210_G.json	0	output/scratch-14/witnesses/0210_requirement.json
0	1075	790	288	0	0	0	0	0	0	0	-1	-1	211	evidence-gap:other_mechanism	output/scratch-14/classify.stderr	0	1	output/scratch-14/witnesses/0211_R.json	0	output/scratch-14/witnesses/0211_G.json	0	output/scratch-14/witnesses/0211_requirement.json
0	1723	792	288	0	0	0	0	0	0	0	-1	-1	212	evidence-gap:other_mechanism	output/scratch-14/classify.stderr	0	0	output/scratch-14/witnesses/0212_R.json	0	output/scratch-14/witnesses/0212_G.json	0	output/scratch-14/witnesses/0212_requirement.json
0	1780	792	288	0	0	0	0	0	0	0	-1	-1	213	evidence-gap:other_mechanism	output/scratch-14/classify.stderr	0	0	output/scratch-14/witnesses/0213_R.json	0	output/scratch-14/witnesses/0213_G.json	0	output/scratch-14/witnesses/0213_requirement.json
0	1063	794	288	0	0	0	0	0	0	0	-1	-1	214	evidence-gap:other_mechanism	output/scratch-14/classify.stderr	0	0	output/scratch-14/witnesses/0214_R.json	0	output/scratch-14/witnesses/0214_G.json	0	output/scratch-14/witnesses/0214_requirement.json
0	1075	796	288	0	0	0	0	0	0	0	-1	-1	215	evidence-gap:other_mechanism	output/scratch-14/classify.stderr	1	0	output/scratch-14/witnesses/0215_R.json	0	output/scratch-14/witnesses/0215_G.json	0	output/scratch-14/witnesses/0215_requirement.json
0	1469	800	288	0	0	0	0	0	0	0	-1	-1	216	evidence-gap:other_mechanism	output/scratch-14/classify.stderr	0	0	output/scratch-14/witnesses/0216_R.json	0	output/scratch-14/witnesses/0216_G.json	0	output/scratch-14/witnesses/0216_requirement.json
0	1705	820	288	0	0	0	0	0	0	0	-1	-1	217	evidence-gap:other_mechanism	output/scratch-14/classify.stderr	0	0	output/scratch-14/witnesses/0217_R.json	0	output/scratch-14/witnesses/0217_G.json	0	output/scratch-14/witnesses/0217_requirement.json
0	1531	822	288	0	0	0	0	0	0	0	-1	-1	218	evidence-gap:other_mechanism	output/scratch-14/classify.stderr	0	0	output/scratch-14/witnesses/0218_R.json	0	output/scratch-14/witnesses/0218_G.json	0	output/scratch-14/witnesses/0218_requirement.json
0	960	832	288	0	0	0	0	0	0	0	-1	-1	219	evidence-gap:other_mechanism	output/scratch-14/classify.stderr	0	0	output/scratch-14/witnesses/0219_R.json	0	output/scratch-14/witnesses/0219_G.json	0	output/scratch-14/witnesses/0219_requirement.json
0	1424	832	288	0	0	0	0	0	0	0	-1	-1	220	evidence-gap:other_mechanism	output/scratch-14/classify.stderr	0	0	output/scratch-14/witnesses/0220_R.json	0	output/scratch-14/witnesses/0220_G.json	0	output/scratch-14/witnesses/0220_requirement.json
0	960	838	288	0	0	0	0	0	0	0	-1	-1	221	evidence-gap:other_mechanism	output/scratch-14/classify.stderr	0	0	output/scratch-14/witnesses/0221_R.json	0	output/scratch-14/witnesses/0221_G.json	0	output/scratch-14/witnesses/0221_requirement.json
0	960	843	288	0	0	0	0	0	0	0	-1	-1	222	evidence-gap:other_mechanism	output/scratch-14/classify.stderr	0	0	output/scratch-14/witnesses/0222_R.json	0	output/scratch-14/witnesses/0222_G.json	0	output/scratch-14/witnesses/0222_requirement.json
0	1751	845	288	0	0	0	0	0	0	0	-1	-1	223	evidence-gap:other_mechanism	output/scratch-14/classify.stderr	0	0	output/scratch-14/witnesses/0223_R.json	0	output/scratch-14/witnesses/0223_G.json	0	output/scratch-14/witnesses/0223_requirement.json
0	793	854	288	0	0	0	0	0	0	0	-1	-1	224	evidence-gap:other_mechanism	output/scratch-14/classify.stderr	0	0	output/scratch-14/witnesses/0224_R.json	0	output/scratch-14/witnesses/0224_G.json	0	output/scratch-14/witnesses/0224_requirement.json
0	794	854	288	0	0	0	0	0	0	0	-1	-1	225	evidence-gap:other_mechanism	output/scratch-14/classify.stderr	0	0	output/scratch-14/witnesses/0225_R.json	0	output/scratch-14/witnesses/0225_G.json	0	output/scratch-14/witnesses/0225_requirement.json
0	795	854	288	0	0	0	0	0	0	0	-1	-1	226	evidence-gap:other_mechanism	output/scratch-14/classify.stderr	0	0	output/scratch-14/witnesses/0226_R.json	0	output/scratch-14/witnesses/0226_G.json	0	output/scratch-14/witnesses/0226_requirement.json
0	796	855	288	0	0	0	0	0	0	0	-1	-1	227	evidence-gap:other_mechanism	output/scratch-14/classify.stderr	0	0	output/scratch-14/witnesses/0227_R.json	0	output/scratch-14/witnesses/0227_G.json	0	output/scratch-14/witnesses/0227_requirement.json
0	960	858	288	0	0	0	0	0	0	0	-1	-1	228	evidence-gap:other_mechanism	output/scratch-14/classify.stderr	0	0	output/scratch-14/witnesses/0228_R.json	0	output/scratch-14/witnesses/0228_G.json	0	output/scratch-14/witnesses/0228_requirement.json
0	785	859	288	0	0	0	0	0	0	0	-1	-1	229	evidence-gap:other_mechanism	output/scratch-14/classify.stderr	0	0	output/scratch-14/witnesses/0229_R.json	0	output/scratch-14/witnesses/0229_G.json	0	output/scratch-14/witnesses/0229_requirement.json
0	787	859	288	0	0	0	0	0	0	0	-1	-1	230	evidence-gap:other_mechanism	output/scratch-14/classify.stderr	0	0	output/scratch-14/witnesses/0230_R.json	0	output/scratch-14/witnesses/0230_G.json	0	output/scratch-14/witnesses/0230_requirement.json
0	789	859	288	0	0	0	0	0	0	0	-1	-1	231	evidence-gap:other_mechanism	output/scratch-14/classify.stderr	0	0	output/scratch-14/witnesses/0231_R.json	0	output/scratch-14/witnesses/0231_G.json	0	output/scratch-14/witnesses/0231_requirement.json
0	791	859	288	0	0	0	0	0	0	0	-1	-1	232	evidence-gap:other_mechanism	output/scratch-14/classify.stderr	0	0	output/scratch-14/witnesses/0232_R.json	0	output/scratch-14/witnesses/0232_G.json	0	output/scratch-14/witnesses/0232_requirement.json
0	1435	863	288	0	0	0	0	0	0	0	-1	-1	233	evidence-gap:other_mechanism	output/scratch-14/classify.stderr	0	0	output/scratch-14/witnesses/0233_R.json	0	output/scratch-14/witnesses/0233_G.json	0	output/scratch-14/witnesses/0233_requirement.json
0	1860	866	288	0	0	0	0	0	0	0	-1	-1	234	evidence-gap:other_mechanism	output/scratch-14/classify.stderr	0	0	output/scratch-14/witnesses/0234_R.json	0	output/scratch-14/witnesses/0234_G.json	0	output/scratch-14/witnesses/0234_requirement.json
0	1364	875	288	0	0	0	0	0	0	0	-1	-1	235	evidence-gap:other_mechanism	output/scratch-14/classify.stderr	0	0	output/scratch-14/witnesses/0235_R.json	0	output/scratch-14/witnesses/0235_G.json	0	output/scratch-14/witnesses/0235_requirement.json
0	913	876	578	0	0	0	0	0	0	0	-1	-1	236	evidence-gap:other_mechanism	output/scratch-14/classify.stderr	0	0	output/scratch-14/witnesses/0236_R.json	0	output/scratch-14/witnesses/0236_G.json	0	output/scratch-14/witnesses/0236_requirement.json
0	784	878	288	0	0	0	0	0	0	0	-1	-1	237	evidence-gap:other_mechanism	output/scratch-14/classify.stderr	0	0	output/scratch-14/witnesses/0237_R.json	0	output/scratch-14/witnesses/0237_G.json	0	output/scratch-14/witnesses/0237_requirement.json
0	786	878	288	0	0	0	0	0	0	0	-1	-1	238	evidence-gap:other_mechanism	output/scratch-14/classify.stderr	0	0	output/scratch-14/witnesses/0238_R.json	0	output/scratch-14/witnesses/0238_G.json	0	output/scratch-14/witnesses/0238_requirement.json
0	787	878	288	0	0	0	0	0	0	0	-1	-1	239	evidence-gap:other_mechanism	output/scratch-14/classify.stderr	0	0	output/scratch-14/witnesses/0239_R.json	0	output/scratch-14/witnesses/0239_G.json	0	output/scratch-14/witnesses/0239_requirement.json
0	788	878	288	0	0	0	0	0	0	0	-1	-1	240	evidence-gap:other_mechanism	output/scratch-14/classify.stderr	0	0	output/scratch-14/witnesses/0240_R.json	0	output/scratch-14/witnesses/0240_G.json	0	output/scratch-14/witnesses/0240_requirement.json
0	789	878	288	0	0	0	0	0	0	0	-1	-1	241	evidence-gap:other_mechanism	output/scratch-14/classify.stderr	0	0	output/scratch-14/witnesses/0241_R.json	0	output/scratch-14/witnesses/0241_G.json	0	output/scratch-14/witnesses/0241_requirement.json
0	790	878	288	0	0	0	0	0	0	0	-1	-1	242	evidence-gap:other_mechanism	output/scratch-14/classify.stderr	0	0	output/scratch-14/witnesses/0242_R.json	0	output/scratch-14/witnesses/0242_G.json	0	output/scratch-14/witnesses/0242_requirement.json
0	1291	880	288	0	0	0	0	0	0	0	-1	-1	243	evidence-gap:other_mechanism	output/scratch-14/classify.stderr	0	0	output/scratch-14/witnesses/0243_R.json	0	output/scratch-14/witnesses/0243_G.json	0	output/scratch-14/witnesses/0243_requirement.json
0	1248	883	288	0	0	0	0	0	0	0	-1	-1	244	evidence-gap:other_mechanism	output/scratch-14/classify.stderr	0	1	output/scratch-14/witnesses/0244_R.json	0	output/scratch-14/witnesses/0244_G.json	0	output/scratch-14/witnesses/0244_requirement.json
0	1248	885	288	0	0	0	0	0	0	0	-1	-1	245	evidence-gap:other_mechanism	output/scratch-14/classify.stderr	1	0	output/scratch-14/witnesses/0245_R.json	0	output/scratch-14/witnesses/0245_G.json	0	output/scratch-14/witnesses/0245_requirement.json
0	834	886	321	0	0	0	0	0	0	0	-1	-1	246	evidence-gap:other_mechanism	output/scratch-14/classify.stderr	0	0	output/scratch-14/witnesses/0246_R.json	11	output/scratch-14/witnesses/0246_G.json	0	output/scratch-14/witnesses/0246_requirement.json
0	931	914	288	0	0	0	0	0	0	0	-1	-1	247	evidence-gap:other_mechanism	output/scratch-14/classify.stderr	0	0	output/scratch-14/witnesses/0247_R.json	0	output/scratch-14/witnesses/0247_G.json	0	output/scratch-14/witnesses/0247_requirement.json
0	1788	917	291	0	0	0	0	0	0	0	-1	-1	248	evidence-gap:other_mechanism	output/scratch-14/classify.stderr	0	0	output/scratch-14/witnesses/0248_R.json	0	output/scratch-14/witnesses/0248_G.json	0	output/scratch-14/witnesses/0248_requirement.json
0	1248	921	288	0	0	0	0	0	0	0	-1	-1	249	evidence-gap:other_mechanism	output/scratch-14/classify.stderr	0	1	output/scratch-14/witnesses/0249_R.json	0	output/scratch-14/witnesses/0249_G.json	0	output/scratch-14/witnesses/0249_requirement.json
0	970	923	288	0	0	0	0	0	0	0	-1	-1	250	evidence-gap:other_mechanism	output/scratch-14/classify.stderr	0	0	output/scratch-14/witnesses/0250_R.json	0	output/scratch-14/witnesses/0250_G.json	0	output/scratch-14/witnesses/0250_requirement.json
0	1906	945	578	0	0	0	0	0	0	0	-1	-1	251	evidence-gap:other_mechanism	output/scratch-14/classify.stderr	0	0	output/scratch-14/witnesses/0251_R.json	0	output/scratch-14/witnesses/0251_G.json	0	output/scratch-14/witnesses/0251_requirement.json
0	2132	945	288	0	0	0	0	0	0	0	-1	-1	252	evidence-gap:other_mechanism	output/scratch-14/classify.stderr	0	0	output/scratch-14/witnesses/0252_R.json	1	output/scratch-14/witnesses/0252_G.json	0	output/scratch-14/witnesses/0252_requirement.json
0	1914	949	578	0	0	0	0	0	0	0	-1	-1	253	evidence-gap:other_mechanism	output/scratch-14/classify.stderr	0	0	output/scratch-14/witnesses/0253_R.json	0	output/scratch-14/witnesses/0253_G.json	0	output/scratch-14/witnesses/0253_requirement.json
0	1899	958	291	0	0	0	0	0	0	0	-1	-1	254	evidence-gap:other_mechanism	output/scratch-14/classify.stderr	0	0	output/scratch-14/witnesses/0254_R.json	0	output/scratch-14/witnesses/0254_G.json	0	output/scratch-14/witnesses/0254_requirement.json
0	993	975	288	0	0	0	0	0	0	0	-1	-1	255	evidence-gap:other_mechanism	output/scratch-14/classify.stderr	0	0	output/scratch-14/witnesses/0255_R.json	0	output/scratch-14/witnesses/0255_G.json	0	output/scratch-14/witnesses/0255_requirement.json
0	1907	975	291	0	0	0	0	0	0	0	-1	-1	256	evidence-gap:other_mechanism	output/scratch-14/classify.stderr	0	0	output/scratch-14/witnesses/0256_R.json	0	output/scratch-14/witnesses/0256_G.json	0	output/scratch-14/witnesses/0256_requirement.json
0	1823	983	288	0	0	0	0	0	0	0	-1	-1	257	evidence-gap:other_mechanism	output/scratch-14/classify.stderr	0	0	output/scratch-14/witnesses/0257_R.json	0	output/scratch-14/witnesses/0257_G.json	0	output/scratch-14/witnesses/0257_requirement.json
0	1925	990	578	0	0	0	0	0	0	0	-1	-1	258	evidence-gap:other_mechanism	output/scratch-14/classify.stderr	0	0	output/scratch-14/witnesses/0258_R.json	0	output/scratch-14/witnesses/0258_G.json	0	output/scratch-14/witnesses/0258_requirement.json
0	1926	992	578	0	0	0	0	0	0	0	-1	-1	259	evidence-gap:other_mechanism	output/scratch-14/classify.stderr	0	0	output/scratch-14/witnesses/0259_R.json	0	output/scratch-14/witnesses/0259_G.json	0	output/scratch-14/witnesses/0259_requirement.json
0	1903	995	291	0	0	0	0	0	0	0	-1	-1	260	evidence-gap:other_mechanism	output/scratch-14/classify.stderr	1	0	output/scratch-14/witnesses/0260_R.json	0	output/scratch-14/witnesses/0260_G.json	0	output/scratch-14/witnesses/0260_requirement.json
0	1846	1008	288	0	0	0	0	0	0	0	-1	-1	261	evidence-gap:other_mechanism	output/scratch-14/classify.stderr	0	1	output/scratch-14/witnesses/0261_R.json	0	output/scratch-14/witnesses/0261_G.json	0	output/scratch-14/witnesses/0261_requirement.json
0	637	1017	288	0	0	0	0	0	0	0	-1	-1	262	evidence-gap:other_mechanism	output/scratch-14/classify.stderr	0	0	output/scratch-14/witnesses/0262_R.json	1	output/scratch-14/witnesses/0262_G.json	0	output/scratch-14/witnesses/0262_requirement.json
0	640	1017	288	0	0	0	0	0	0	0	-1	-1	263	evidence-gap:other_mechanism	output/scratch-14/classify.stderr	0	0	output/scratch-14/witnesses/0263_R.json	1	output/scratch-14/witnesses/0263_G.json	0	output/scratch-14/witnesses/0263_requirement.json
0	645	1017	288	0	0	0	0	0	0	0	-1	-1	264	evidence-gap:other_mechanism	output/scratch-14/classify.stderr	0	0	output/scratch-14/witnesses/0264_R.json	1	output/scratch-14/witnesses/0264_G.json	0	output/scratch-14/witnesses/0264_requirement.json
0	650	1017	288	0	0	0	0	0	0	0	-1	-1	265	evidence-gap:other_mechanism	output/scratch-14/classify.stderr	0	0	output/scratch-14/witnesses/0265_R.json	1	output/scratch-14/witnesses/0265_G.json	0	output/scratch-14/witnesses/0265_requirement.json
0	655	1017	288	0	0	0	0	0	0	0	-1	-1	266	evidence-gap:other_mechanism	output/scratch-14/classify.stderr	0	0	output/scratch-14/witnesses/0266_R.json	1	output/scratch-14/witnesses/0266_G.json	0	output/scratch-14/witnesses/0266_requirement.json
0	660	1017	288	0	0	0	0	0	0	0	-1	-1	267	evidence-gap:other_mechanism	output/scratch-14/classify.stderr	0	0	output/scratch-14/witnesses/0267_R.json	1	output/scratch-14/witnesses/0267_G.json	0	output/scratch-14/witnesses/0267_requirement.json
0	665	1017	288	0	0	0	0	0	0	0	-1	-1	268	evidence-gap:other_mechanism	output/scratch-14/classify.stderr	0	0	output/scratch-14/witnesses/0268_R.json	1	output/scratch-14/witnesses/0268_G.json	0	output/scratch-14/witnesses/0268_requirement.json
0	670	1017	288	0	0	0	0	0	0	0	-1	-1	269	evidence-gap:other_mechanism	output/scratch-14/classify.stderr	0	0	output/scratch-14/witnesses/0269_R.json	1	output/scratch-14/witnesses/0269_G.json	0	output/scratch-14/witnesses/0269_requirement.json
0	675	1017	288	0	0	0	0	0	0	0	-1	-1	270	evidence-gap:other_mechanism	output/scratch-14/classify.stderr	0	0	output/scratch-14/witnesses/0270_R.json	1	output/scratch-14/witnesses/0270_G.json	0	output/scratch-14/witnesses/0270_requirement.json
0	680	1017	288	0	0	0	0	0	0	0	-1	-1	271	evidence-gap:other_mechanism	output/scratch-14/classify.stderr	0	0	output/scratch-14/witnesses/0271_R.json	1	output/scratch-14/witnesses/0271_G.json	0	output/scratch-14/witnesses/0271_requirement.json
0	685	1017	288	0	0	0	0	0	0	0	-1	-1	272	evidence-gap:other_mechanism	output/scratch-14/classify.stderr	0	0	output/scratch-14/witnesses/0272_R.json	1	output/scratch-14/witnesses/0272_G.json	0	output/scratch-14/witnesses/0272_requirement.json
0	690	1017	288	0	0	0	0	0	0	0	-1	-1	273	evidence-gap:other_mechanism	output/scratch-14/classify.stderr	0	0	output/scratch-14/witnesses/0273_R.json	1	output/scratch-14/witnesses/0273_G.json	0	output/scratch-14/witnesses/0273_requirement.json
0	695	1017	288	0	0	0	0	0	0	0	-1	-1	274	evidence-gap:other_mechanism	output/scratch-14/classify.stderr	0	0	output/scratch-14/witnesses/0274_R.json	1	output/scratch-14/witnesses/0274_G.json	0	output/scratch-14/witnesses/0274_requirement.json
0	700	1017	288	0	0	0	0	0	0	0	-1	-1	275	evidence-gap:other_mechanism	output/scratch-14/classify.stderr	0	0	output/scratch-14/witnesses/0275_R.json	1	output/scratch-14/witnesses/0275_G.json	0	output/scratch-14/witnesses/0275_requirement.json
0	705	1017	288	0	0	0	0	0	0	0	-1	-1	276	evidence-gap:other_mechanism	output/scratch-14/classify.stderr	0	0	output/scratch-14/witnesses/0276_R.json	1	output/scratch-14/witnesses/0276_G.json	0	output/scratch-14/witnesses/0276_requirement.json
0	710	1017	288	0	0	0	0	0	0	0	-1	-1	277	evidence-gap:other_mechanism	output/scratch-14/classify.stderr	0	0	output/scratch-14/witnesses/0277_R.json	1	output/scratch-14/witnesses/0277_G.json	0	output/scratch-14/witnesses/0277_requirement.json
0	718	1017	288	0	0	0	0	0	0	0	-1	-1	278	evidence-gap:other_mechanism	output/scratch-14/classify.stderr	0	0	output/scratch-14/witnesses/0278_R.json	1	output/scratch-14/witnesses/0278_G.json	0	output/scratch-14/witnesses/0278_requirement.json
0	1892	1020	291	0	0	0	0	0	0	0	-1	-1	279	evidence-gap:other_mechanism	output/scratch-14/classify.stderr	0	0	output/scratch-14/witnesses/0279_R.json	0	output/scratch-14/witnesses/0279_G.json	0	output/scratch-14/witnesses/0279_requirement.json
0	1975	1021	291	0	0	0	0	0	0	0	-1	-1	280	evidence-gap:other_mechanism	output/scratch-14/classify.stderr	0	0	output/scratch-14/witnesses/0280_R.json	0	output/scratch-14/witnesses/0280_G.json	0	output/scratch-14/witnesses/0280_requirement.json
0	1038	1026	288	0	0	0	0	0	0	0	-1	-1	281	evidence-gap:other_mechanism	output/scratch-14/classify.stderr	0	0	output/scratch-14/witnesses/0281_R.json	0	output/scratch-14/witnesses/0281_G.json	0	output/scratch-14/witnesses/0281_requirement.json
0	1915	1030	288	0	0	0	0	0	0	0	-1	-1	282	evidence-gap:other_mechanism	output/scratch-14/classify.stderr	0	1	output/scratch-14/witnesses/0282_R.json	0	output/scratch-14/witnesses/0282_G.json	0	output/scratch-14/witnesses/0282_requirement.json
0	1931	1038	288	0	0	0	0	0	0	0	-1	-1	283	evidence-gap:other_mechanism	output/scratch-14/classify.stderr	0	0	output/scratch-14/witnesses/0283_R.json	0	output/scratch-14/witnesses/0283_G.json	0	output/scratch-14/witnesses/0283_requirement.json
0	1411	1044	288	0	0	0	0	0	0	0	-1	-1	284	evidence-gap:other_mechanism	output/scratch-14/classify.stderr	0	0	output/scratch-14/witnesses/0284_R.json	0	output/scratch-14/witnesses/0284_G.json	0	output/scratch-14/witnesses/0284_requirement.json
0	1041	1047	288	0	0	0	0	0	0	0	-1	-1	285	evidence-gap:other_mechanism	output/scratch-14/classify.stderr	0	0	output/scratch-14/witnesses/0285_R.json	0	output/scratch-14/witnesses/0285_G.json	0	output/scratch-14/witnesses/0285_requirement.json
0	1751	1047	288	0	0	0	0	0	0	0	-1	-1	286	evidence-gap:other_mechanism	output/scratch-14/classify.stderr	0	0	output/scratch-14/witnesses/0286_R.json	0	output/scratch-14/witnesses/0286_G.json	0	output/scratch-14/witnesses/0286_requirement.json
0	738	1051	288	0	0	0	0	0	0	0	-1	-1	287	evidence-gap:other_mechanism	output/scratch-14/classify.stderr	0	0	output/scratch-14/witnesses/0287_R.json	0	output/scratch-14/witnesses/0287_G.json	0	output/scratch-14/witnesses/0287_requirement.json
0	1248	1052	288	0	0	0	0	0	0	0	-1	-1	288	evidence-gap:other_mechanism	output/scratch-14/classify.stderr	0	0	output/scratch-14/witnesses/0288_R.json	0	output/scratch-14/witnesses/0288_G.json	0	output/scratch-14/witnesses/0288_requirement.json
0	1248	1054	288	0	0	0	0	0	0	0	-1	-1	289	evidence-gap:other_mechanism	output/scratch-14/classify.stderr	0	0	output/scratch-14/witnesses/0289_R.json	0	output/scratch-14/witnesses/0289_G.json	0	output/scratch-14/witnesses/0289_requirement.json
0	1412	1056	288	0	0	0	0	0	0	0	-1	-1	290	evidence-gap:other_mechanism	output/scratch-14/classify.stderr	0	0	output/scratch-14/witnesses/0290_R.json	0	output/scratch-14/witnesses/0290_G.json	0	output/scratch-14/witnesses/0290_requirement.json
0	1248	1057	288	0	0	0	0	0	0	0	-1	-1	291	evidence-gap:other_mechanism	output/scratch-14/classify.stderr	0	0	output/scratch-14/witnesses/0291_R.json	0	output/scratch-14/witnesses/0291_G.json	0	output/scratch-14/witnesses/0291_requirement.json
0	1248	1061	288	0	0	0	0	0	0	0	-1	-1	292	evidence-gap:other_mechanism	output/scratch-14/classify.stderr	1	0	output/scratch-14/witnesses/0292_R.json	0	output/scratch-14/witnesses/0292_G.json	0	output/scratch-14/witnesses/0292_requirement.json
0	1248	1063	288	0	0	0	0	0	0	0	-1	-1	293	evidence-gap:other_mechanism	output/scratch-14/classify.stderr	1	0	output/scratch-14/witnesses/0293_R.json	0	output/scratch-14/witnesses/0293_G.json	0	output/scratch-14/witnesses/0293_requirement.json
0	1248	1065	288	0	0	0	0	0	0	0	-1	-1	294	evidence-gap:other_mechanism	output/scratch-14/classify.stderr	1	0	output/scratch-14/witnesses/0294_R.json	0	output/scratch-14/witnesses/0294_G.json	0	output/scratch-14/witnesses/0294_requirement.json
0	1248	1067	288	0	0	0	0	0	0	0	-1	-1	295	evidence-gap:other_mechanism	output/scratch-14/classify.stderr	1	0	output/scratch-14/witnesses/0295_R.json	0	output/scratch-14/witnesses/0295_G.json	0	output/scratch-14/witnesses/0295_requirement.json
0	1248	1070	288	0	0	0	0	0	0	0	-1	-1	296	evidence-gap:other_mechanism	output/scratch-14/classify.stderr	1	0	output/scratch-14/witnesses/0296_R.json	0	output/scratch-14/witnesses/0296_G.json	0	output/scratch-14/witnesses/0296_requirement.json
0	1404	1072	578	0	0	0	0	0	0	0	-1	-1	297	evidence-gap:other_mechanism	output/scratch-14/classify.stderr	0	0	output/scratch-14/witnesses/0297_R.json	0	output/scratch-14/witnesses/0297_G.json	0	output/scratch-14/witnesses/0297_requirement.json
0	1248	1074	288	0	0	0	0	0	0	0	-1	-1	298	evidence-gap:other_mechanism	output/scratch-14/classify.stderr	1	0	output/scratch-14/witnesses/0298_R.json	0	output/scratch-14/witnesses/0298_G.json	0	output/scratch-14/witnesses/0298_requirement.json
0	979	1075	288	0	0	0	0	0	0	0	-1	-1	299	evidence-gap:other_mechanism	output/scratch-14/classify.stderr	0	0	output/scratch-14/witnesses/0299_R.json	0	output/scratch-14/witnesses/0299_G.json	0	output/scratch-14/witnesses/0299_requirement.json
0	1248	1076	288	0	0	0	0	0	0	0	-1	-1	300	evidence-gap:other_mechanism	output/scratch-14/classify.stderr	1	0	output/scratch-14/witnesses/0300_R.json	0	output/scratch-14/witnesses/0300_G.json	0	output/scratch-14/witnesses/0300_requirement.json
0	1248	1078	288	0	0	0	0	0	0	0	-1	-1	301	evidence-gap:other_mechanism	output/scratch-14/classify.stderr	1	0	output/scratch-14/witnesses/0301_R.json	0	output/scratch-14/witnesses/0301_G.json	0	output/scratch-14/witnesses/0301_requirement.json
0	1248	1083	288	0	0	0	0	0	0	0	-1	-1	302	evidence-gap:other_mechanism	output/scratch-14/classify.stderr	1	0	output/scratch-14/witnesses/0302_R.json	0	output/scratch-14/witnesses/0302_G.json	0	output/scratch-14/witnesses/0302_requirement.json
0	1248	1085	288	0	0	0	0	0	0	0	-1	-1	303	evidence-gap:other_mechanism	output/scratch-14/classify.stderr	1	0	output/scratch-14/witnesses/0303_R.json	0	output/scratch-14/witnesses/0303_G.json	0	output/scratch-14/witnesses/0303_requirement.json
0	1248	1087	288	0	0	0	0	0	0	0	-1	-1	304	evidence-gap:other_mechanism	output/scratch-14/classify.stderr	1	0	output/scratch-14/witnesses/0304_R.json	0	output/scratch-14/witnesses/0304_G.json	0	output/scratch-14/witnesses/0304_requirement.json
0	1396	1087	288	0	0	0	0	0	0	0	-1	-1	305	evidence-gap:other_mechanism	output/scratch-14/classify.stderr	0	0	output/scratch-14/witnesses/0305_R.json	0	output/scratch-14/witnesses/0305_G.json	0	output/scratch-14/witnesses/0305_requirement.json
0	1248	1089	288	0	0	0	0	0	0	0	-1	-1	306	evidence-gap:other_mechanism	output/scratch-14/classify.stderr	1	0	output/scratch-14/witnesses/0306_R.json	0	output/scratch-14/witnesses/0306_G.json	0	output/scratch-14/witnesses/0306_requirement.json
0	1248	1091	288	0	0	0	0	0	0	0	-1	-1	307	evidence-gap:other_mechanism	output/scratch-14/classify.stderr	1	0	output/scratch-14/witnesses/0307_R.json	0	output/scratch-14/witnesses/0307_G.json	0	output/scratch-14/witnesses/0307_requirement.json
0	1248	1093	288	0	0	0	0	0	0	0	-1	-1	308	evidence-gap:other_mechanism	output/scratch-14/classify.stderr	1	0	output/scratch-14/witnesses/0308_R.json	0	output/scratch-14/witnesses/0308_G.json	0	output/scratch-14/witnesses/0308_requirement.json
0	1248	1095	288	0	0	0	0	0	0	0	-1	-1	309	evidence-gap:other_mechanism	output/scratch-14/classify.stderr	1	0	output/scratch-14/witnesses/0309_R.json	0	output/scratch-14/witnesses/0309_G.json	0	output/scratch-14/witnesses/0309_requirement.json
0	1248	1098	288	0	0	0	0	0	0	0	-1	-1	310	evidence-gap:other_mechanism	output/scratch-14/classify.stderr	1	0	output/scratch-14/witnesses/0310_R.json	0	output/scratch-14/witnesses/0310_G.json	0	output/scratch-14/witnesses/0310_requirement.json
0	1248	1100	288	0	0	0	0	0	0	0	-1	-1	311	evidence-gap:other_mechanism	output/scratch-14/classify.stderr	1	0	output/scratch-14/witnesses/0311_R.json	0	output/scratch-14/witnesses/0311_G.json	0	output/scratch-14/witnesses/0311_requirement.json
0	1248	1102	288	0	0	0	0	0	0	0	-1	-1	312	evidence-gap:other_mechanism	output/scratch-14/classify.stderr	1	0	output/scratch-14/witnesses/0312_R.json	0	output/scratch-14/witnesses/0312_G.json	0	output/scratch-14/witnesses/0312_requirement.json
0	1248	1104	288	0	0	0	0	0	0	0	-1	-1	313	evidence-gap:other_mechanism	output/scratch-14/classify.stderr	1	0	output/scratch-14/witnesses/0313_R.json	0	output/scratch-14/witnesses/0313_G.json	0	output/scratch-14/witnesses/0313_requirement.json
0	1787	1104	288	0	0	0	0	0	0	0	-1	-1	314	evidence-gap:other_mechanism	output/scratch-14/classify.stderr	0	0	output/scratch-14/witnesses/0314_R.json	0	output/scratch-14/witnesses/0314_G.json	0	output/scratch-14/witnesses/0314_requirement.json
0	1248	1106	288	0	0	0	0	0	0	0	-1	-1	315	evidence-gap:other_mechanism	output/scratch-14/classify.stderr	1	0	output/scratch-14/witnesses/0315_R.json	0	output/scratch-14/witnesses/0315_G.json	0	output/scratch-14/witnesses/0315_requirement.json
0	1248	1108	288	0	0	0	0	0	0	0	-1	-1	316	evidence-gap:other_mechanism	output/scratch-14/classify.stderr	1	0	output/scratch-14/witnesses/0316_R.json	0	output/scratch-14/witnesses/0316_G.json	0	output/scratch-14/witnesses/0316_requirement.json
0	1945	1110	578	0	0	0	0	0	0	0	-1	-1	317	evidence-gap:other_mechanism	output/scratch-14/classify.stderr	0	0	output/scratch-14/witnesses/0317_R.json	0	output/scratch-14/witnesses/0317_G.json	0	output/scratch-14/witnesses/0317_requirement.json
0	1248	1111	288	0	0	0	0	0	0	0	-1	-1	318	evidence-gap:other_mechanism	output/scratch-14/classify.stderr	1	0	output/scratch-14/witnesses/0318_R.json	0	output/scratch-14/witnesses/0318_G.json	0	output/scratch-14/witnesses/0318_requirement.json
0	1248	1113	288	0	0	0	0	0	0	0	-1	-1	319	evidence-gap:other_mechanism	output/scratch-14/classify.stderr	1	0	output/scratch-14/witnesses/0319_R.json	0	output/scratch-14/witnesses/0319_G.json	0	output/scratch-14/witnesses/0319_requirement.json
0	1248	1117	288	0	0	0	0	0	0	0	-1	-1	320	evidence-gap:other_mechanism	output/scratch-14/classify.stderr	0	0	output/scratch-14/witnesses/0320_R.json	0	output/scratch-14/witnesses/0320_G.json	0	output/scratch-14/witnesses/0320_requirement.json
0	1936	1118	578	0	0	0	0	0	0	0	-1	-1	321	evidence-gap:other_mechanism	output/scratch-14/classify.stderr	0	0	output/scratch-14/witnesses/0321_R.json	0	output/scratch-14/witnesses/0321_G.json	0	output/scratch-14/witnesses/0321_requirement.json
0	966	1121	288	0	0	0	0	0	0	0	-1	-1	322	evidence-gap:other_mechanism	output/scratch-14/classify.stderr	0	0	output/scratch-14/witnesses/0322_R.json	0	output/scratch-14/witnesses/0322_G.json	0	output/scratch-14/witnesses/0322_requirement.json
0	1248	1121	288	0	0	0	0	0	0	0	-1	-1	323	evidence-gap:other_mechanism	output/scratch-14/classify.stderr	1	0	output/scratch-14/witnesses/0323_R.json	0	output/scratch-14/witnesses/0323_G.json	0	output/scratch-14/witnesses/0323_requirement.json
0	1109	1122	288	0	0	0	0	0	0	0	-1	-1	324	evidence-gap:other_mechanism	output/scratch-14/classify.stderr	0	1	output/scratch-14/witnesses/0324_R.json	0	output/scratch-14/witnesses/0324_G.json	0	output/scratch-14/witnesses/0324_requirement.json
0	1248	1124	288	0	0	0	0	0	0	0	-1	-1	325	evidence-gap:other_mechanism	output/scratch-14/classify.stderr	1	0	output/scratch-14/witnesses/0325_R.json	0	output/scratch-14/witnesses/0325_G.json	0	output/scratch-14/witnesses/0325_requirement.json
0	1348	1125	288	0	0	0	0	0	0	0	-1	-1	326	evidence-gap:other_mechanism	output/scratch-14/classify.stderr	1	0	output/scratch-14/witnesses/0326_R.json	0	output/scratch-14/witnesses/0326_G.json	0	output/scratch-14/witnesses/0326_requirement.json
0	1248	1126	288	0	0	0	0	0	0	0	-1	-1	327	evidence-gap:other_mechanism	output/scratch-14/classify.stderr	0	1	output/scratch-14/witnesses/0327_R.json	0	output/scratch-14/witnesses/0327_G.json	0	output/scratch-14/witnesses/0327_requirement.json
0	1109	1127	288	0	0	0	0	0	0	0	-1	-1	328	evidence-gap:other_mechanism	output/scratch-14/classify.stderr	0	1	output/scratch-14/witnesses/0328_R.json	0	output/scratch-14/witnesses/0328_G.json	0	output/scratch-14/witnesses/0328_requirement.json
0	1248	1128	288	0	0	0	0	0	0	0	-1	-1	329	evidence-gap:other_mechanism	output/scratch-14/classify.stderr	1	0	output/scratch-14/witnesses/0329_R.json	0	output/scratch-14/witnesses/0329_G.json	0	output/scratch-14/witnesses/0329_requirement.json
0	1248	1130	288	0	0	0	0	0	0	0	-1	-1	330	evidence-gap:other_mechanism	output/scratch-14/classify.stderr	1	0	output/scratch-14/witnesses/0330_R.json	0	output/scratch-14/witnesses/0330_G.json	0	output/scratch-14/witnesses/0330_requirement.json
0	1248	1132	288	0	0	0	0	0	0	0	-1	-1	331	evidence-gap:other_mechanism	output/scratch-14/classify.stderr	1	0	output/scratch-14/witnesses/0331_R.json	0	output/scratch-14/witnesses/0331_G.json	0	output/scratch-14/witnesses/0331_requirement.json
0	1109	1133	288	0	0	0	0	0	0	0	-1	-1	332	evidence-gap:other_mechanism	output/scratch-14/classify.stderr	0	1	output/scratch-14/witnesses/0332_R.json	0	output/scratch-14/witnesses/0332_G.json	0	output/scratch-14/witnesses/0332_requirement.json
0	1248	1134	288	0	0	0	0	0	0	0	-1	-1	333	evidence-gap:other_mechanism	output/scratch-14/classify.stderr	1	0	output/scratch-14/witnesses/0333_R.json	0	output/scratch-14/witnesses/0333_G.json	0	output/scratch-14/witnesses/0333_requirement.json
0	1248	1136	288	0	0	0	0	0	0	0	-1	-1	334	evidence-gap:other_mechanism	output/scratch-14/classify.stderr	1	0	output/scratch-14/witnesses/0334_R.json	0	output/scratch-14/witnesses/0334_G.json	0	output/scratch-14/witnesses/0334_requirement.json
0	1379	1138	288	0	0	0	0	0	0	0	-1	-1	335	evidence-gap:other_mechanism	output/scratch-14/classify.stderr	0	0	output/scratch-14/witnesses/0335_R.json	0	output/scratch-14/witnesses/0335_G.json	0	output/scratch-14/witnesses/0335_requirement.json
0	1109	1139	288	0	0	0	0	0	0	0	-1	-1	336	evidence-gap:other_mechanism	output/scratch-14/classify.stderr	0	1	output/scratch-14/witnesses/0336_R.json	0	output/scratch-14/witnesses/0336_G.json	0	output/scratch-14/witnesses/0336_requirement.json
0	1401	1139	291	0	0	0	0	0	0	0	-1	-1	337	evidence-gap:other_mechanism	output/scratch-14/classify.stderr	0	1	output/scratch-14/witnesses/0337_R.json	0	output/scratch-14/witnesses/0337_G.json	0	output/scratch-14/witnesses/0337_requirement.json
0	1248	1141	288	0	0	0	0	0	0	0	-1	-1	338	evidence-gap:other_mechanism	output/scratch-14/classify.stderr	1	0	output/scratch-14/witnesses/0338_R.json	0	output/scratch-14/witnesses/0338_G.json	0	output/scratch-14/witnesses/0338_requirement.json
0	622	1142	288	0	0	0	0	0	0	0	-1	-1	339	evidence-gap:other_mechanism	output/scratch-14/classify.stderr	0	0	output/scratch-14/witnesses/0339_R.json	1	output/scratch-14/witnesses/0339_G.json	0	output/scratch-14/witnesses/0339_requirement.json
0	626	1142	288	0	0	0	0	0	0	0	-1	-1	340	evidence-gap:other_mechanism	output/scratch-14/classify.stderr	0	0	output/scratch-14/witnesses/0340_R.json	1	output/scratch-14/witnesses/0340_G.json	0	output/scratch-14/witnesses/0340_requirement.json
0	630	1142	288	0	0	0	0	0	0	0	-1	-1	341	evidence-gap:other_mechanism	output/scratch-14/classify.stderr	0	0	output/scratch-14/witnesses/0341_R.json	1	output/scratch-14/witnesses/0341_G.json	0	output/scratch-14/witnesses/0341_requirement.json
0	634	1142	288	0	0	0	0	0	0	0	-1	-1	342	evidence-gap:other_mechanism	output/scratch-14/classify.stderr	0	0	output/scratch-14/witnesses/0342_R.json	1	output/scratch-14/witnesses/0342_G.json	0	output/scratch-14/witnesses/0342_requirement.json
0	639	1142	288	0	0	0	0	0	0	0	-1	-1	343	evidence-gap:other_mechanism	output/scratch-14/classify.stderr	0	0	output/scratch-14/witnesses/0343_R.json	1	output/scratch-14/witnesses/0343_G.json	0	output/scratch-14/witnesses/0343_requirement.json
0	643	1142	288	0	0	0	0	0	0	0	-1	-1	344	evidence-gap:other_mechanism	output/scratch-14/classify.stderr	0	0	output/scratch-14/witnesses/0344_R.json	1	output/scratch-14/witnesses/0344_G.json	0	output/scratch-14/witnesses/0344_requirement.json
0	647	1142	288	0	0	0	0	0	0	0	-1	-1	345	evidence-gap:other_mechanism	output/scratch-14/classify.stderr	0	0	output/scratch-14/witnesses/0345_R.json	1	output/scratch-14/witnesses/0345_G.json	0	output/scratch-14/witnesses/0345_requirement.json
0	1600	1142	291	0	0	0	0	0	0	0	-1	-1	346	evidence-gap:other_mechanism	output/scratch-14/classify.stderr	0	0	output/scratch-14/witnesses/0346_R.json	0	output/scratch-14/witnesses/0346_G.json	0	output/scratch-14/witnesses/0346_requirement.json
0	1248	1143	288	0	0	0	0	0	0	0	-1	-1	347	evidence-gap:other_mechanism	output/scratch-14/classify.stderr	1	0	output/scratch-14/witnesses/0347_R.json	0	output/scratch-14/witnesses/0347_G.json	0	output/scratch-14/witnesses/0347_requirement.json
0	1352	1144	288	0	0	0	0	0	0	0	-1	-1	348	evidence-gap:other_mechanism	output/scratch-14/classify.stderr	0	0	output/scratch-14/witnesses/0348_R.json	0	output/scratch-14/witnesses/0348_G.json	0	output/scratch-14/witnesses/0348_requirement.json
0	1248	1145	288	0	0	0	0	0	0	0	-1	-1	349	evidence-gap:other_mechanism	output/scratch-14/classify.stderr	0	1	output/scratch-14/witnesses/0349_R.json	0	output/scratch-14/witnesses/0349_G.json	0	output/scratch-14/witnesses/0349_requirement.json
0	1248	1147	288	0	0	0	0	0	0	0	-1	-1	350	evidence-gap:other_mechanism	output/scratch-14/classify.stderr	0	1	output/scratch-14/witnesses/0350_R.json	0	output/scratch-14/witnesses/0350_G.json	0	output/scratch-14/witnesses/0350_requirement.json
0	1248	1149	288	0	0	0	0	0	0	0	-1	-1	351	evidence-gap:other_mechanism	output/scratch-14/classify.stderr	1	0	output/scratch-14/witnesses/0351_R.json	0	output/scratch-14/witnesses/0351_G.json	0	output/scratch-14/witnesses/0351_requirement.json
0	1321	1152	288	0	0	0	0	0	0	0	-1	-1	352	evidence-gap:other_mechanism	output/scratch-14/classify.stderr	0	0	output/scratch-14/witnesses/0352_R.json	0	output/scratch-14/witnesses/0352_G.json	0	output/scratch-14/witnesses/0352_requirement.json
0	1322	1152	288	0	0	0	0	0	0	0	-1	-1	353	evidence-gap:other_mechanism	output/scratch-14/classify.stderr	0	0	output/scratch-14/witnesses/0353_R.json	0	output/scratch-14/witnesses/0353_G.json	0	output/scratch-14/witnesses/0353_requirement.json
0	1345	1152	288	0	0	0	0	0	0	0	-1	-1	354	evidence-gap:other_mechanism	output/scratch-14/classify.stderr	0	1	output/scratch-14/witnesses/0354_R.json	0	output/scratch-14/witnesses/0354_G.json	0	output/scratch-14/witnesses/0354_requirement.json
0	1348	1152	288	0	0	0	0	0	0	0	-1	-1	355	evidence-gap:other_mechanism	output/scratch-14/classify.stderr	1	0	output/scratch-14/witnesses/0355_R.json	0	output/scratch-14/witnesses/0355_G.json	0	output/scratch-14/witnesses/0355_requirement.json
0	1350	1152	288	0	0	0	0	0	0	0	-1	-1	356	evidence-gap:other_mechanism	output/scratch-14/classify.stderr	0	1	output/scratch-14/witnesses/0356_R.json	0	output/scratch-14/witnesses/0356_G.json	0	output/scratch-14/witnesses/0356_requirement.json
0	1371	1152	288	0	0	0	0	0	0	0	-1	-1	357	evidence-gap:other_mechanism	output/scratch-14/classify.stderr	1	0	output/scratch-14/witnesses/0357_R.json	0	output/scratch-14/witnesses/0357_G.json	0	output/scratch-14/witnesses/0357_requirement.json
0	1374	1152	288	0	0	0	0	0	0	0	-1	-1	358	evidence-gap:other_mechanism	output/scratch-14/classify.stderr	1	0	output/scratch-14/witnesses/0358_R.json	0	output/scratch-14/witnesses/0358_G.json	0	output/scratch-14/witnesses/0358_requirement.json
0	1377	1152	288	0	0	0	0	0	0	0	-1	-1	359	evidence-gap:other_mechanism	output/scratch-14/classify.stderr	1	0	output/scratch-14/witnesses/0359_R.json	0	output/scratch-14/witnesses/0359_G.json	0	output/scratch-14/witnesses/0359_requirement.json
0	1512	1152	288	0	0	0	0	0	0	0	-1	-1	360	evidence-gap:other_mechanism	output/scratch-14/classify.stderr	0	1	output/scratch-14/witnesses/0360_R.json	0	output/scratch-14/witnesses/0360_G.json	0	output/scratch-14/witnesses/0360_requirement.json
0	1248	1154	288	0	0	0	0	0	0	0	-1	-1	361	evidence-gap:other_mechanism	output/scratch-14/classify.stderr	0	1	output/scratch-14/witnesses/0361_R.json	0	output/scratch-14/witnesses/0361_G.json	0	output/scratch-14/witnesses/0361_requirement.json
0	1248	1156	288	0	0	0	0	0	0	0	-1	-1	362	evidence-gap:other_mechanism	output/scratch-14/classify.stderr	1	0	output/scratch-14/witnesses/0362_R.json	0	output/scratch-14/witnesses/0362_G.json	0	output/scratch-14/witnesses/0362_requirement.json
0	1248	1158	288	0	0	0	0	0	0	0	-1	-1	363	evidence-gap:other_mechanism	output/scratch-14/classify.stderr	1	0	output/scratch-14/witnesses/0363_R.json	0	output/scratch-14/witnesses/0363_G.json	0	output/scratch-14/witnesses/0363_requirement.json
0	1214	1159	291	0	0	0	0	0	0	0	-1	-1	364	evidence-gap:other_mechanism	output/scratch-14/classify.stderr	1	0	output/scratch-14/witnesses/0364_R.json	0	output/scratch-14/witnesses/0364_G.json	0	output/scratch-14/witnesses/0364_requirement.json
0	1248	1160	288	0	0	0	0	0	0	0	-1	-1	365	evidence-gap:other_mechanism	output/scratch-14/classify.stderr	1	0	output/scratch-14/witnesses/0365_R.json	0	output/scratch-14/witnesses/0365_G.json	0	output/scratch-14/witnesses/0365_requirement.json
0	1248	1162	288	0	0	0	0	0	0	0	-1	-1	366	evidence-gap:other_mechanism	output/scratch-14/classify.stderr	1	0	output/scratch-14/witnesses/0366_R.json	0	output/scratch-14/witnesses/0366_G.json	0	output/scratch-14/witnesses/0366_requirement.json
0	1248	1165	288	0	0	0	0	0	0	0	-1	-1	367	evidence-gap:other_mechanism	output/scratch-14/classify.stderr	1	0	output/scratch-14/witnesses/0367_R.json	0	output/scratch-14/witnesses/0367_G.json	0	output/scratch-14/witnesses/0367_requirement.json
0	1248	1167	288	0	0	0	0	0	0	0	-1	-1	368	evidence-gap:other_mechanism	output/scratch-14/classify.stderr	1	0	output/scratch-14/witnesses/0368_R.json	0	output/scratch-14/witnesses/0368_G.json	0	output/scratch-14/witnesses/0368_requirement.json
0	1248	1169	288	0	0	0	0	0	0	0	-1	-1	369	evidence-gap:other_mechanism	output/scratch-14/classify.stderr	1	0	output/scratch-14/witnesses/0369_R.json	0	output/scratch-14/witnesses/0369_G.json	0	output/scratch-14/witnesses/0369_requirement.json
0	991	1170	291	0	0	0	0	0	0	0	-1	-1	370	evidence-gap:other_mechanism	output/scratch-14/classify.stderr	0	0	output/scratch-14/witnesses/0370_R.json	0	output/scratch-14/witnesses/0370_G.json	0	output/scratch-14/witnesses/0370_requirement.json
0	1248	1171	288	0	0	0	0	0	0	0	-1	-1	371	evidence-gap:other_mechanism	output/scratch-14/classify.stderr	1	0	output/scratch-14/witnesses/0371_R.json	0	output/scratch-14/witnesses/0371_G.json	0	output/scratch-14/witnesses/0371_requirement.json
0	992	1172	291	0	0	0	0	0	0	0	-1	-1	372	evidence-gap:other_mechanism	output/scratch-14/classify.stderr	0	0	output/scratch-14/witnesses/0372_R.json	0	output/scratch-14/witnesses/0372_G.json	0	output/scratch-14/witnesses/0372_requirement.json
0	1248	1173	288	0	0	0	0	0	0	0	-1	-1	373	evidence-gap:other_mechanism	output/scratch-14/classify.stderr	1	0	output/scratch-14/witnesses/0373_R.json	0	output/scratch-14/witnesses/0373_G.json	0	output/scratch-14/witnesses/0373_requirement.json
0	1248	1175	288	0	0	0	0	0	0	0	-1	-1	374	evidence-gap:other_mechanism	output/scratch-14/classify.stderr	1	0	output/scratch-14/witnesses/0374_R.json	0	output/scratch-14/witnesses/0374_G.json	0	output/scratch-14/witnesses/0374_requirement.json
0	1491	1176	288	0	0	0	0	0	0	0	-1	-1	375	evidence-gap:other_mechanism	output/scratch-14/classify.stderr	0	0	output/scratch-14/witnesses/0375_R.json	0	output/scratch-14/witnesses/0375_G.json	0	output/scratch-14/witnesses/0375_requirement.json
0	1248	1177	288	0	0	0	0	0	0	0	-1	-1	376	evidence-gap:other_mechanism	output/scratch-14/classify.stderr	1	0	output/scratch-14/witnesses/0376_R.json	0	output/scratch-14/witnesses/0376_G.json	0	output/scratch-14/witnesses/0376_requirement.json
0	1248	1180	288	0	0	0	0	0	0	0	-1	-1	377	evidence-gap:other_mechanism	output/scratch-14/classify.stderr	1	0	output/scratch-14/witnesses/0377_R.json	0	output/scratch-14/witnesses/0377_G.json	0	output/scratch-14/witnesses/0377_requirement.json
0	1248	1182	288	0	0	0	0	0	0	0	-1	-1	378	evidence-gap:other_mechanism	output/scratch-14/classify.stderr	1	0	output/scratch-14/witnesses/0378_R.json	0	output/scratch-14/witnesses/0378_G.json	0	output/scratch-14/witnesses/0378_requirement.json
0	916	1183	288	0	0	0	0	0	0	0	-1	-1	379	evidence-gap:other_mechanism	output/scratch-14/classify.stderr	0	0	output/scratch-14/witnesses/0379_R.json	0	output/scratch-14/witnesses/0379_G.json	0	output/scratch-14/witnesses/0379_requirement.json
0	1248	1184	288	0	0	0	0	0	0	0	-1	-1	380	evidence-gap:other_mechanism	output/scratch-14/classify.stderr	1	0	output/scratch-14/witnesses/0380_R.json	0	output/scratch-14/witnesses/0380_G.json	0	output/scratch-14/witnesses/0380_requirement.json
0	1248	1186	288	0	0	0	0	0	0	0	-1	-1	381	evidence-gap:other_mechanism	output/scratch-14/classify.stderr	1	0	output/scratch-14/witnesses/0381_R.json	0	output/scratch-14/witnesses/0381_G.json	0	output/scratch-14/witnesses/0381_requirement.json
0	1248	1188	288	0	0	0	0	0	0	0	-1	-1	382	evidence-gap:other_mechanism	output/scratch-14/classify.stderr	1	0	output/scratch-14/witnesses/0382_R.json	0	output/scratch-14/witnesses/0382_G.json	0	output/scratch-14/witnesses/0382_requirement.json
0	1248	1195	288	0	0	0	0	0	0	0	-1	-1	383	evidence-gap:other_mechanism	output/scratch-14/classify.stderr	1	0	output/scratch-14/witnesses/0383_R.json	0	output/scratch-14/witnesses/0383_G.json	0	output/scratch-14/witnesses/0383_requirement.json
0	1248	1197	288	0	0	0	0	0	0	0	-1	-1	384	evidence-gap:other_mechanism	output/scratch-14/classify.stderr	1	0	output/scratch-14/witnesses/0384_R.json	0	output/scratch-14/witnesses/0384_G.json	0	output/scratch-14/witnesses/0384_requirement.json
0	1009	1198	291	0	0	0	0	0	0	0	-1	-1	385	evidence-gap:other_mechanism	output/scratch-14/classify.stderr	0	0	output/scratch-14/witnesses/0385_R.json	0	output/scratch-14/witnesses/0385_G.json	0	output/scratch-14/witnesses/0385_requirement.json
0	1248	1199	288	0	0	0	0	0	0	0	-1	-1	386	evidence-gap:other_mechanism	output/scratch-14/classify.stderr	1	0	output/scratch-14/witnesses/0386_R.json	0	output/scratch-14/witnesses/0386_G.json	0	output/scratch-14/witnesses/0386_requirement.json
0	1248	1203	288	0	0	0	0	0	0	0	-1	-1	387	evidence-gap:other_mechanism	output/scratch-14/classify.stderr	1	0	output/scratch-14/witnesses/0387_R.json	0	output/scratch-14/witnesses/0387_G.json	0	output/scratch-14/witnesses/0387_requirement.json
0	1248	1206	288	0	0	0	0	0	0	0	-1	-1	388	evidence-gap:other_mechanism	output/scratch-14/classify.stderr	1	0	output/scratch-14/witnesses/0388_R.json	0	output/scratch-14/witnesses/0388_G.json	0	output/scratch-14/witnesses/0388_requirement.json
0	1248	1208	288	0	0	0	0	0	0	0	-1	-1	389	evidence-gap:other_mechanism	output/scratch-14/classify.stderr	1	0	output/scratch-14/witnesses/0389_R.json	0	output/scratch-14/witnesses/0389_G.json	0	output/scratch-14/witnesses/0389_requirement.json
0	900	1209	288	0	0	0	0	0	0	0	-1	-1	390	evidence-gap:other_mechanism	output/scratch-14/classify.stderr	0	0	output/scratch-14/witnesses/0390_R.json	0	output/scratch-14/witnesses/0390_G.json	0	output/scratch-14/witnesses/0390_requirement.json
0	1248	1210	288	0	0	0	0	0	0	0	-1	-1	391	evidence-gap:other_mechanism	output/scratch-14/classify.stderr	1	0	output/scratch-14/witnesses/0391_R.json	0	output/scratch-14/witnesses/0391_G.json	0	output/scratch-14/witnesses/0391_requirement.json
0	1248	1214	288	0	0	0	0	0	0	0	-1	-1	392	evidence-gap:other_mechanism	output/scratch-14/classify.stderr	1	0	output/scratch-14/witnesses/0392_R.json	0	output/scratch-14/witnesses/0392_G.json	0	output/scratch-14/witnesses/0392_requirement.json
0	1248	1216	288	0	0	0	0	0	0	0	-1	-1	393	evidence-gap:other_mechanism	output/scratch-14/classify.stderr	1	0	output/scratch-14/witnesses/0393_R.json	0	output/scratch-14/witnesses/0393_G.json	0	output/scratch-14/witnesses/0393_requirement.json
0	1248	1219	288	0	0	0	0	0	0	0	-1	-1	394	evidence-gap:other_mechanism	output/scratch-14/classify.stderr	1	0	output/scratch-14/witnesses/0394_R.json	0	output/scratch-14/witnesses/0394_G.json	0	output/scratch-14/witnesses/0394_requirement.json
0	1248	1223	288	0	0	0	0	0	0	0	-1	-1	395	evidence-gap:other_mechanism	output/scratch-14/classify.stderr	1	0	output/scratch-14/witnesses/0395_R.json	0	output/scratch-14/witnesses/0395_G.json	0	output/scratch-14/witnesses/0395_requirement.json
0	2049	1224	288	0	0	0	0	0	0	0	-1	-1	396	evidence-gap:other_mechanism	output/scratch-14/classify.stderr	0	0	output/scratch-14/witnesses/0396_R.json	1	output/scratch-14/witnesses/0396_G.json	0	output/scratch-14/witnesses/0396_requirement.json
0	2050	1224	288	0	0	0	0	0	0	0	-1	-1	397	evidence-gap:other_mechanism	output/scratch-14/classify.stderr	0	0	output/scratch-14/witnesses/0397_R.json	1	output/scratch-14/witnesses/0397_G.json	0	output/scratch-14/witnesses/0397_requirement.json
0	2053	1224	288	0	0	0	0	0	0	0	-1	-1	398	evidence-gap:other_mechanism	output/scratch-14/classify.stderr	0	0	output/scratch-14/witnesses/0398_R.json	1	output/scratch-14/witnesses/0398_G.json	0	output/scratch-14/witnesses/0398_requirement.json
0	2055	1224	288	0	0	0	0	0	0	0	-1	-1	399	evidence-gap:other_mechanism	output/scratch-14/classify.stderr	0	0	output/scratch-14/witnesses/0399_R.json	1	output/scratch-14/witnesses/0399_G.json	0	output/scratch-14/witnesses/0399_requirement.json
0	2056	1224	288	0	0	0	0	0	0	0	-1	-1	400	evidence-gap:other_mechanism	output/scratch-14/classify.stderr	0	0	output/scratch-14/witnesses/0400_R.json	1	output/scratch-14/witnesses/0400_G.json	0	output/scratch-14/witnesses/0400_requirement.json
0	2058	1224	288	0	0	0	0	0	0	0	-1	-1	401	evidence-gap:other_mechanism	output/scratch-14/classify.stderr	0	0	output/scratch-14/witnesses/0401_R.json	1	output/scratch-14/witnesses/0401_G.json	0	output/scratch-14/witnesses/0401_requirement.json
0	2059	1224	288	0	0	0	0	0	0	0	-1	-1	402	evidence-gap:other_mechanism	output/scratch-14/classify.stderr	0	0	output/scratch-14/witnesses/0402_R.json	1	output/scratch-14/witnesses/0402_G.json	0	output/scratch-14/witnesses/0402_requirement.json
0	2060	1224	288	0	0	0	0	0	0	0	-1	-1	403	evidence-gap:other_mechanism	output/scratch-14/classify.stderr	0	0	output/scratch-14/witnesses/0403_R.json	1	output/scratch-14/witnesses/0403_G.json	0	output/scratch-14/witnesses/0403_requirement.json
0	2062	1224	288	0	0	0	0	0	0	0	-1	-1	404	evidence-gap:other_mechanism	output/scratch-14/classify.stderr	0	0	output/scratch-14/witnesses/0404_R.json	1	output/scratch-14/witnesses/0404_G.json	0	output/scratch-14/witnesses/0404_requirement.json
0	2063	1224	288	0	0	0	0	0	0	0	-1	-1	405	evidence-gap:other_mechanism	output/scratch-14/classify.stderr	0	0	output/scratch-14/witnesses/0405_R.json	1	output/scratch-14/witnesses/0405_G.json	0	output/scratch-14/witnesses/0405_requirement.json
0	2065	1224	288	0	0	0	0	0	0	0	-1	-1	406	evidence-gap:other_mechanism	output/scratch-14/classify.stderr	0	0	output/scratch-14/witnesses/0406_R.json	1	output/scratch-14/witnesses/0406_G.json	0	output/scratch-14/witnesses/0406_requirement.json
0	2066	1224	288	0	0	0	0	0	0	0	-1	-1	407	evidence-gap:other_mechanism	output/scratch-14/classify.stderr	0	0	output/scratch-14/witnesses/0407_R.json	1	output/scratch-14/witnesses/0407_G.json	0	output/scratch-14/witnesses/0407_requirement.json
0	2068	1224	288	0	0	0	0	0	0	0	-1	-1	408	evidence-gap:other_mechanism	output/scratch-14/classify.stderr	0	0	output/scratch-14/witnesses/0408_R.json	1	output/scratch-14/witnesses/0408_G.json	0	output/scratch-14/witnesses/0408_requirement.json
0	2069	1224	288	0	0	0	0	0	0	0	-1	-1	409	evidence-gap:other_mechanism	output/scratch-14/classify.stderr	0	0	output/scratch-14/witnesses/0409_R.json	1	output/scratch-14/witnesses/0409_G.json	0	output/scratch-14/witnesses/0409_requirement.json
0	2070	1224	288	0	0	0	0	0	0	0	-1	-1	410	evidence-gap:other_mechanism	output/scratch-14/classify.stderr	0	0	output/scratch-14/witnesses/0410_R.json	1	output/scratch-14/witnesses/0410_G.json	0	output/scratch-14/witnesses/0410_requirement.json
0	2072	1224	288	0	0	0	0	0	0	0	-1	-1	411	evidence-gap:other_mechanism	output/scratch-14/classify.stderr	0	0	output/scratch-14/witnesses/0411_R.json	1	output/scratch-14/witnesses/0411_G.json	0	output/scratch-14/witnesses/0411_requirement.json
0	2073	1224	288	0	0	0	0	0	0	0	-1	-1	412	evidence-gap:other_mechanism	output/scratch-14/classify.stderr	0	0	output/scratch-14/witnesses/0412_R.json	1	output/scratch-14/witnesses/0412_G.json	0	output/scratch-14/witnesses/0412_requirement.json
0	2075	1224	288	0	0	0	0	0	0	0	-1	-1	413	evidence-gap:other_mechanism	output/scratch-14/classify.stderr	0	0	output/scratch-14/witnesses/0413_R.json	1	output/scratch-14/witnesses/0413_G.json	0	output/scratch-14/witnesses/0413_requirement.json
0	2076	1224	288	0	0	0	0	0	0	0	-1	-1	414	evidence-gap:other_mechanism	output/scratch-14/classify.stderr	0	0	output/scratch-14/witnesses/0414_R.json	1	output/scratch-14/witnesses/0414_G.json	0	output/scratch-14/witnesses/0414_requirement.json
0	2078	1224	288	0	0	0	0	0	0	0	-1	-1	415	evidence-gap:other_mechanism	output/scratch-14/classify.stderr	0	0	output/scratch-14/witnesses/0415_R.json	1	output/scratch-14/witnesses/0415_G.json	0	output/scratch-14/witnesses/0415_requirement.json
0	2079	1224	288	0	0	0	0	0	0	0	-1	-1	416	evidence-gap:other_mechanism	output/scratch-14/classify.stderr	0	0	output/scratch-14/witnesses/0416_R.json	1	output/scratch-14/witnesses/0416_G.json	0	output/scratch-14/witnesses/0416_requirement.json
0	2080	1224	288	0	0	0	0	0	0	0	-1	-1	417	evidence-gap:other_mechanism	output/scratch-14/classify.stderr	0	0	output/scratch-14/witnesses/0417_R.json	1	output/scratch-14/witnesses/0417_G.json	0	output/scratch-14/witnesses/0417_requirement.json
0	2096	1224	288	0	0	0	0	0	0	0	-1	-1	418	evidence-gap:other_mechanism	output/scratch-14/classify.stderr	0	0	output/scratch-14/witnesses/0418_R.json	1	output/scratch-14/witnesses/0418_G.json	0	output/scratch-14/witnesses/0418_requirement.json
0	2098	1224	288	0	0	0	0	0	0	0	-1	-1	419	evidence-gap:other_mechanism	output/scratch-14/classify.stderr	0	0	output/scratch-14/witnesses/0419_R.json	1	output/scratch-14/witnesses/0419_G.json	0	output/scratch-14/witnesses/0419_requirement.json
0	2099	1224	288	0	0	0	0	0	0	0	-1	-1	420	evidence-gap:other_mechanism	output/scratch-14/classify.stderr	0	0	output/scratch-14/witnesses/0420_R.json	1	output/scratch-14/witnesses/0420_G.json	0	output/scratch-14/witnesses/0420_requirement.json
0	2100	1224	288	0	0	0	0	0	0	0	-1	-1	421	evidence-gap:other_mechanism	output/scratch-14/classify.stderr	0	0	output/scratch-14/witnesses/0421_R.json	1	output/scratch-14/witnesses/0421_G.json	0	output/scratch-14/witnesses/0421_requirement.json
0	2102	1224	288	0	0	0	0	0	0	0	-1	-1	422	evidence-gap:other_mechanism	output/scratch-14/classify.stderr	0	0	output/scratch-14/witnesses/0422_R.json	1	output/scratch-14/witnesses/0422_G.json	0	output/scratch-14/witnesses/0422_requirement.json
0	2103	1224	288	0	0	0	0	0	0	0	-1	-1	423	evidence-gap:other_mechanism	output/scratch-14/classify.stderr	0	0	output/scratch-14/witnesses/0423_R.json	1	output/scratch-14/witnesses/0423_G.json	0	output/scratch-14/witnesses/0423_requirement.json
0	2105	1224	288	0	0	0	0	0	0	0	-1	-1	424	evidence-gap:other_mechanism	output/scratch-14/classify.stderr	0	0	output/scratch-14/witnesses/0424_R.json	1	output/scratch-14/witnesses/0424_G.json	0	output/scratch-14/witnesses/0424_requirement.json
0	2106	1224	288	0	0	0	0	0	0	0	-1	-1	425	evidence-gap:other_mechanism	output/scratch-14/classify.stderr	0	0	output/scratch-14/witnesses/0425_R.json	1	output/scratch-14/witnesses/0425_G.json	0	output/scratch-14/witnesses/0425_requirement.json
0	2108	1224	288	0	0	0	0	0	0	0	-1	-1	426	evidence-gap:other_mechanism	output/scratch-14/classify.stderr	0	0	output/scratch-14/witnesses/0426_R.json	1	output/scratch-14/witnesses/0426_G.json	0	output/scratch-14/witnesses/0426_requirement.json
0	2109	1224	288	0	0	0	0	0	0	0	-1	-1	427	evidence-gap:other_mechanism	output/scratch-14/classify.stderr	0	0	output/scratch-14/witnesses/0427_R.json	1	output/scratch-14/witnesses/0427_G.json	0	output/scratch-14/witnesses/0427_requirement.json
0	2110	1224	288	0	0	0	0	0	0	0	-1	-1	428	evidence-gap:other_mechanism	output/scratch-14/classify.stderr	0	0	output/scratch-14/witnesses/0428_R.json	1	output/scratch-14/witnesses/0428_G.json	0	output/scratch-14/witnesses/0428_requirement.json
0	2112	1224	288	0	0	0	0	0	0	0	-1	-1	429	evidence-gap:other_mechanism	output/scratch-14/classify.stderr	0	0	output/scratch-14/witnesses/0429_R.json	1	output/scratch-14/witnesses/0429_G.json	0	output/scratch-14/witnesses/0429_requirement.json
0	2113	1224	288	0	0	0	0	0	0	0	-1	-1	430	evidence-gap:other_mechanism	output/scratch-14/classify.stderr	0	0	output/scratch-14/witnesses/0430_R.json	1	output/scratch-14/witnesses/0430_G.json	0	output/scratch-14/witnesses/0430_requirement.json
0	2115	1224	288	0	0	0	0	0	0	0	-1	-1	431	evidence-gap:other_mechanism	output/scratch-14/classify.stderr	0	0	output/scratch-14/witnesses/0431_R.json	1	output/scratch-14/witnesses/0431_G.json	0	output/scratch-14/witnesses/0431_requirement.json
0	2116	1224	288	0	0	0	0	0	0	0	-1	-1	432	evidence-gap:other_mechanism	output/scratch-14/classify.stderr	0	0	output/scratch-14/witnesses/0432_R.json	1	output/scratch-14/witnesses/0432_G.json	0	output/scratch-14/witnesses/0432_requirement.json
0	2118	1224	288	0	0	0	0	0	0	0	-1	-1	433	evidence-gap:other_mechanism	output/scratch-14/classify.stderr	0	0	output/scratch-14/witnesses/0433_R.json	1	output/scratch-14/witnesses/0433_G.json	0	output/scratch-14/witnesses/0433_requirement.json
0	2119	1224	288	0	0	0	0	0	0	0	-1	-1	434	evidence-gap:other_mechanism	output/scratch-14/classify.stderr	0	0	output/scratch-14/witnesses/0434_R.json	1	output/scratch-14/witnesses/0434_G.json	0	output/scratch-14/witnesses/0434_requirement.json
0	2120	1224	288	0	0	0	0	0	0	0	-1	-1	435	evidence-gap:other_mechanism	output/scratch-14/classify.stderr	0	0	output/scratch-14/witnesses/0435_R.json	1	output/scratch-14/witnesses/0435_G.json	0	output/scratch-14/witnesses/0435_requirement.json
0	2122	1224	288	0	0	0	0	0	0	0	-1	-1	436	evidence-gap:other_mechanism	output/scratch-14/classify.stderr	0	0	output/scratch-14/witnesses/0436_R.json	1	output/scratch-14/witnesses/0436_G.json	0	output/scratch-14/witnesses/0436_requirement.json
0	2123	1224	288	0	0	0	0	0	0	0	-1	-1	437	evidence-gap:other_mechanism	output/scratch-14/classify.stderr	0	0	output/scratch-14/witnesses/0437_R.json	1	output/scratch-14/witnesses/0437_G.json	0	output/scratch-14/witnesses/0437_requirement.json
0	2125	1224	288	0	0	0	0	0	0	0	-1	-1	438	evidence-gap:other_mechanism	output/scratch-14/classify.stderr	0	0	output/scratch-14/witnesses/0438_R.json	1	output/scratch-14/witnesses/0438_G.json	0	output/scratch-14/witnesses/0438_requirement.json
0	2126	1224	288	0	0	0	0	0	0	0	-1	-1	439	evidence-gap:other_mechanism	output/scratch-14/classify.stderr	0	0	output/scratch-14/witnesses/0439_R.json	1	output/scratch-14/witnesses/0439_G.json	0	output/scratch-14/witnesses/0439_requirement.json
0	2128	1224	288	0	0	0	0	0	0	0	-1	-1	440	evidence-gap:other_mechanism	output/scratch-14/classify.stderr	0	0	output/scratch-14/witnesses/0440_R.json	1	output/scratch-14/witnesses/0440_G.json	0	output/scratch-14/witnesses/0440_requirement.json
0	2129	1224	288	0	0	0	0	0	0	0	-1	-1	441	evidence-gap:other_mechanism	output/scratch-14/classify.stderr	0	0	output/scratch-14/witnesses/0441_R.json	1	output/scratch-14/witnesses/0441_G.json	0	output/scratch-14/witnesses/0441_requirement.json
0	2130	1224	288	0	0	0	0	0	0	0	-1	-1	442	evidence-gap:other_mechanism	output/scratch-14/classify.stderr	0	0	output/scratch-14/witnesses/0442_R.json	1	output/scratch-14/witnesses/0442_G.json	0	output/scratch-14/witnesses/0442_requirement.json
0	2132	1224	288	0	0	0	0	0	0	0	-1	-1	443	evidence-gap:other_mechanism	output/scratch-14/classify.stderr	0	0	output/scratch-14/witnesses/0443_R.json	1	output/scratch-14/witnesses/0443_G.json	0	output/scratch-14/witnesses/0443_requirement.json
0	2133	1224	288	0	0	0	0	0	0	0	-1	-1	444	evidence-gap:other_mechanism	output/scratch-14/classify.stderr	0	0	output/scratch-14/witnesses/0444_R.json	1	output/scratch-14/witnesses/0444_G.json	0	output/scratch-14/witnesses/0444_requirement.json
0	2135	1224	288	0	0	0	0	0	0	0	-1	-1	445	evidence-gap:other_mechanism	output/scratch-14/classify.stderr	0	0	output/scratch-14/witnesses/0445_R.json	1	output/scratch-14/witnesses/0445_G.json	0	output/scratch-14/witnesses/0445_requirement.json
0	2136	1224	288	0	0	0	0	0	0	0	-1	-1	446	evidence-gap:other_mechanism	output/scratch-14/classify.stderr	0	0	output/scratch-14/witnesses/0446_R.json	1	output/scratch-14/witnesses/0446_G.json	0	output/scratch-14/witnesses/0446_requirement.json
0	2138	1224	288	0	0	0	0	0	0	0	-1	-1	447	evidence-gap:other_mechanism	output/scratch-14/classify.stderr	0	0	output/scratch-14/witnesses/0447_R.json	1	output/scratch-14/witnesses/0447_G.json	0	output/scratch-14/witnesses/0447_requirement.json
0	2139	1224	288	0	0	0	0	0	0	0	-1	-1	448	evidence-gap:other_mechanism	output/scratch-14/classify.stderr	0	0	output/scratch-14/witnesses/0448_R.json	1	output/scratch-14/witnesses/0448_G.json	0	output/scratch-14/witnesses/0448_requirement.json
0	2140	1224	288	0	0	0	0	0	0	0	-1	-1	449	evidence-gap:other_mechanism	output/scratch-14/classify.stderr	0	0	output/scratch-14/witnesses/0449_R.json	1	output/scratch-14/witnesses/0449_G.json	0	output/scratch-14/witnesses/0449_requirement.json
0	2142	1224	288	0	0	0	0	0	0	0	-1	-1	450	evidence-gap:other_mechanism	output/scratch-14/classify.stderr	0	0	output/scratch-14/witnesses/0450_R.json	1	output/scratch-14/witnesses/0450_G.json	0	output/scratch-14/witnesses/0450_requirement.json
0	2143	1224	288	0	0	0	0	0	0	0	-1	-1	451	evidence-gap:other_mechanism	output/scratch-14/classify.stderr	0	0	output/scratch-14/witnesses/0451_R.json	1	output/scratch-14/witnesses/0451_G.json	0	output/scratch-14/witnesses/0451_requirement.json
0	2145	1224	288	0	0	0	0	0	0	0	-1	-1	452	evidence-gap:other_mechanism	output/scratch-14/classify.stderr	0	0	output/scratch-14/witnesses/0452_R.json	1	output/scratch-14/witnesses/0452_G.json	0	output/scratch-14/witnesses/0452_requirement.json
0	2146	1224	288	0	0	0	0	0	0	0	-1	-1	453	evidence-gap:other_mechanism	output/scratch-14/classify.stderr	0	0	output/scratch-14/witnesses/0453_R.json	1	output/scratch-14/witnesses/0453_G.json	0	output/scratch-14/witnesses/0453_requirement.json
0	2148	1224	288	0	0	0	0	0	0	0	-1	-1	454	evidence-gap:other_mechanism	output/scratch-14/classify.stderr	0	0	output/scratch-14/witnesses/0454_R.json	1	output/scratch-14/witnesses/0454_G.json	0	output/scratch-14/witnesses/0454_requirement.json
0	2149	1224	288	0	0	0	0	0	0	0	-1	-1	455	evidence-gap:other_mechanism	output/scratch-14/classify.stderr	0	0	output/scratch-14/witnesses/0455_R.json	1	output/scratch-14/witnesses/0455_G.json	0	output/scratch-14/witnesses/0455_requirement.json
0	2150	1224	288	0	0	0	0	0	0	0	-1	-1	456	evidence-gap:other_mechanism	output/scratch-14/classify.stderr	0	0	output/scratch-14/witnesses/0456_R.json	1	output/scratch-14/witnesses/0456_G.json	0	output/scratch-14/witnesses/0456_requirement.json
0	2152	1224	288	0	0	0	0	0	0	0	-1	-1	457	evidence-gap:other_mechanism	output/scratch-14/classify.stderr	0	0	output/scratch-14/witnesses/0457_R.json	1	output/scratch-14/witnesses/0457_G.json	0	output/scratch-14/witnesses/0457_requirement.json
0	2153	1224	288	0	0	0	0	0	0	0	-1	-1	458	evidence-gap:other_mechanism	output/scratch-14/classify.stderr	0	0	output/scratch-14/witnesses/0458_R.json	1	output/scratch-14/witnesses/0458_G.json	0	output/scratch-14/witnesses/0458_requirement.json
0	2155	1224	288	0	0	0	0	0	0	0	-1	-1	459	evidence-gap:other_mechanism	output/scratch-14/classify.stderr	0	0	output/scratch-14/witnesses/0459_R.json	1	output/scratch-14/witnesses/0459_G.json	0	output/scratch-14/witnesses/0459_requirement.json
0	2156	1224	288	0	0	0	0	0	0	0	-1	-1	460	evidence-gap:other_mechanism	output/scratch-14/classify.stderr	0	0	output/scratch-14/witnesses/0460_R.json	1	output/scratch-14/witnesses/0460_G.json	0	output/scratch-14/witnesses/0460_requirement.json
0	2158	1224	288	0	0	0	0	0	0	0	-1	-1	461	evidence-gap:other_mechanism	output/scratch-14/classify.stderr	0	0	output/scratch-14/witnesses/0461_R.json	1	output/scratch-14/witnesses/0461_G.json	0	output/scratch-14/witnesses/0461_requirement.json
0	2159	1224	288	0	0	0	0	0	0	0	-1	-1	462	evidence-gap:other_mechanism	output/scratch-14/classify.stderr	0	0	output/scratch-14/witnesses/0462_R.json	1	output/scratch-14/witnesses/0462_G.json	0	output/scratch-14/witnesses/0462_requirement.json
0	2160	1224	288	0	0	0	0	0	0	0	-1	-1	463	evidence-gap:other_mechanism	output/scratch-14/classify.stderr	0	0	output/scratch-14/witnesses/0463_R.json	1	output/scratch-14/witnesses/0463_G.json	0	output/scratch-14/witnesses/0463_requirement.json
0	2162	1224	288	0	0	0	0	0	0	0	-1	-1	464	evidence-gap:other_mechanism	output/scratch-14/classify.stderr	0	0	output/scratch-14/witnesses/0464_R.json	1	output/scratch-14/witnesses/0464_G.json	0	output/scratch-14/witnesses/0464_requirement.json
0	2163	1224	288	0	0	0	0	0	0	0	-1	-1	465	evidence-gap:other_mechanism	output/scratch-14/classify.stderr	0	0	output/scratch-14/witnesses/0465_R.json	1	output/scratch-14/witnesses/0465_G.json	0	output/scratch-14/witnesses/0465_requirement.json
0	2165	1224	288	0	0	0	0	0	0	0	-1	-1	466	evidence-gap:other_mechanism	output/scratch-14/classify.stderr	0	0	output/scratch-14/witnesses/0466_R.json	1	output/scratch-14/witnesses/0466_G.json	0	output/scratch-14/witnesses/0466_requirement.json
0	2166	1224	288	0	0	0	0	0	0	0	-1	-1	467	evidence-gap:other_mechanism	output/scratch-14/classify.stderr	0	0	output/scratch-14/witnesses/0467_R.json	1	output/scratch-14/witnesses/0467_G.json	0	output/scratch-14/witnesses/0467_requirement.json
0	2168	1224	288	0	0	0	0	0	0	0	-1	-1	468	evidence-gap:other_mechanism	output/scratch-14/classify.stderr	0	0	output/scratch-14/witnesses/0468_R.json	1	output/scratch-14/witnesses/0468_G.json	0	output/scratch-14/witnesses/0468_requirement.json
0	2169	1224	288	0	0	0	0	0	0	0	-1	-1	469	evidence-gap:other_mechanism	output/scratch-14/classify.stderr	0	0	output/scratch-14/witnesses/0469_R.json	1	output/scratch-14/witnesses/0469_G.json	0	output/scratch-14/witnesses/0469_requirement.json
0	2170	1224	288	0	0	0	0	0	0	0	-1	-1	470	evidence-gap:other_mechanism	output/scratch-14/classify.stderr	0	0	output/scratch-14/witnesses/0470_R.json	1	output/scratch-14/witnesses/0470_G.json	0	output/scratch-14/witnesses/0470_requirement.json
0	2172	1224	288	0	0	0	0	0	0	0	-1	-1	471	evidence-gap:other_mechanism	output/scratch-14/classify.stderr	0	0	output/scratch-14/witnesses/0471_R.json	1	output/scratch-14/witnesses/0471_G.json	0	output/scratch-14/witnesses/0471_requirement.json
0	2173	1224	288	0	0	0	0	0	0	0	-1	-1	472	evidence-gap:other_mechanism	output/scratch-14/classify.stderr	0	0	output/scratch-14/witnesses/0472_R.json	1	output/scratch-14/witnesses/0472_G.json	0	output/scratch-14/witnesses/0472_requirement.json
0	2175	1224	288	0	0	0	0	0	0	0	-1	-1	473	evidence-gap:other_mechanism	output/scratch-14/classify.stderr	0	0	output/scratch-14/witnesses/0473_R.json	1	output/scratch-14/witnesses/0473_G.json	0	output/scratch-14/witnesses/0473_requirement.json
0	2176	1224	288	0	0	0	0	0	0	0	-1	-1	474	evidence-gap:other_mechanism	output/scratch-14/classify.stderr	0	0	output/scratch-14/witnesses/0474_R.json	1	output/scratch-14/witnesses/0474_G.json	0	output/scratch-14/witnesses/0474_requirement.json
0	2178	1224	288	0	0	0	0	0	0	0	-1	-1	475	evidence-gap:other_mechanism	output/scratch-14/classify.stderr	0	0	output/scratch-14/witnesses/0475_R.json	1	output/scratch-14/witnesses/0475_G.json	0	output/scratch-14/witnesses/0475_requirement.json
0	2179	1224	288	0	0	0	0	0	0	0	-1	-1	476	evidence-gap:other_mechanism	output/scratch-14/classify.stderr	0	0	output/scratch-14/witnesses/0476_R.json	1	output/scratch-14/witnesses/0476_G.json	0	output/scratch-14/witnesses/0476_requirement.json
0	2180	1224	288	0	0	0	0	0	0	0	-1	-1	477	evidence-gap:other_mechanism	output/scratch-14/classify.stderr	0	0	output/scratch-14/witnesses/0477_R.json	1	output/scratch-14/witnesses/0477_G.json	0	output/scratch-14/witnesses/0477_requirement.json
0	2182	1224	288	0	0	0	0	0	0	0	-1	-1	478	evidence-gap:other_mechanism	output/scratch-14/classify.stderr	0	0	output/scratch-14/witnesses/0478_R.json	1	output/scratch-14/witnesses/0478_G.json	0	output/scratch-14/witnesses/0478_requirement.json
0	2183	1224	288	0	0	0	0	0	0	0	-1	-1	479	evidence-gap:other_mechanism	output/scratch-14/classify.stderr	0	0	output/scratch-14/witnesses/0479_R.json	1	output/scratch-14/witnesses/0479_G.json	0	output/scratch-14/witnesses/0479_requirement.json
0	2185	1224	288	0	0	0	0	0	0	0	-1	-1	480	evidence-gap:other_mechanism	output/scratch-14/classify.stderr	0	0	output/scratch-14/witnesses/0480_R.json	1	output/scratch-14/witnesses/0480_G.json	0	output/scratch-14/witnesses/0480_requirement.json
0	906	1225	291	0	0	0	0	0	0	0	-1	-1	481	evidence-gap:other_mechanism	output/scratch-14/classify.stderr	0	1	output/scratch-14/witnesses/0481_R.json	0	output/scratch-14/witnesses/0481_G.json	0	output/scratch-14/witnesses/0481_requirement.json
0	1248	1225	288	0	0	0	0	0	0	0	-1	-1	482	evidence-gap:other_mechanism	output/scratch-14/classify.stderr	1	0	output/scratch-14/witnesses/0482_R.json	0	output/scratch-14/witnesses/0482_G.json	0	output/scratch-14/witnesses/0482_requirement.json
0	1248	1227	288	0	0	0	0	0	0	0	-1	-1	483	evidence-gap:other_mechanism	output/scratch-14/classify.stderr	1	0	output/scratch-14/witnesses/0483_R.json	0	output/scratch-14/witnesses/0483_G.json	0	output/scratch-14/witnesses/0483_requirement.json
0	1248	1229	288	0	0	0	0	0	0	0	-1	-1	484	evidence-gap:other_mechanism	output/scratch-14/classify.stderr	1	0	output/scratch-14/witnesses/0484_R.json	0	output/scratch-14/witnesses/0484_G.json	0	output/scratch-14/witnesses/0484_requirement.json
0	1248	1231	288	0	0	0	0	0	0	0	-1	-1	485	evidence-gap:other_mechanism	output/scratch-14/classify.stderr	1	0	output/scratch-14/witnesses/0485_R.json	0	output/scratch-14/witnesses/0485_G.json	0	output/scratch-14/witnesses/0485_requirement.json
0	1248	1234	288	0	0	0	0	0	0	0	-1	-1	486	evidence-gap:other_mechanism	output/scratch-14/classify.stderr	1	0	output/scratch-14/witnesses/0486_R.json	0	output/scratch-14/witnesses/0486_G.json	0	output/scratch-14/witnesses/0486_requirement.json
0	1248	1236	288	0	0	0	0	0	0	0	-1	-1	487	evidence-gap:other_mechanism	output/scratch-14/classify.stderr	1	0	output/scratch-14/witnesses/0487_R.json	0	output/scratch-14/witnesses/0487_G.json	0	output/scratch-14/witnesses/0487_requirement.json
0	1332	1236	291	0	0	0	0	0	0	0	-1	-1	488	evidence-gap:other_mechanism	output/scratch-14/classify.stderr	0	1	output/scratch-14/witnesses/0488_R.json	0	output/scratch-14/witnesses/0488_G.json	0	output/scratch-14/witnesses/0488_requirement.json
0	1248	1238	288	0	0	0	0	0	0	0	-1	-1	489	evidence-gap:other_mechanism	output/scratch-14/classify.stderr	1	0	output/scratch-14/witnesses/0489_R.json	0	output/scratch-14/witnesses/0489_G.json	0	output/scratch-14/witnesses/0489_requirement.json
0	1248	1240	288	0	0	0	0	0	0	0	-1	-1	490	evidence-gap:other_mechanism	output/scratch-14/classify.stderr	0	1	output/scratch-14/witnesses/0490_R.json	0	output/scratch-14/witnesses/0490_G.json	0	output/scratch-14/witnesses/0490_requirement.json
0	1248	1242	288	0	0	0	0	0	0	0	-1	-1	491	evidence-gap:other_mechanism	output/scratch-14/classify.stderr	1	0	output/scratch-14/witnesses/0491_R.json	0	output/scratch-14/witnesses/0491_G.json	0	output/scratch-14/witnesses/0491_requirement.json
0	1248	1244	288	0	0	0	0	0	0	0	-1	-1	492	evidence-gap:other_mechanism	output/scratch-14/classify.stderr	1	0	output/scratch-14/witnesses/0492_R.json	0	output/scratch-14/witnesses/0492_G.json	0	output/scratch-14/witnesses/0492_requirement.json
0	1248	1247	288	0	0	0	0	0	0	0	-1	-1	493	evidence-gap:other_mechanism	output/scratch-14/classify.stderr	1	0	output/scratch-14/witnesses/0493_R.json	0	output/scratch-14/witnesses/0493_G.json	0	output/scratch-14/witnesses/0493_requirement.json
0	1248	1249	288	0	0	0	0	0	0	0	-1	-1	494	evidence-gap:other_mechanism	output/scratch-14/classify.stderr	1	0	output/scratch-14/witnesses/0494_R.json	0	output/scratch-14/witnesses/0494_G.json	0	output/scratch-14/witnesses/0494_requirement.json
0	1248	1251	288	0	0	0	0	0	0	0	-1	-1	495	evidence-gap:other_mechanism	output/scratch-14/classify.stderr	1	0	output/scratch-14/witnesses/0495_R.json	0	output/scratch-14/witnesses/0495_G.json	0	output/scratch-14/witnesses/0495_requirement.json
0	1248	1253	288	0	0	0	0	0	0	0	-1	-1	496	evidence-gap:other_mechanism	output/scratch-14/classify.stderr	0	0	output/scratch-14/witnesses/0496_R.json	0	output/scratch-14/witnesses/0496_G.json	0	output/scratch-14/witnesses/0496_requirement.json
0	1248	1255	288	0	0	0	0	0	0	0	-1	-1	497	evidence-gap:other_mechanism	output/scratch-14/classify.stderr	1	0	output/scratch-14/witnesses/0497_R.json	0	output/scratch-14/witnesses/0497_G.json	0	output/scratch-14/witnesses/0497_requirement.json
0	1109	1257	288	0	0	0	0	0	0	0	-1	-1	498	evidence-gap:other_mechanism	output/scratch-14/classify.stderr	1	0	output/scratch-14/witnesses/0498_R.json	0	output/scratch-14/witnesses/0498_G.json	0	output/scratch-14/witnesses/0498_requirement.json
0	1248	1257	288	0	0	0	0	0	0	0	-1	-1	499	evidence-gap:other_mechanism	output/scratch-14/classify.stderr	1	0	output/scratch-14/witnesses/0499_R.json	0	output/scratch-14/witnesses/0499_G.json	0	output/scratch-14/witnesses/0499_requirement.json
0	1596	1259	291	0	0	0	0	0	0	0	-1	-1	500	evidence-gap:other_mechanism	output/scratch-14/classify.stderr	0	0	output/scratch-14/witnesses/0500_R.json	0	output/scratch-14/witnesses/0500_G.json	0	output/scratch-14/witnesses/0500_requirement.json
0	1248	1260	288	0	0	0	0	0	0	0	-1	-1	501	evidence-gap:other_mechanism	output/scratch-14/classify.stderr	1	0	output/scratch-14/witnesses/0501_R.json	0	output/scratch-14/witnesses/0501_G.json	0	output/scratch-14/witnesses/0501_requirement.json
0	1248	1262	288	0	0	0	0	0	0	0	-1	-1	502	evidence-gap:other_mechanism	output/scratch-14/classify.stderr	1	0	output/scratch-14/witnesses/0502_R.json	0	output/scratch-14/witnesses/0502_G.json	0	output/scratch-14/witnesses/0502_requirement.json
0	1109	1263	288	0	0	0	0	0	0	0	-1	-1	503	evidence-gap:other_mechanism	output/scratch-14/classify.stderr	1	0	output/scratch-14/witnesses/0503_R.json	0	output/scratch-14/witnesses/0503_G.json	0	output/scratch-14/witnesses/0503_requirement.json
0	1278	1263	288	0	0	0	0	0	0	0	-1	-1	504	evidence-gap:other_mechanism	output/scratch-14/classify.stderr	0	0	output/scratch-14/witnesses/0504_R.json	0	output/scratch-14/witnesses/0504_G.json	0	output/scratch-14/witnesses/0504_requirement.json
0	1248	1264	288	0	0	0	0	0	0	0	-1	-1	505	evidence-gap:other_mechanism	output/scratch-14/classify.stderr	1	0	output/scratch-14/witnesses/0505_R.json	0	output/scratch-14/witnesses/0505_G.json	0	output/scratch-14/witnesses/0505_requirement.json
0	1248	1266	288	0	0	0	0	0	0	0	-1	-1	506	evidence-gap:other_mechanism	output/scratch-14/classify.stderr	1	0	output/scratch-14/witnesses/0506_R.json	0	output/scratch-14/witnesses/0506_G.json	0	output/scratch-14/witnesses/0506_requirement.json
0	1109	1268	288	0	0	0	0	0	0	0	-1	-1	507	evidence-gap:other_mechanism	output/scratch-14/classify.stderr	1	0	output/scratch-14/witnesses/0507_R.json	0	output/scratch-14/witnesses/0507_G.json	0	output/scratch-14/witnesses/0507_requirement.json
0	1841	1268	578	0	0	0	0	0	0	0	-1	-1	508	evidence-gap:other_mechanism	output/scratch-14/classify.stderr	0	0	output/scratch-14/witnesses/0508_R.json	0	output/scratch-14/witnesses/0508_G.json	0	output/scratch-14/witnesses/0508_requirement.json
0	1765	1269	578	0	0	0	0	0	0	0	-1	-1	509	evidence-gap:other_mechanism	output/scratch-14/classify.stderr	0	0	output/scratch-14/witnesses/0509_R.json	0	output/scratch-14/witnesses/0509_G.json	0	output/scratch-14/witnesses/0509_requirement.json
0	1756	1270	578	0	0	0	0	0	0	0	-1	-1	510	evidence-gap:other_mechanism	output/scratch-14/classify.stderr	0	0	output/scratch-14/witnesses/0510_R.json	0	output/scratch-14/witnesses/0510_G.json	0	output/scratch-14/witnesses/0510_requirement.json
0	1759	1270	578	0	0	0	0	0	0	0	-1	-1	511	evidence-gap:other_mechanism	output/scratch-14/classify.stderr	0	0	output/scratch-14/witnesses/0511_R.json	0	output/scratch-14/witnesses/0511_G.json	0	output/scratch-14/witnesses/0511_requirement.json
0	1712	1274	288	0	0	0	0	0	0	0	-1	-1	512	evidence-gap:other_mechanism	output/scratch-14/classify.stderr	1	0	output/scratch-14/witnesses/0512_R.json	0	output/scratch-14/witnesses/0512_G.json	0	output/scratch-14/witnesses/0512_requirement.json
0	1722	1275	288	0	0	0	0	0	0	0	-1	-1	513	evidence-gap:other_mechanism	output/scratch-14/classify.stderr	0	0	output/scratch-14/witnesses/0513_R.json	0	output/scratch-14/witnesses/0513_G.json	0	output/scratch-14/witnesses/0513_requirement.json
0	1248	1277	288	0	0	0	0	0	0	0	-1	-1	514	evidence-gap:other_mechanism	output/scratch-14/classify.stderr	1	0	output/scratch-14/witnesses/0514_R.json	0	output/scratch-14/witnesses/0514_G.json	0	output/scratch-14/witnesses/0514_requirement.json
0	1248	1279	288	0	0	0	0	0	0	0	-1	-1	515	evidence-gap:other_mechanism	output/scratch-14/classify.stderr	0	1	output/scratch-14/witnesses/0515_R.json	0	output/scratch-14/witnesses/0515_G.json	0	output/scratch-14/witnesses/0515_requirement.json
0	1535	1279	288	0	0	0	0	0	0	0	-1	-1	516	evidence-gap:other_mechanism	output/scratch-14/classify.stderr	0	0	output/scratch-14/witnesses/0516_R.json	0	output/scratch-14/witnesses/0516_G.json	0	output/scratch-14/witnesses/0516_requirement.json
0	1777	1279	291	0	0	0	0	0	0	0	-1	-1	517	evidence-gap:other_mechanism	output/scratch-14/classify.stderr	1	0	output/scratch-14/witnesses/0517_R.json	0	output/scratch-14/witnesses/0517_G.json	0	output/scratch-14/witnesses/0517_requirement.json
0	1248	1281	288	0	0	0	0	0	0	0	-1	-1	518	evidence-gap:other_mechanism	output/scratch-14/classify.stderr	0	1	output/scratch-14/witnesses/0518_R.json	0	output/scratch-14/witnesses/0518_G.json	0	output/scratch-14/witnesses/0518_requirement.json
0	1401	1281	288	0	0	0	0	0	0	0	-1	-1	519	evidence-gap:other_mechanism	output/scratch-14/classify.stderr	1	0	output/scratch-14/witnesses/0519_R.json	0	output/scratch-14/witnesses/0519_G.json	0	output/scratch-14/witnesses/0519_requirement.json
0	1248	1283	288	0	0	0	0	0	0	0	-1	-1	520	evidence-gap:other_mechanism	output/scratch-14/classify.stderr	0	1	output/scratch-14/witnesses/0520_R.json	0	output/scratch-14/witnesses/0520_G.json	0	output/scratch-14/witnesses/0520_requirement.json
0	1248	1285	288	0	0	0	0	0	0	0	-1	-1	521	evidence-gap:other_mechanism	output/scratch-14/classify.stderr	0	1	output/scratch-14/witnesses/0521_R.json	0	output/scratch-14/witnesses/0521_G.json	0	output/scratch-14/witnesses/0521_requirement.json
0	1248	1290	288	0	0	0	0	0	0	0	-1	-1	522	evidence-gap:other_mechanism	output/scratch-14/classify.stderr	1	0	output/scratch-14/witnesses/0522_R.json	0	output/scratch-14/witnesses/0522_G.json	0	output/scratch-14/witnesses/0522_requirement.json
0	1715	1291	288	0	0	0	0	0	0	0	-1	-1	523	evidence-gap:other_mechanism	output/scratch-14/classify.stderr	0	0	output/scratch-14/witnesses/0523_R.json	0	output/scratch-14/witnesses/0523_G.json	0	output/scratch-14/witnesses/0523_requirement.json
0	1248	1292	288	0	0	0	0	0	0	0	-1	-1	524	evidence-gap:other_mechanism	output/scratch-14/classify.stderr	1	0	output/scratch-14/witnesses/0524_R.json	0	output/scratch-14/witnesses/0524_G.json	0	output/scratch-14/witnesses/0524_requirement.json
0	1248	1296	288	0	0	0	0	0	0	0	-1	-1	525	evidence-gap:other_mechanism	output/scratch-14/classify.stderr	0	1	output/scratch-14/witnesses/0525_R.json	0	output/scratch-14/witnesses/0525_G.json	0	output/scratch-14/witnesses/0525_requirement.json
0	1699	1296	288	0	0	0	0	0	0	0	-1	-1	526	evidence-gap:other_mechanism	output/scratch-14/classify.stderr	0	0	output/scratch-14/witnesses/0526_R.json	0	output/scratch-14/witnesses/0526_G.json	0	output/scratch-14/witnesses/0526_requirement.json
0	1248	1298	288	0	0	0	0	0	0	0	-1	-1	527	evidence-gap:other_mechanism	output/scratch-14/classify.stderr	0	1	output/scratch-14/witnesses/0527_R.json	0	output/scratch-14/witnesses/0527_G.json	0	output/scratch-14/witnesses/0527_requirement.json
0	1248	1301	288	0	0	0	0	0	0	0	-1	-1	528	evidence-gap:other_mechanism	output/scratch-14/classify.stderr	0	1	output/scratch-14/witnesses/0528_R.json	0	output/scratch-14/witnesses/0528_G.json	0	output/scratch-14/witnesses/0528_requirement.json
0	1248	1303	288	0	0	0	0	0	0	0	-1	-1	529	evidence-gap:other_mechanism	output/scratch-14/classify.stderr	1	0	output/scratch-14/witnesses/0529_R.json	0	output/scratch-14/witnesses/0529_G.json	0	output/scratch-14/witnesses/0529_requirement.json
0	1248	1305	288	0	0	0	0	0	0	0	-1	-1	530	evidence-gap:other_mechanism	output/scratch-14/classify.stderr	1	0	output/scratch-14/witnesses/0530_R.json	0	output/scratch-14/witnesses/0530_G.json	0	output/scratch-14/witnesses/0530_requirement.json
0	1248	1307	288	0	0	0	0	0	0	0	-1	-1	531	evidence-gap:other_mechanism	output/scratch-14/classify.stderr	1	0	output/scratch-14/witnesses/0531_R.json	0	output/scratch-14/witnesses/0531_G.json	0	output/scratch-14/witnesses/0531_requirement.json
0	1248	1309	288	0	0	0	0	0	0	0	-1	-1	532	evidence-gap:other_mechanism	output/scratch-14/classify.stderr	1	0	output/scratch-14/witnesses/0532_R.json	0	output/scratch-14/witnesses/0532_G.json	0	output/scratch-14/witnesses/0532_requirement.json
0	1248	1311	288	0	0	0	0	0	0	0	-1	-1	533	evidence-gap:other_mechanism	output/scratch-14/classify.stderr	1	0	output/scratch-14/witnesses/0533_R.json	0	output/scratch-14/witnesses/0533_G.json	0	output/scratch-14/witnesses/0533_requirement.json
0	644	1312	288	0	0	0	0	0	0	0	-1	-1	534	evidence-gap:other_mechanism	output/scratch-14/classify.stderr	0	0	output/scratch-14/witnesses/0534_R.json	1	output/scratch-14/witnesses/0534_G.json	0	output/scratch-14/witnesses/0534_requirement.json
0	646	1312	288	0	0	0	0	0	0	0	-1	-1	535	evidence-gap:other_mechanism	output/scratch-14/classify.stderr	0	0	output/scratch-14/witnesses/0535_R.json	1	output/scratch-14/witnesses/0535_G.json	0	output/scratch-14/witnesses/0535_requirement.json
0	649	1312	288	0	0	0	0	0	0	0	-1	-1	536	evidence-gap:other_mechanism	output/scratch-14/classify.stderr	0	0	output/scratch-14/witnesses/0536_R.json	1	output/scratch-14/witnesses/0536_G.json	0	output/scratch-14/witnesses/0536_requirement.json
0	653	1312	288	0	0	0	0	0	0	0	-1	-1	537	evidence-gap:other_mechanism	output/scratch-14/classify.stderr	0	0	output/scratch-14/witnesses/0537_R.json	1	output/scratch-14/witnesses/0537_G.json	0	output/scratch-14/witnesses/0537_requirement.json
0	656	1312	288	0	0	0	0	0	0	0	-1	-1	538	evidence-gap:other_mechanism	output/scratch-14/classify.stderr	0	0	output/scratch-14/witnesses/0538_R.json	1	output/scratch-14/witnesses/0538_G.json	0	output/scratch-14/witnesses/0538_requirement.json
0	659	1312	288	0	0	0	0	0	0	0	-1	-1	539	evidence-gap:other_mechanism	output/scratch-14/classify.stderr	0	0	output/scratch-14/witnesses/0539_R.json	1	output/scratch-14/witnesses/0539_G.json	0	output/scratch-14/witnesses/0539_requirement.json
0	663	1312	288	0	0	0	0	0	0	0	-1	-1	540	evidence-gap:other_mechanism	output/scratch-14/classify.stderr	0	0	output/scratch-14/witnesses/0540_R.json	1	output/scratch-14/witnesses/0540_G.json	0	output/scratch-14/witnesses/0540_requirement.json
0	666	1312	288	0	0	0	0	0	0	0	-1	-1	541	evidence-gap:other_mechanism	output/scratch-14/classify.stderr	0	0	output/scratch-14/witnesses/0541_R.json	1	output/scratch-14/witnesses/0541_G.json	0	output/scratch-14/witnesses/0541_requirement.json
0	671	1312	288	0	0	0	0	0	0	0	-1	-1	542	evidence-gap:other_mechanism	output/scratch-14/classify.stderr	0	0	output/scratch-14/witnesses/0542_R.json	1	output/scratch-14/witnesses/0542_G.json	0	output/scratch-14/witnesses/0542_requirement.json
0	674	1312	288	0	0	0	0	0	0	0	-1	-1	543	evidence-gap:other_mechanism	output/scratch-14/classify.stderr	0	0	output/scratch-14/witnesses/0543_R.json	1	output/scratch-14/witnesses/0543_G.json	0	output/scratch-14/witnesses/0543_requirement.json
0	677	1312	288	0	0	0	0	0	0	0	-1	-1	544	evidence-gap:other_mechanism	output/scratch-14/classify.stderr	0	0	output/scratch-14/witnesses/0544_R.json	1	output/scratch-14/witnesses/0544_G.json	0	output/scratch-14/witnesses/0544_requirement.json
0	680	1312	288	0	0	0	0	0	0	0	-1	-1	545	evidence-gap:other_mechanism	output/scratch-14/classify.stderr	0	0	output/scratch-14/witnesses/0545_R.json	1	output/scratch-14/witnesses/0545_G.json	0	output/scratch-14/witnesses/0545_requirement.json
0	684	1312	288	0	0	0	0	0	0	0	-1	-1	546	evidence-gap:other_mechanism	output/scratch-14/classify.stderr	0	0	output/scratch-14/witnesses/0546_R.json	1	output/scratch-14/witnesses/0546_G.json	0	output/scratch-14/witnesses/0546_requirement.json
0	687	1312	288	0	0	0	0	0	0	0	-1	-1	547	evidence-gap:other_mechanism	output/scratch-14/classify.stderr	0	0	output/scratch-14/witnesses/0547_R.json	1	output/scratch-14/witnesses/0547_G.json	0	output/scratch-14/witnesses/0547_requirement.json
0	690	1312	288	0	0	0	0	0	0	0	-1	-1	548	evidence-gap:other_mechanism	output/scratch-14/classify.stderr	0	0	output/scratch-14/witnesses/0548_R.json	1	output/scratch-14/witnesses/0548_G.json	0	output/scratch-14/witnesses/0548_requirement.json
0	693	1312	288	0	0	0	0	0	0	0	-1	-1	549	evidence-gap:other_mechanism	output/scratch-14/classify.stderr	0	0	output/scratch-14/witnesses/0549_R.json	1	output/scratch-14/witnesses/0549_G.json	0	output/scratch-14/witnesses/0549_requirement.json
0	697	1312	288	0	0	0	0	0	0	0	-1	-1	550	evidence-gap:other_mechanism	output/scratch-14/classify.stderr	0	0	output/scratch-14/witnesses/0550_R.json	1	output/scratch-14/witnesses/0550_G.json	0	output/scratch-14/witnesses/0550_requirement.json
0	700	1312	288	0	0	0	0	0	0	0	-1	-1	551	evidence-gap:other_mechanism	output/scratch-14/classify.stderr	0	0	output/scratch-14/witnesses/0551_R.json	1	output/scratch-14/witnesses/0551_G.json	0	output/scratch-14/witnesses/0551_requirement.json
0	703	1312	288	0	0	0	0	0	0	0	-1	-1	552	evidence-gap:other_mechanism	output/scratch-14/classify.stderr	0	0	output/scratch-14/witnesses/0552_R.json	1	output/scratch-14/witnesses/0552_G.json	0	output/scratch-14/witnesses/0552_requirement.json
0	707	1312	288	0	0	0	0	0	0	0	-1	-1	553	evidence-gap:other_mechanism	output/scratch-14/classify.stderr	0	0	output/scratch-14/witnesses/0553_R.json	1	output/scratch-14/witnesses/0553_G.json	0	output/scratch-14/witnesses/0553_requirement.json
0	710	1312	288	0	0	0	0	0	0	0	-1	-1	554	evidence-gap:other_mechanism	output/scratch-14/classify.stderr	0	0	output/scratch-14/witnesses/0554_R.json	1	output/scratch-14/witnesses/0554_G.json	0	output/scratch-14/witnesses/0554_requirement.json
0	715	1312	288	0	0	0	0	0	0	0	-1	-1	555	evidence-gap:other_mechanism	output/scratch-14/classify.stderr	0	0	output/scratch-14/witnesses/0555_R.json	1	output/scratch-14/witnesses/0555_G.json	0	output/scratch-14/witnesses/0555_requirement.json
0	719	1312	288	0	0	0	0	0	0	0	-1	-1	556	evidence-gap:other_mechanism	output/scratch-14/classify.stderr	0	0	output/scratch-14/witnesses/0556_R.json	1	output/scratch-14/witnesses/0556_G.json	0	output/scratch-14/witnesses/0556_requirement.json
0	722	1312	288	0	0	0	0	0	0	0	-1	-1	557	evidence-gap:other_mechanism	output/scratch-14/classify.stderr	0	0	output/scratch-14/witnesses/0557_R.json	1	output/scratch-14/witnesses/0557_G.json	0	output/scratch-14/witnesses/0557_requirement.json
0	728	1312	288	0	0	0	0	0	0	0	-1	-1	558	evidence-gap:other_mechanism	output/scratch-14/classify.stderr	0	0	output/scratch-14/witnesses/0558_R.json	1	output/scratch-14/witnesses/0558_G.json	0	output/scratch-14/witnesses/0558_requirement.json
0	732	1312	288	0	0	0	0	0	0	0	-1	-1	559	evidence-gap:other_mechanism	output/scratch-14/classify.stderr	0	0	output/scratch-14/witnesses/0559_R.json	1	output/scratch-14/witnesses/0559_G.json	0	output/scratch-14/witnesses/0559_requirement.json
0	735	1312	288	0	0	0	0	0	0	0	-1	-1	560	evidence-gap:other_mechanism	output/scratch-14/classify.stderr	0	0	output/scratch-14/witnesses/0560_R.json	1	output/scratch-14/witnesses/0560_G.json	0	output/scratch-14/witnesses/0560_requirement.json
0	738	1312	288	0	0	0	0	0	0	0	-1	-1	561	evidence-gap:other_mechanism	output/scratch-14/classify.stderr	0	0	output/scratch-14/witnesses/0561_R.json	1	output/scratch-14/witnesses/0561_G.json	0	output/scratch-14/witnesses/0561_requirement.json
0	1248	1314	288	0	0	0	0	0	0	0	-1	-1	562	evidence-gap:other_mechanism	output/scratch-14/classify.stderr	0	1	output/scratch-14/witnesses/0562_R.json	0	output/scratch-14/witnesses/0562_G.json	0	output/scratch-14/witnesses/0562_requirement.json
0	1505	1315	288	0	0	0	0	0	0	0	-1	-1	563	evidence-gap:other_mechanism	output/scratch-14/classify.stderr	0	1	output/scratch-14/witnesses/0563_R.json	0	output/scratch-14/witnesses/0563_G.json	0	output/scratch-14/witnesses/0563_requirement.json
0	1636	1324	288	0	0	0	0	0	0	0	-1	-1	564	evidence-gap:other_mechanism	output/scratch-14/classify.stderr	0	0	output/scratch-14/witnesses/0564_R.json	0	output/scratch-14/witnesses/0564_G.json	0	output/scratch-14/witnesses/0564_requirement.json
0	1637	1325	288	0	0	0	0	0	0	0	-1	-1	565	evidence-gap:other_mechanism	output/scratch-14/classify.stderr	0	0	output/scratch-14/witnesses/0565_R.json	0	output/scratch-14/witnesses/0565_G.json	0	output/scratch-14/witnesses/0565_requirement.json
0	1192	1333	288	0	0	0	0	0	0	0	-1	-1	566	evidence-gap:other_mechanism	output/scratch-14/classify.stderr	0	0	output/scratch-14/witnesses/0566_R.json	0	output/scratch-14/witnesses/0566_G.json	0	output/scratch-14/witnesses/0566_requirement.json
0	1904	1350	288	0	0	0	0	0	0	0	-1	-1	567	evidence-gap:other_mechanism	output/scratch-14/classify.stderr	0	0	output/scratch-14/witnesses/0567_R.json	1	output/scratch-14/witnesses/0567_G.json	0	output/scratch-14/witnesses/0567_requirement.json
0	1248	1352	288	0	0	0	0	0	0	0	-1	-1	568	evidence-gap:other_mechanism	output/scratch-14/classify.stderr	0	1	output/scratch-14/witnesses/0568_R.json	0	output/scratch-14/witnesses/0568_G.json	0	output/scratch-14/witnesses/0568_requirement.json
0	1248	1355	288	0	0	0	0	0	0	0	-1	-1	569	evidence-gap:other_mechanism	output/scratch-14/classify.stderr	0	1	output/scratch-14/witnesses/0569_R.json	0	output/scratch-14/witnesses/0569_G.json	0	output/scratch-14/witnesses/0569_requirement.json
0	1248	1357	288	0	0	0	0	0	0	0	-1	-1	570	evidence-gap:other_mechanism	output/scratch-14/classify.stderr	0	1	output/scratch-14/witnesses/0570_R.json	0	output/scratch-14/witnesses/0570_G.json	0	output/scratch-14/witnesses/0570_requirement.json
0	1248	1359	288	0	0	0	0	0	0	0	-1	-1	571	evidence-gap:other_mechanism	output/scratch-14/classify.stderr	0	1	output/scratch-14/witnesses/0571_R.json	0	output/scratch-14/witnesses/0571_G.json	0	output/scratch-14/witnesses/0571_requirement.json
0	1248	1361	288	0	0	0	0	0	0	0	-1	-1	572	evidence-gap:other_mechanism	output/scratch-14/classify.stderr	1	0	output/scratch-14/witnesses/0572_R.json	0	output/scratch-14/witnesses/0572_G.json	0	output/scratch-14/witnesses/0572_requirement.json
0	1574	1361	288	0	0	0	0	0	0	0	-1	-1	573	evidence-gap:other_mechanism	output/scratch-14/classify.stderr	0	0	output/scratch-14/witnesses/0573_R.json	0	output/scratch-14/witnesses/0573_G.json	0	output/scratch-14/witnesses/0573_requirement.json
0	1248	1363	288	0	0	0	0	0	0	0	-1	-1	574	evidence-gap:other_mechanism	output/scratch-14/classify.stderr	1	0	output/scratch-14/witnesses/0574_R.json	0	output/scratch-14/witnesses/0574_G.json	0	output/scratch-14/witnesses/0574_requirement.json
0	1248	1365	288	0	0	0	0	0	0	0	-1	-1	575	evidence-gap:other_mechanism	output/scratch-14/classify.stderr	1	0	output/scratch-14/witnesses/0575_R.json	0	output/scratch-14/witnesses/0575_G.json	0	output/scratch-14/witnesses/0575_requirement.json
0	1248	1368	288	0	0	0	0	0	0	0	-1	-1	576	evidence-gap:other_mechanism	output/scratch-14/classify.stderr	1	0	output/scratch-14/witnesses/0576_R.json	0	output/scratch-14/witnesses/0576_G.json	0	output/scratch-14/witnesses/0576_requirement.json
0	1248	1370	288	0	0	0	0	0	0	0	-1	-1	577	evidence-gap:other_mechanism	output/scratch-14/classify.stderr	1	0	output/scratch-14/witnesses/0577_R.json	0	output/scratch-14/witnesses/0577_G.json	0	output/scratch-14/witnesses/0577_requirement.json
0	1248	1372	288	0	0	0	0	0	0	0	-1	-1	578	evidence-gap:other_mechanism	output/scratch-14/classify.stderr	1	0	output/scratch-14/witnesses/0578_R.json	0	output/scratch-14/witnesses/0578_G.json	0	output/scratch-14/witnesses/0578_requirement.json
0	1248	1374	288	0	0	0	0	0	0	0	-1	-1	579	evidence-gap:other_mechanism	output/scratch-14/classify.stderr	1	0	output/scratch-14/witnesses/0579_R.json	0	output/scratch-14/witnesses/0579_G.json	0	output/scratch-14/witnesses/0579_requirement.json
0	1596	1375	288	0	0	0	0	0	0	0	-1	-1	580	evidence-gap:other_mechanism	output/scratch-14/classify.stderr	0	0	output/scratch-14/witnesses/0580_R.json	0	output/scratch-14/witnesses/0580_G.json	0	output/scratch-14/witnesses/0580_requirement.json
0	1248	1376	288	0	0	0	0	0	0	0	-1	-1	581	evidence-gap:other_mechanism	output/scratch-14/classify.stderr	1	0	output/scratch-14/witnesses/0581_R.json	0	output/scratch-14/witnesses/0581_G.json	0	output/scratch-14/witnesses/0581_requirement.json
0	1545	1377	288	0	0	0	0	0	0	0	-1	-1	582	evidence-gap:other_mechanism	output/scratch-14/classify.stderr	0	0	output/scratch-14/witnesses/0582_R.json	0	output/scratch-14/witnesses/0582_G.json	0	output/scratch-14/witnesses/0582_requirement.json
0	1248	1378	288	0	0	0	0	0	0	0	-1	-1	583	evidence-gap:other_mechanism	output/scratch-14/classify.stderr	1	0	output/scratch-14/witnesses/0583_R.json	0	output/scratch-14/witnesses/0583_G.json	0	output/scratch-14/witnesses/0583_requirement.json
0	1607	1382	288	0	0	0	0	0	0	0	-1	-1	584	evidence-gap:other_mechanism	output/scratch-14/classify.stderr	0	0	output/scratch-14/witnesses/0584_R.json	0	output/scratch-14/witnesses/0584_G.json	0	output/scratch-14/witnesses/0584_requirement.json
0	1248	1383	288	0	0	0	0	0	0	0	-1	-1	585	evidence-gap:other_mechanism	output/scratch-14/classify.stderr	0	0	output/scratch-14/witnesses/0585_R.json	0	output/scratch-14/witnesses/0585_G.json	0	output/scratch-14/witnesses/0585_requirement.json
0	1745	1385	288	0	0	0	0	0	0	0	-1	-1	586	evidence-gap:other_mechanism	output/scratch-14/classify.stderr	0	0	output/scratch-14/witnesses/0586_R.json	0	output/scratch-14/witnesses/0586_G.json	0	output/scratch-14/witnesses/0586_requirement.json
0	1248	1387	288	0	0	0	0	0	0	0	-1	-1	587	evidence-gap:other_mechanism	output/scratch-14/classify.stderr	0	0	output/scratch-14/witnesses/0587_R.json	0	output/scratch-14/witnesses/0587_G.json	0	output/scratch-14/witnesses/0587_requirement.json
0	1248	1389	288	0	0	0	0	0	0	0	-1	-1	588	evidence-gap:other_mechanism	output/scratch-14/classify.stderr	0	0	output/scratch-14/witnesses/0588_R.json	0	output/scratch-14/witnesses/0588_G.json	0	output/scratch-14/witnesses/0588_requirement.json
0	1248	1391	288	0	0	0	0	0	0	0	-1	-1	589	evidence-gap:other_mechanism	output/scratch-14/classify.stderr	0	0	output/scratch-14/witnesses/0589_R.json	0	output/scratch-14/witnesses/0589_G.json	0	output/scratch-14/witnesses/0589_requirement.json
0	1152	1392	288	0	0	0	0	0	0	0	-1	-1	590	evidence-gap:other_mechanism	output/scratch-14/classify.stderr	1	0	output/scratch-14/witnesses/0590_R.json	0	output/scratch-14/witnesses/0590_G.json	0	output/scratch-14/witnesses/0590_requirement.json
0	1248	1393	288	0	0	0	0	0	0	0	-1	-1	591	evidence-gap:other_mechanism	output/scratch-14/classify.stderr	0	1	output/scratch-14/witnesses/0591_R.json	0	output/scratch-14/witnesses/0591_G.json	0	output/scratch-14/witnesses/0591_requirement.json
0	1248	1396	288	0	0	0	0	0	0	0	-1	-1	592	evidence-gap:other_mechanism	output/scratch-14/classify.stderr	0	1	output/scratch-14/witnesses/0592_R.json	0	output/scratch-14/witnesses/0592_G.json	0	output/scratch-14/witnesses/0592_requirement.json
0	1248	1398	288	0	0	0	0	0	0	0	-1	-1	593	evidence-gap:other_mechanism	output/scratch-14/classify.stderr	1	0	output/scratch-14/witnesses/0593_R.json	0	output/scratch-14/witnesses/0593_G.json	0	output/scratch-14/witnesses/0593_requirement.json
0	1248	1400	288	0	0	0	0	0	0	0	-1	-1	594	evidence-gap:other_mechanism	output/scratch-14/classify.stderr	1	0	output/scratch-14/witnesses/0594_R.json	0	output/scratch-14/witnesses/0594_G.json	0	output/scratch-14/witnesses/0594_requirement.json
0	918	1401	288	0	0	0	0	0	0	0	-1	-1	595	evidence-gap:other_mechanism	output/scratch-14/classify.stderr	0	0	output/scratch-14/witnesses/0595_R.json	0	output/scratch-14/witnesses/0595_G.json	0	output/scratch-14/witnesses/0595_requirement.json
0	1248	1402	288	0	0	0	0	0	0	0	-1	-1	596	evidence-gap:other_mechanism	output/scratch-14/classify.stderr	1	0	output/scratch-14/witnesses/0596_R.json	0	output/scratch-14/witnesses/0596_G.json	0	output/scratch-14/witnesses/0596_requirement.json
0	1248	1404	288	0	0	0	0	0	0	0	-1	-1	597	evidence-gap:other_mechanism	output/scratch-14/classify.stderr	0	1	output/scratch-14/witnesses/0597_R.json	0	output/scratch-14/witnesses/0597_G.json	0	output/scratch-14/witnesses/0597_requirement.json
0	660	1406	288	0	0	0	0	0	0	0	-1	-1	598	evidence-gap:other_mechanism	output/scratch-14/classify.stderr	0	0	output/scratch-14/witnesses/0598_R.json	1	output/scratch-14/witnesses/0598_G.json	0	output/scratch-14/witnesses/0598_requirement.json
0	665	1406	288	0	0	0	0	0	0	0	-1	-1	599	evidence-gap:other_mechanism	output/scratch-14/classify.stderr	0	0	output/scratch-14/witnesses/0599_R.json	1	output/scratch-14/witnesses/0599_G.json	0	output/scratch-14/witnesses/0599_requirement.json
0	1248	1406	288	0	0	0	0	0	0	0	-1	-1	600	evidence-gap:other_mechanism	output/scratch-14/classify.stderr	0	1	output/scratch-14/witnesses/0600_R.json	0	output/scratch-14/witnesses/0600_G.json	0	output/scratch-14/witnesses/0600_requirement.json
0	1248	1409	288	0	0	0	0	0	0	0	-1	-1	601	evidence-gap:other_mechanism	output/scratch-14/classify.stderr	0	1	output/scratch-14/witnesses/0601_R.json	0	output/scratch-14/witnesses/0601_G.json	0	output/scratch-14/witnesses/0601_requirement.json
0	1248	1411	288	0	0	0	0	0	0	0	-1	-1	602	evidence-gap:other_mechanism	output/scratch-14/classify.stderr	0	1	output/scratch-14/witnesses/0602_R.json	0	output/scratch-14/witnesses/0602_G.json	0	output/scratch-14/witnesses/0602_requirement.json
0	1248	1413	288	0	0	0	0	0	0	0	-1	-1	603	evidence-gap:other_mechanism	output/scratch-14/classify.stderr	0	1	output/scratch-14/witnesses/0603_R.json	0	output/scratch-14/witnesses/0603_G.json	0	output/scratch-14/witnesses/0603_requirement.json
0	1248	1417	288	0	0	0	0	0	0	0	-1	-1	604	evidence-gap:other_mechanism	output/scratch-14/classify.stderr	0	1	output/scratch-14/witnesses/0604_R.json	0	output/scratch-14/witnesses/0604_G.json	0	output/scratch-14/witnesses/0604_requirement.json
0	1696	1424	288	0	0	0	0	0	0	0	-1	-1	605	evidence-gap:other_mechanism	output/scratch-14/classify.stderr	0	0	output/scratch-14/witnesses/0605_R.json	0	output/scratch-14/witnesses/0605_G.json	0	output/scratch-14/witnesses/0605_requirement.json
0	1677	1427	288	0	0	0	0	0	0	0	-1	-1	606	evidence-gap:other_mechanism	output/scratch-14/classify.stderr	0	0	output/scratch-14/witnesses/0606_R.json	0	output/scratch-14/witnesses/0606_G.json	0	output/scratch-14/witnesses/0606_requirement.json
0	962	1432	288	0	0	0	0	0	0	0	-1	-1	607	evidence-gap:other_mechanism	output/scratch-14/classify.stderr	0	0	output/scratch-14/witnesses/0607_R.json	0	output/scratch-14/witnesses/0607_G.json	0	output/scratch-14/witnesses/0607_requirement.json
0	1248	1432	288	0	0	0	0	0	0	0	-1	-1	608	evidence-gap:other_mechanism	output/scratch-14/classify.stderr	0	1	output/scratch-14/witnesses/0608_R.json	0	output/scratch-14/witnesses/0608_G.json	0	output/scratch-14/witnesses/0608_requirement.json
0	1248	1435	288	0	0	0	0	0	0	0	-1	-1	609	evidence-gap:other_mechanism	output/scratch-14/classify.stderr	0	1	output/scratch-14/witnesses/0609_R.json	0	output/scratch-14/witnesses/0609_G.json	0	output/scratch-14/witnesses/0609_requirement.json
0	1248	1437	288	0	0	0	0	0	0	0	-1	-1	610	evidence-gap:other_mechanism	output/scratch-14/classify.stderr	0	1	output/scratch-14/witnesses/0610_R.json	0	output/scratch-14/witnesses/0610_G.json	0	output/scratch-14/witnesses/0610_requirement.json
0	1002	1460	288	0	0	0	0	0	0	0	-1	-1	611	evidence-gap:other_mechanism	output/scratch-14/classify.stderr	0	0	output/scratch-14/witnesses/0611_R.json	0	output/scratch-14/witnesses/0611_G.json	0	output/scratch-14/witnesses/0611_requirement.json
0	1248	1463	288	0	0	0	0	0	0	0	-1	-1	612	evidence-gap:other_mechanism	output/scratch-14/classify.stderr	1	0	output/scratch-14/witnesses/0612_R.json	0	output/scratch-14/witnesses/0612_G.json	0	output/scratch-14/witnesses/0612_requirement.json
0	1248	1465	288	0	0	0	0	0	0	0	-1	-1	613	evidence-gap:other_mechanism	output/scratch-14/classify.stderr	0	1	output/scratch-14/witnesses/0613_R.json	0	output/scratch-14/witnesses/0613_G.json	0	output/scratch-14/witnesses/0613_requirement.json
0	1248	1467	288	0	0	0	0	0	0	0	-1	-1	614	evidence-gap:other_mechanism	output/scratch-14/classify.stderr	0	1	output/scratch-14/witnesses/0614_R.json	0	output/scratch-14/witnesses/0614_G.json	0	output/scratch-14/witnesses/0614_requirement.json
0	1248	1469	288	0	0	0	0	0	0	0	-1	-1	615	evidence-gap:other_mechanism	output/scratch-14/classify.stderr	0	1	output/scratch-14/witnesses/0615_R.json	0	output/scratch-14/witnesses/0615_G.json	0	output/scratch-14/witnesses/0615_requirement.json
0	1248	1471	288	0	0	0	0	0	0	0	-1	-1	616	evidence-gap:other_mechanism	output/scratch-14/classify.stderr	0	1	output/scratch-14/witnesses/0616_R.json	0	output/scratch-14/witnesses/0616_G.json	0	output/scratch-14/witnesses/0616_requirement.json
0	1961	1471	288	0	0	0	0	0	0	0	-1	-1	617	evidence-gap:other_mechanism	output/scratch-14/classify.stderr	0	0	output/scratch-14/witnesses/0617_R.json	1	output/scratch-14/witnesses/0617_G.json	0	output/scratch-14/witnesses/0617_requirement.json
0	1962	1471	288	0	0	0	0	0	0	0	-1	-1	618	evidence-gap:other_mechanism	output/scratch-14/classify.stderr	0	0	output/scratch-14/witnesses/0618_R.json	1	output/scratch-14/witnesses/0618_G.json	0	output/scratch-14/witnesses/0618_requirement.json
0	1964	1471	288	0	0	0	0	0	0	0	-1	-1	619	evidence-gap:other_mechanism	output/scratch-14/classify.stderr	0	0	output/scratch-14/witnesses/0619_R.json	1	output/scratch-14/witnesses/0619_G.json	0	output/scratch-14/witnesses/0619_requirement.json
0	1965	1471	288	0	0	0	0	0	0	0	-1	-1	620	evidence-gap:other_mechanism	output/scratch-14/classify.stderr	0	0	output/scratch-14/witnesses/0620_R.json	1	output/scratch-14/witnesses/0620_G.json	0	output/scratch-14/witnesses/0620_requirement.json
0	1966	1471	288	0	0	0	0	0	0	0	-1	-1	621	evidence-gap:other_mechanism	output/scratch-14/classify.stderr	0	0	output/scratch-14/witnesses/0621_R.json	1	output/scratch-14/witnesses/0621_G.json	0	output/scratch-14/witnesses/0621_requirement.json
0	1967	1471	288	0	0	0	0	0	0	0	-1	-1	622	evidence-gap:other_mechanism	output/scratch-14/classify.stderr	0	0	output/scratch-14/witnesses/0622_R.json	1	output/scratch-14/witnesses/0622_G.json	0	output/scratch-14/witnesses/0622_requirement.json
0	1969	1471	288	0	0	0	0	0	0	0	-1	-1	623	evidence-gap:other_mechanism	output/scratch-14/classify.stderr	0	0	output/scratch-14/witnesses/0623_R.json	1	output/scratch-14/witnesses/0623_G.json	0	output/scratch-14/witnesses/0623_requirement.json
0	1971	1471	288	0	0	0	0	0	0	0	-1	-1	624	evidence-gap:other_mechanism	output/scratch-14/classify.stderr	0	0	output/scratch-14/witnesses/0624_R.json	1	output/scratch-14/witnesses/0624_G.json	0	output/scratch-14/witnesses/0624_requirement.json
0	1972	1471	288	0	0	0	0	0	0	0	-1	-1	625	evidence-gap:other_mechanism	output/scratch-14/classify.stderr	0	0	output/scratch-14/witnesses/0625_R.json	1	output/scratch-14/witnesses/0625_G.json	0	output/scratch-14/witnesses/0625_requirement.json
0	1974	1471	288	0	0	0	0	0	0	0	-1	-1	626	evidence-gap:other_mechanism	output/scratch-14/classify.stderr	0	0	output/scratch-14/witnesses/0626_R.json	1	output/scratch-14/witnesses/0626_G.json	0	output/scratch-14/witnesses/0626_requirement.json
0	1975	1471	288	0	0	0	0	0	0	0	-1	-1	627	evidence-gap:other_mechanism	output/scratch-14/classify.stderr	0	0	output/scratch-14/witnesses/0627_R.json	1	output/scratch-14/witnesses/0627_G.json	0	output/scratch-14/witnesses/0627_requirement.json
0	1248	1473	288	0	0	0	0	0	0	0	-1	-1	628	evidence-gap:other_mechanism	output/scratch-14/classify.stderr	0	1	output/scratch-14/witnesses/0628_R.json	0	output/scratch-14/witnesses/0628_G.json	0	output/scratch-14/witnesses/0628_requirement.json
0	1248	1476	288	0	0	0	0	0	0	0	-1	-1	629	evidence-gap:other_mechanism	output/scratch-14/classify.stderr	0	1	output/scratch-14/witnesses/0629_R.json	0	output/scratch-14/witnesses/0629_G.json	0	output/scratch-14/witnesses/0629_requirement.json
0	1248	1478	288	0	0	0	0	0	0	0	-1	-1	630	evidence-gap:other_mechanism	output/scratch-14/classify.stderr	1	0	output/scratch-14/witnesses/0630_R.json	0	output/scratch-14/witnesses/0630_G.json	0	output/scratch-14/witnesses/0630_requirement.json
0	1248	1480	288	0	0	0	0	0	0	0	-1	-1	631	evidence-gap:other_mechanism	output/scratch-14/classify.stderr	1	0	output/scratch-14/witnesses/0631_R.json	0	output/scratch-14/witnesses/0631_G.json	0	output/scratch-14/witnesses/0631_requirement.json
0	1152	1484	288	0	0	0	0	0	0	0	-1	-1	632	evidence-gap:other_mechanism	output/scratch-14/classify.stderr	0	0	output/scratch-14/witnesses/0632_R.json	0	output/scratch-14/witnesses/0632_G.json	0	output/scratch-14/witnesses/0632_requirement.json
0	1248	1484	288	0	0	0	0	0	0	0	-1	-1	633	evidence-gap:other_mechanism	output/scratch-14/classify.stderr	1	0	output/scratch-14/witnesses/0633_R.json	0	output/scratch-14/witnesses/0633_G.json	0	output/scratch-14/witnesses/0633_requirement.json
0	1248	1486	288	0	0	0	0	0	0	0	-1	-1	634	evidence-gap:other_mechanism	output/scratch-14/classify.stderr	1	0	output/scratch-14/witnesses/0634_R.json	0	output/scratch-14/witnesses/0634_G.json	0	output/scratch-14/witnesses/0634_requirement.json
0	1407	1488	288	0	0	0	0	0	0	0	-1	-1	635	evidence-gap:other_mechanism	output/scratch-14/classify.stderr	0	0	output/scratch-14/witnesses/0635_R.json	0	output/scratch-14/witnesses/0635_G.json	0	output/scratch-14/witnesses/0635_requirement.json
0	1248	1489	288	0	0	0	0	0	0	0	-1	-1	636	evidence-gap:other_mechanism	output/scratch-14/classify.stderr	1	0	output/scratch-14/witnesses/0636_R.json	0	output/scratch-14/witnesses/0636_G.json	0	output/scratch-14/witnesses/0636_requirement.json
0	1152	1490	288	0	0	0	0	0	0	0	-1	-1	637	evidence-gap:other_mechanism	output/scratch-14/classify.stderr	0	0	output/scratch-14/witnesses/0637_R.json	0	output/scratch-14/witnesses/0637_G.json	0	output/scratch-14/witnesses/0637_requirement.json
0	1248	1491	288	0	0	0	0	0	0	0	-1	-1	638	evidence-gap:other_mechanism	output/scratch-14/classify.stderr	1	0	output/scratch-14/witnesses/0638_R.json	0	output/scratch-14/witnesses/0638_G.json	0	output/scratch-14/witnesses/0638_requirement.json
0	1248	1493	288	0	0	0	0	0	0	0	-1	-1	639	evidence-gap:other_mechanism	output/scratch-14/classify.stderr	0	1	output/scratch-14/witnesses/0639_R.json	0	output/scratch-14/witnesses/0639_G.json	0	output/scratch-14/witnesses/0639_requirement.json
0	1407	1493	288	0	0	0	0	0	0	0	-1	-1	640	evidence-gap:other_mechanism	output/scratch-14/classify.stderr	0	0	output/scratch-14/witnesses/0640_R.json	0	output/scratch-14/witnesses/0640_G.json	0	output/scratch-14/witnesses/0640_requirement.json
0	1248	1495	288	0	0	0	0	0	0	0	-1	-1	641	evidence-gap:other_mechanism	output/scratch-14/classify.stderr	1	0	output/scratch-14/witnesses/0641_R.json	0	output/scratch-14/witnesses/0641_G.json	0	output/scratch-14/witnesses/0641_requirement.json
0	1152	1496	288	0	0	0	0	0	0	0	-1	-1	642	evidence-gap:other_mechanism	output/scratch-14/classify.stderr	0	0	output/scratch-14/witnesses/0642_R.json	0	output/scratch-14/witnesses/0642_G.json	0	output/scratch-14/witnesses/0642_requirement.json
0	1248	1497	288	0	0	0	0	0	0	0	-1	-1	643	evidence-gap:other_mechanism	output/scratch-14/classify.stderr	1	0	output/scratch-14/witnesses/0643_R.json	0	output/scratch-14/witnesses/0643_G.json	0	output/scratch-14/witnesses/0643_requirement.json
0	1407	1497	288	0	0	0	0	0	0	0	-1	-1	644	evidence-gap:other_mechanism	output/scratch-14/classify.stderr	0	0	output/scratch-14/witnesses/0644_R.json	0	output/scratch-14/witnesses/0644_G.json	0	output/scratch-14/witnesses/0644_requirement.json
0	1248	1499	288	0	0	0	0	0	0	0	-1	-1	645	evidence-gap:other_mechanism	output/scratch-14/classify.stderr	1	0	output/scratch-14/witnesses/0645_R.json	0	output/scratch-14/witnesses/0645_G.json	0	output/scratch-14/witnesses/0645_requirement.json
0	1248	1502	288	0	0	0	0	0	0	0	-1	-1	646	evidence-gap:other_mechanism	output/scratch-14/classify.stderr	1	0	output/scratch-14/witnesses/0646_R.json	0	output/scratch-14/witnesses/0646_G.json	0	output/scratch-14/witnesses/0646_requirement.json
0	1438	1503	288	0	0	0	0	0	0	0	-1	-1	647	evidence-gap:other_mechanism	output/scratch-14/classify.stderr	0	0	output/scratch-14/witnesses/0647_R.json	0	output/scratch-14/witnesses/0647_G.json	0	output/scratch-14/witnesses/0647_requirement.json
0	1248	1504	288	0	0	0	0	0	0	0	-1	-1	648	evidence-gap:other_mechanism	output/scratch-14/classify.stderr	0	1	output/scratch-14/witnesses/0648_R.json	0	output/scratch-14/witnesses/0648_G.json	0	output/scratch-14/witnesses/0648_requirement.json
0	1248	1506	288	0	0	0	0	0	0	0	-1	-1	649	evidence-gap:other_mechanism	output/scratch-14/classify.stderr	0	1	output/scratch-14/witnesses/0649_R.json	0	output/scratch-14/witnesses/0649_G.json	0	output/scratch-14/witnesses/0649_requirement.json
0	1575	1506	288	0	0	0	0	0	0	0	-1	-1	650	evidence-gap:other_mechanism	output/scratch-14/classify.stderr	0	0	output/scratch-14/witnesses/0650_R.json	0	output/scratch-14/witnesses/0650_G.json	0	output/scratch-14/witnesses/0650_requirement.json
0	1283	1507	288	0	0	0	0	0	0	0	-1	-1	651	evidence-gap:other_mechanism	output/scratch-14/classify.stderr	0	0	output/scratch-14/witnesses/0651_R.json	0	output/scratch-14/witnesses/0651_G.json	0	output/scratch-14/witnesses/0651_requirement.json
0	1416	1507	288	0	0	0	0	0	0	0	-1	-1	652	evidence-gap:other_mechanism	output/scratch-14/classify.stderr	0	0	output/scratch-14/witnesses/0652_R.json	0	output/scratch-14/witnesses/0652_G.json	0	output/scratch-14/witnesses/0652_requirement.json
0	1248	1508	288	0	0	0	0	0	0	0	-1	-1	653	evidence-gap:other_mechanism	output/scratch-14/classify.stderr	1	0	output/scratch-14/witnesses/0653_R.json	0	output/scratch-14/witnesses/0653_G.json	0	output/scratch-14/witnesses/0653_requirement.json
0	1248	1510	288	0	0	0	0	0	0	0	-1	-1	654	evidence-gap:other_mechanism	output/scratch-14/classify.stderr	1	0	output/scratch-14/witnesses/0654_R.json	0	output/scratch-14/witnesses/0654_G.json	0	output/scratch-14/witnesses/0654_requirement.json
0	1248	1512	288	0	0	0	0	0	0	0	-1	-1	655	evidence-gap:other_mechanism	output/scratch-14/classify.stderr	1	0	output/scratch-14/witnesses/0655_R.json	0	output/scratch-14/witnesses/0655_G.json	0	output/scratch-14/witnesses/0655_requirement.json
0	1706	1512	288	0	0	0	0	0	0	0	-1	-1	656	evidence-gap:other_mechanism	output/scratch-14/classify.stderr	0	0	output/scratch-14/witnesses/0656_R.json	0	output/scratch-14/witnesses/0656_G.json	0	output/scratch-14/witnesses/0656_requirement.json
0	1283	1513	288	0	0	0	0	0	0	0	-1	-1	657	evidence-gap:other_mechanism	output/scratch-14/classify.stderr	0	0	output/scratch-14/witnesses/0657_R.json	0	output/scratch-14/witnesses/0657_G.json	0	output/scratch-14/witnesses/0657_requirement.json
0	1248	1514	288	0	0	0	0	0	0	0	-1	-1	658	evidence-gap:other_mechanism	output/scratch-14/classify.stderr	1	0	output/scratch-14/witnesses/0658_R.json	0	output/scratch-14/witnesses/0658_G.json	0	output/scratch-14/witnesses/0658_requirement.json
0	1248	1517	288	0	0	0	0	0	0	0	-1	-1	659	evidence-gap:other_mechanism	output/scratch-14/classify.stderr	0	1	output/scratch-14/witnesses/0659_R.json	0	output/scratch-14/witnesses/0659_G.json	0	output/scratch-14/witnesses/0659_requirement.json
0	1283	1518	288	0	0	0	0	0	0	0	-1	-1	660	evidence-gap:other_mechanism	output/scratch-14/classify.stderr	0	0	output/scratch-14/witnesses/0660_R.json	0	output/scratch-14/witnesses/0660_G.json	0	output/scratch-14/witnesses/0660_requirement.json
0	1248	1519	288	0	0	0	0	0	0	0	-1	-1	661	evidence-gap:other_mechanism	output/scratch-14/classify.stderr	0	1	output/scratch-14/witnesses/0661_R.json	0	output/scratch-14/witnesses/0661_G.json	0	output/scratch-14/witnesses/0661_requirement.json
0	1413	1520	288	0	0	0	0	0	0	0	-1	-1	662	evidence-gap:other_mechanism	output/scratch-14/classify.stderr	0	0	output/scratch-14/witnesses/0662_R.json	0	output/scratch-14/witnesses/0662_G.json	0	output/scratch-14/witnesses/0662_requirement.json
0	1248	1521	288	0	0	0	0	0	0	0	-1	-1	663	evidence-gap:other_mechanism	output/scratch-14/classify.stderr	0	1	output/scratch-14/witnesses/0663_R.json	0	output/scratch-14/witnesses/0663_G.json	0	output/scratch-14/witnesses/0663_requirement.json
0	1248	1523	288	0	0	0	0	0	0	0	-1	-1	664	evidence-gap:other_mechanism	output/scratch-14/classify.stderr	0	1	output/scratch-14/witnesses/0664_R.json	0	output/scratch-14/witnesses/0664_G.json	0	output/scratch-14/witnesses/0664_requirement.json
0	1283	1524	288	0	0	0	0	0	0	0	-1	-1	665	evidence-gap:other_mechanism	output/scratch-14/classify.stderr	0	0	output/scratch-14/witnesses/0665_R.json	0	output/scratch-14/witnesses/0665_G.json	0	output/scratch-14/witnesses/0665_requirement.json
0	1300	1524	288	0	0	0	0	0	0	0	-1	-1	666	evidence-gap:other_mechanism	output/scratch-14/classify.stderr	0	0	output/scratch-14/witnesses/0666_R.json	0	output/scratch-14/witnesses/0666_G.json	0	output/scratch-14/witnesses/0666_requirement.json
0	1248	1525	288	0	0	0	0	0	0	0	-1	-1	667	evidence-gap:other_mechanism	output/scratch-14/classify.stderr	0	1	output/scratch-14/witnesses/0667_R.json	0	output/scratch-14/witnesses/0667_G.json	0	output/scratch-14/witnesses/0667_requirement.json
0	1248	1527	288	0	0	0	0	0	0	0	-1	-1	668	evidence-gap:other_mechanism	output/scratch-14/classify.stderr	0	1	output/scratch-14/witnesses/0668_R.json	0	output/scratch-14/witnesses/0668_G.json	0	output/scratch-14/witnesses/0668_requirement.json
0	1285	1527	288	0	0	0	0	0	0	0	-1	-1	669	evidence-gap:other_mechanism	output/scratch-14/classify.stderr	0	1	output/scratch-14/witnesses/0669_R.json	0	output/scratch-14/witnesses/0669_G.json	0	output/scratch-14/witnesses/0669_requirement.json
0	1287	1527	288	0	0	0	0	0	0	0	-1	-1	670	evidence-gap:other_mechanism	output/scratch-14/classify.stderr	0	1	output/scratch-14/witnesses/0670_R.json	0	output/scratch-14/witnesses/0670_G.json	0	output/scratch-14/witnesses/0670_requirement.json
0	1288	1527	288	0	0	0	0	0	0	0	-1	-1	671	evidence-gap:other_mechanism	output/scratch-14/classify.stderr	1	0	output/scratch-14/witnesses/0671_R.json	0	output/scratch-14/witnesses/0671_G.json	0	output/scratch-14/witnesses/0671_requirement.json
0	1290	1527	288	0	0	0	0	0	0	0	-1	-1	672	evidence-gap:other_mechanism	output/scratch-14/classify.stderr	0	1	output/scratch-14/witnesses/0672_R.json	0	output/scratch-14/witnesses/0672_G.json	0	output/scratch-14/witnesses/0672_requirement.json
0	1292	1527	288	0	0	0	0	0	0	0	-1	-1	673	evidence-gap:other_mechanism	output/scratch-14/classify.stderr	0	1	output/scratch-14/witnesses/0673_R.json	0	output/scratch-14/witnesses/0673_G.json	0	output/scratch-14/witnesses/0673_requirement.json
0	1294	1527	288	0	0	0	0	0	0	0	-1	-1	674	evidence-gap:other_mechanism	output/scratch-14/classify.stderr	0	1	output/scratch-14/witnesses/0674_R.json	0	output/scratch-14/witnesses/0674_G.json	0	output/scratch-14/witnesses/0674_requirement.json
0	1295	1527	288	0	0	0	0	0	0	0	-1	-1	675	evidence-gap:other_mechanism	output/scratch-14/classify.stderr	0	1	output/scratch-14/witnesses/0675_R.json	0	output/scratch-14/witnesses/0675_G.json	0	output/scratch-14/witnesses/0675_requirement.json
0	1296	1527	288	0	0	0	0	0	0	0	-1	-1	676	evidence-gap:other_mechanism	output/scratch-14/classify.stderr	0	1	output/scratch-14/witnesses/0676_R.json	0	output/scratch-14/witnesses/0676_G.json	0	output/scratch-14/witnesses/0676_requirement.json
0	1298	1527	288	0	0	0	0	0	0	0	-1	-1	677	evidence-gap:other_mechanism	output/scratch-14/classify.stderr	0	1	output/scratch-14/witnesses/0677_R.json	0	output/scratch-14/witnesses/0677_G.json	0	output/scratch-14/witnesses/0677_requirement.json
0	1299	1527	288	0	0	0	0	0	0	0	-1	-1	678	evidence-gap:other_mechanism	output/scratch-14/classify.stderr	1	0	output/scratch-14/witnesses/0678_R.json	0	output/scratch-14/witnesses/0678_G.json	0	output/scratch-14/witnesses/0678_requirement.json
0	1448	1527	288	0	0	0	0	0	0	0	-1	-1	679	evidence-gap:other_mechanism	output/scratch-14/classify.stderr	0	0	output/scratch-14/witnesses/0679_R.json	0	output/scratch-14/witnesses/0679_G.json	0	output/scratch-14/witnesses/0679_requirement.json
0	1248	1530	288	0	0	0	0	0	0	0	-1	-1	680	evidence-gap:other_mechanism	output/scratch-14/classify.stderr	0	1	output/scratch-14/witnesses/0680_R.json	0	output/scratch-14/witnesses/0680_G.json	0	output/scratch-14/witnesses/0680_requirement.json
0	1266	1531	288	0	0	0	0	0	0	0	-1	-1	681	evidence-gap:other_mechanism	output/scratch-14/classify.stderr	0	0	output/scratch-14/witnesses/0681_R.json	0	output/scratch-14/witnesses/0681_G.json	0	output/scratch-14/witnesses/0681_requirement.json
0	1544	1531	288	0	0	0	0	0	0	0	-1	-1	682	evidence-gap:other_mechanism	output/scratch-14/classify.stderr	0	1	output/scratch-14/witnesses/0682_R.json	0	output/scratch-14/witnesses/0682_G.json	0	output/scratch-14/witnesses/0682_requirement.json
0	1248	1532	288	0	0	0	0	0	0	0	-1	-1	683	evidence-gap:other_mechanism	output/scratch-14/classify.stderr	0	1	output/scratch-14/witnesses/0683_R.json	0	output/scratch-14/witnesses/0683_G.json	0	output/scratch-14/witnesses/0683_requirement.json
0	1245	1533	288	0	0	0	0	0	0	0	-1	-1	684	evidence-gap:other_mechanism	output/scratch-14/classify.stderr	0	0	output/scratch-14/witnesses/0684_R.json	0	output/scratch-14/witnesses/0684_G.json	0	output/scratch-14/witnesses/0684_requirement.json
0	1248	1534	288	0	0	0	0	0	0	0	-1	-1	685	evidence-gap:other_mechanism	output/scratch-14/classify.stderr	1	0	output/scratch-14/witnesses/0685_R.json	0	output/scratch-14/witnesses/0685_G.json	0	output/scratch-14/witnesses/0685_requirement.json
0	1092	1536	288	0	0	0	0	0	0	0	-1	-1	686	evidence-gap:other_mechanism	output/scratch-14/classify.stderr	0	0	output/scratch-14/witnesses/0686_R.json	0	output/scratch-14/witnesses/0686_G.json	0	output/scratch-14/witnesses/0686_requirement.json
0	1248	1536	288	0	0	0	0	0	0	0	-1	-1	687	evidence-gap:other_mechanism	output/scratch-14/classify.stderr	1	0	output/scratch-14/witnesses/0687_R.json	0	output/scratch-14/witnesses/0687_G.json	0	output/scratch-14/witnesses/0687_requirement.json
0	1091	1537	288	0	0	0	0	0	0	0	-1	-1	688	evidence-gap:other_mechanism	output/scratch-14/classify.stderr	0	0	output/scratch-14/witnesses/0688_R.json	0	output/scratch-14/witnesses/0688_G.json	0	output/scratch-14/witnesses/0688_requirement.json
0	1248	1538	288	0	0	0	0	0	0	0	-1	-1	689	evidence-gap:other_mechanism	output/scratch-14/classify.stderr	1	0	output/scratch-14/witnesses/0689_R.json	0	output/scratch-14/witnesses/0689_G.json	0	output/scratch-14/witnesses/0689_requirement.json
0	1248	1540	288	0	0	0	0	0	0	0	-1	-1	690	evidence-gap:other_mechanism	output/scratch-14/classify.stderr	0	1	output/scratch-14/witnesses/0690_R.json	0	output/scratch-14/witnesses/0690_G.json	0	output/scratch-14/witnesses/0690_requirement.json
0	1248	1543	288	0	0	0	0	0	0	0	-1	-1	691	evidence-gap:other_mechanism	output/scratch-14/classify.stderr	0	1	output/scratch-14/witnesses/0691_R.json	0	output/scratch-14/witnesses/0691_G.json	0	output/scratch-14/witnesses/0691_requirement.json
0	1248	1545	288	0	0	0	0	0	0	0	-1	-1	692	evidence-gap:other_mechanism	output/scratch-14/classify.stderr	1	0	output/scratch-14/witnesses/0692_R.json	0	output/scratch-14/witnesses/0692_G.json	0	output/scratch-14/witnesses/0692_requirement.json
0	1248	1547	288	0	0	0	0	0	0	0	-1	-1	693	evidence-gap:other_mechanism	output/scratch-14/classify.stderr	1	0	output/scratch-14/witnesses/0693_R.json	0	output/scratch-14/witnesses/0693_G.json	0	output/scratch-14/witnesses/0693_requirement.json
0	1248	1549	288	0	0	0	0	0	0	0	-1	-1	694	evidence-gap:other_mechanism	output/scratch-14/classify.stderr	1	0	output/scratch-14/witnesses/0694_R.json	0	output/scratch-14/witnesses/0694_G.json	0	output/scratch-14/witnesses/0694_requirement.json
0	1126	1561	288	0	0	0	0	0	0	0	-1	-1	695	evidence-gap:other_mechanism	output/scratch-14/classify.stderr	0	1	output/scratch-14/witnesses/0695_R.json	0	output/scratch-14/witnesses/0695_G.json	0	output/scratch-14/witnesses/0695_requirement.json
0	1126	1562	288	0	0	0	0	0	0	0	-1	-1	696	evidence-gap:other_mechanism	output/scratch-14/classify.stderr	0	1	output/scratch-14/witnesses/0696_R.json	0	output/scratch-14/witnesses/0696_G.json	0	output/scratch-14/witnesses/0696_requirement.json
0	1126	1563	288	0	0	0	0	0	0	0	-1	-1	697	evidence-gap:other_mechanism	output/scratch-14/classify.stderr	0	1	output/scratch-14/witnesses/0697_R.json	0	output/scratch-14/witnesses/0697_G.json	0	output/scratch-14/witnesses/0697_requirement.json
0	1126	1564	288	0	0	0	0	0	0	0	-1	-1	698	evidence-gap:other_mechanism	output/scratch-14/classify.stderr	0	1	output/scratch-14/witnesses/0698_R.json	0	output/scratch-14/witnesses/0698_G.json	0	output/scratch-14/witnesses/0698_requirement.json
0	1126	1565	288	0	0	0	0	0	0	0	-1	-1	699	evidence-gap:other_mechanism	output/scratch-14/classify.stderr	0	1	output/scratch-14/witnesses/0699_R.json	0	output/scratch-14/witnesses/0699_G.json	0	output/scratch-14/witnesses/0699_requirement.json
0	1126	1566	288	0	0	0	0	0	0	0	-1	-1	700	evidence-gap:other_mechanism	output/scratch-14/classify.stderr	0	1	output/scratch-14/witnesses/0700_R.json	0	output/scratch-14/witnesses/0700_G.json	0	output/scratch-14/witnesses/0700_requirement.json
0	1126	1567	288	0	0	0	0	0	0	0	-1	-1	701	evidence-gap:other_mechanism	output/scratch-14/classify.stderr	0	1	output/scratch-14/witnesses/0701_R.json	0	output/scratch-14/witnesses/0701_G.json	0	output/scratch-14/witnesses/0701_requirement.json
0	1507	1567	290	0	0	0	0	0	0	0	-1	-1	702	evidence-gap:other_mechanism	output/scratch-14/classify.stderr	0	0	output/scratch-14/witnesses/0702_R.json	0	output/scratch-14/witnesses/0702_G.json	0	output/scratch-14/witnesses/0702_requirement.json
0	1126	1568	288	0	0	0	0	0	0	0	-1	-1	703	evidence-gap:other_mechanism	output/scratch-14/classify.stderr	1	0	output/scratch-14/witnesses/0703_R.json	0	output/scratch-14/witnesses/0703_G.json	0	output/scratch-14/witnesses/0703_requirement.json
0	1126	1569	288	0	0	0	0	0	0	0	-1	-1	704	evidence-gap:other_mechanism	output/scratch-14/classify.stderr	1	0	output/scratch-14/witnesses/0704_R.json	0	output/scratch-14/witnesses/0704_G.json	0	output/scratch-14/witnesses/0704_requirement.json
0	1248	1569	288	0	0	0	0	0	0	0	-1	-1	705	evidence-gap:other_mechanism	output/scratch-14/classify.stderr	1	0	output/scratch-14/witnesses/0705_R.json	0	output/scratch-14/witnesses/0705_G.json	0	output/scratch-14/witnesses/0705_requirement.json
0	1126	1570	288	0	0	0	0	0	0	0	-1	-1	706	evidence-gap:other_mechanism	output/scratch-14/classify.stderr	0	1	output/scratch-14/witnesses/0706_R.json	0	output/scratch-14/witnesses/0706_G.json	0	output/scratch-14/witnesses/0706_requirement.json
0	1248	1571	288	0	0	0	0	0	0	0	-1	-1	707	evidence-gap:other_mechanism	output/scratch-14/classify.stderr	0	1	output/scratch-14/witnesses/0707_R.json	0	output/scratch-14/witnesses/0707_G.json	0	output/scratch-14/witnesses/0707_requirement.json
0	1248	1573	288	0	0	0	0	0	0	0	-1	-1	708	evidence-gap:other_mechanism	output/scratch-14/classify.stderr	0	1	output/scratch-14/witnesses/0708_R.json	0	output/scratch-14/witnesses/0708_G.json	0	output/scratch-14/witnesses/0708_requirement.json
0	1248	1575	288	0	0	0	0	0	0	0	-1	-1	709	evidence-gap:other_mechanism	output/scratch-14/classify.stderr	1	0	output/scratch-14/witnesses/0709_R.json	0	output/scratch-14/witnesses/0709_G.json	0	output/scratch-14/witnesses/0709_requirement.json
0	1248	1577	288	0	0	0	0	0	0	0	-1	-1	710	evidence-gap:other_mechanism	output/scratch-14/classify.stderr	1	0	output/scratch-14/witnesses/0710_R.json	0	output/scratch-14/witnesses/0710_G.json	0	output/scratch-14/witnesses/0710_requirement.json
0	950	1585	288	0	0	0	0	0	0	0	-1	-1	711	evidence-gap:other_mechanism	output/scratch-14/classify.stderr	0	0	output/scratch-14/witnesses/0711_R.json	1	output/scratch-14/witnesses/0711_G.json	0	output/scratch-14/witnesses/0711_requirement.json
0	1248	1586	288	0	0	0	0	0	0	0	-1	-1	712	evidence-gap:other_mechanism	output/scratch-14/classify.stderr	1	0	output/scratch-14/witnesses/0712_R.json	0	output/scratch-14/witnesses/0712_G.json	0	output/scratch-14/witnesses/0712_requirement.json
0	1462	1586	288	0	0	0	0	0	0	0	-1	-1	713	evidence-gap:other_mechanism	output/scratch-14/classify.stderr	0	0	output/scratch-14/witnesses/0713_R.json	0	output/scratch-14/witnesses/0713_G.json	0	output/scratch-14/witnesses/0713_requirement.json
0	1248	1588	288	0	0	0	0	0	0	0	-1	-1	714	evidence-gap:other_mechanism	output/scratch-14/classify.stderr	1	0	output/scratch-14/witnesses/0714_R.json	0	output/scratch-14/witnesses/0714_G.json	0	output/scratch-14/witnesses/0714_requirement.json
0	1248	1590	288	0	0	0	0	0	0	0	-1	-1	715	evidence-gap:other_mechanism	output/scratch-14/classify.stderr	1	0	output/scratch-14/witnesses/0715_R.json	0	output/scratch-14/witnesses/0715_G.json	0	output/scratch-14/witnesses/0715_requirement.json
0	1248	1592	288	0	0	0	0	0	0	0	-1	-1	716	evidence-gap:other_mechanism	output/scratch-14/classify.stderr	1	0	output/scratch-14/witnesses/0716_R.json	0	output/scratch-14/witnesses/0716_G.json	0	output/scratch-14/witnesses/0716_requirement.json
0	1369	1593	288	0	0	0	0	0	0	0	-1	-1	717	evidence-gap:other_mechanism	output/scratch-14/classify.stderr	0	0	output/scratch-14/witnesses/0717_R.json	0	output/scratch-14/witnesses/0717_G.json	0	output/scratch-14/witnesses/0717_requirement.json
0	1248	1594	288	0	0	0	0	0	0	0	-1	-1	718	evidence-gap:other_mechanism	output/scratch-14/classify.stderr	1	0	output/scratch-14/witnesses/0718_R.json	0	output/scratch-14/witnesses/0718_G.json	0	output/scratch-14/witnesses/0718_requirement.json
0	1139	1596	288	0	0	0	0	0	0	0	-1	-1	719	evidence-gap:other_mechanism	output/scratch-14/classify.stderr	1	0	output/scratch-14/witnesses/0719_R.json	0	output/scratch-14/witnesses/0719_G.json	0	output/scratch-14/witnesses/0719_requirement.json
0	1139	1597	288	0	0	0	0	0	0	0	-1	-1	720	evidence-gap:other_mechanism	output/scratch-14/classify.stderr	1	0	output/scratch-14/witnesses/0720_R.json	0	output/scratch-14/witnesses/0720_G.json	0	output/scratch-14/witnesses/0720_requirement.json
0	1248	1597	288	0	0	0	0	0	0	0	-1	-1	721	evidence-gap:other_mechanism	output/scratch-14/classify.stderr	1	0	output/scratch-14/witnesses/0721_R.json	0	output/scratch-14/witnesses/0721_G.json	0	output/scratch-14/witnesses/0721_requirement.json
0	1139	1598	288	0	0	0	0	0	0	0	-1	-1	722	evidence-gap:other_mechanism	output/scratch-14/classify.stderr	1	0	output/scratch-14/witnesses/0722_R.json	0	output/scratch-14/witnesses/0722_G.json	0	output/scratch-14/witnesses/0722_requirement.json
0	1139	1599	288	0	0	0	0	0	0	0	-1	-1	723	evidence-gap:other_mechanism	output/scratch-14/classify.stderr	1	0	output/scratch-14/witnesses/0723_R.json	0	output/scratch-14/witnesses/0723_G.json	0	output/scratch-14/witnesses/0723_requirement.json
0	1248	1599	288	0	0	0	0	0	0	0	-1	-1	724	evidence-gap:other_mechanism	output/scratch-14/classify.stderr	1	0	output/scratch-14/witnesses/0724_R.json	0	output/scratch-14/witnesses/0724_G.json	0	output/scratch-14/witnesses/0724_requirement.json
0	1388	1599	288	0	0	0	0	0	0	0	-1	-1	725	evidence-gap:other_mechanism	output/scratch-14/classify.stderr	0	0	output/scratch-14/witnesses/0725_R.json	0	output/scratch-14/witnesses/0725_G.json	0	output/scratch-14/witnesses/0725_requirement.json
0	1139	1600	288	0	0	0	0	0	0	0	-1	-1	726	evidence-gap:other_mechanism	output/scratch-14/classify.stderr	1	0	output/scratch-14/witnesses/0726_R.json	0	output/scratch-14/witnesses/0726_G.json	0	output/scratch-14/witnesses/0726_requirement.json
0	1139	1601	288	0	0	0	0	0	0	0	-1	-1	727	evidence-gap:other_mechanism	output/scratch-14/classify.stderr	1	0	output/scratch-14/witnesses/0727_R.json	0	output/scratch-14/witnesses/0727_G.json	0	output/scratch-14/witnesses/0727_requirement.json
0	1248	1601	288	0	0	0	0	0	0	0	-1	-1	728	evidence-gap:other_mechanism	output/scratch-14/classify.stderr	0	1	output/scratch-14/witnesses/0728_R.json	0	output/scratch-14/witnesses/0728_G.json	0	output/scratch-14/witnesses/0728_requirement.json
0	1139	1602	288	0	0	0	0	0	0	0	-1	-1	729	evidence-gap:other_mechanism	output/scratch-14/classify.stderr	1	0	output/scratch-14/witnesses/0729_R.json	0	output/scratch-14/witnesses/0729_G.json	0	output/scratch-14/witnesses/0729_requirement.json
0	1139	1603	288	0	0	0	0	0	0	0	-1	-1	730	evidence-gap:other_mechanism	output/scratch-14/classify.stderr	1	0	output/scratch-14/witnesses/0730_R.json	0	output/scratch-14/witnesses/0730_G.json	0	output/scratch-14/witnesses/0730_requirement.json
0	1248	1603	288	0	0	0	0	0	0	0	-1	-1	731	evidence-gap:other_mechanism	output/scratch-14/classify.stderr	1	0	output/scratch-14/witnesses/0731_R.json	0	output/scratch-14/witnesses/0731_G.json	0	output/scratch-14/witnesses/0731_requirement.json
0	1139	1604	288	0	0	0	0	0	0	0	-1	-1	732	evidence-gap:other_mechanism	output/scratch-14/classify.stderr	1	0	output/scratch-14/witnesses/0732_R.json	0	output/scratch-14/witnesses/0732_G.json	0	output/scratch-14/witnesses/0732_requirement.json
0	1139	1605	288	0	0	0	0	0	0	0	-1	-1	733	evidence-gap:other_mechanism	output/scratch-14/classify.stderr	1	0	output/scratch-14/witnesses/0733_R.json	0	output/scratch-14/witnesses/0733_G.json	0	output/scratch-14/witnesses/0733_requirement.json
0	1248	1605	288	0	0	0	0	0	0	0	-1	-1	734	evidence-gap:other_mechanism	output/scratch-14/classify.stderr	1	0	output/scratch-14/witnesses/0734_R.json	0	output/scratch-14/witnesses/0734_G.json	0	output/scratch-14/witnesses/0734_requirement.json
0	1248	1607	288	0	0	0	0	0	0	0	-1	-1	735	evidence-gap:other_mechanism	output/scratch-14/classify.stderr	1	0	output/scratch-14/witnesses/0735_R.json	0	output/scratch-14/witnesses/0735_G.json	0	output/scratch-14/witnesses/0735_requirement.json
0	1360	1609	288	0	0	0	0	0	0	0	-1	-1	736	evidence-gap:other_mechanism	output/scratch-14/classify.stderr	0	1	output/scratch-14/witnesses/0736_R.json	0	output/scratch-14/witnesses/0736_G.json	0	output/scratch-14/witnesses/0736_requirement.json
0	1248	1612	288	0	0	0	0	0	0	0	-1	-1	737	evidence-gap:other_mechanism	output/scratch-14/classify.stderr	1	0	output/scratch-14/witnesses/0737_R.json	0	output/scratch-14/witnesses/0737_G.json	0	output/scratch-14/witnesses/0737_requirement.json
0	1248	1614	288	0	0	0	0	0	0	0	-1	-1	738	evidence-gap:other_mechanism	output/scratch-14/classify.stderr	1	0	output/scratch-14/witnesses/0738_R.json	0	output/scratch-14/witnesses/0738_G.json	0	output/scratch-14/witnesses/0738_requirement.json
0	1360	1615	288	0	0	0	0	0	0	0	-1	-1	739	evidence-gap:other_mechanism	output/scratch-14/classify.stderr	1	0	output/scratch-14/witnesses/0739_R.json	0	output/scratch-14/witnesses/0739_G.json	0	output/scratch-14/witnesses/0739_requirement.json
0	1248	1616	288	0	0	0	0	0	0	0	-1	-1	740	evidence-gap:other_mechanism	output/scratch-14/classify.stderr	1	0	output/scratch-14/witnesses/0740_R.json	0	output/scratch-14/witnesses/0740_G.json	0	output/scratch-14/witnesses/0740_requirement.json
0	1248	1618	288	0	0	0	0	0	0	0	-1	-1	741	evidence-gap:other_mechanism	output/scratch-14/classify.stderr	1	0	output/scratch-14/witnesses/0741_R.json	0	output/scratch-14/witnesses/0741_G.json	0	output/scratch-14/witnesses/0741_requirement.json
0	1248	1620	288	0	0	0	0	0	0	0	-1	-1	742	evidence-gap:other_mechanism	output/scratch-14/classify.stderr	1	0	output/scratch-14/witnesses/0742_R.json	0	output/scratch-14/witnesses/0742_G.json	0	output/scratch-14/witnesses/0742_requirement.json
0	1248	1627	288	0	0	0	0	0	0	0	-1	-1	743	evidence-gap:other_mechanism	output/scratch-14/classify.stderr	1	0	output/scratch-14/witnesses/0743_R.json	0	output/scratch-14/witnesses/0743_G.json	0	output/scratch-14/witnesses/0743_requirement.json
0	1248	1629	288	0	0	0	0	0	0	0	-1	-1	744	evidence-gap:other_mechanism	output/scratch-14/classify.stderr	1	0	output/scratch-14/witnesses/0744_R.json	0	output/scratch-14/witnesses/0744_G.json	0	output/scratch-14/witnesses/0744_requirement.json
0	1248	1631	288	0	0	0	0	0	0	0	-1	-1	745	evidence-gap:other_mechanism	output/scratch-14/classify.stderr	1	0	output/scratch-14/witnesses/0745_R.json	0	output/scratch-14/witnesses/0745_G.json	0	output/scratch-14/witnesses/0745_requirement.json
0	1281	1642	288	0	0	0	0	0	0	0	-1	-1	746	evidence-gap:other_mechanism	output/scratch-14/classify.stderr	1	0	output/scratch-14/witnesses/0746_R.json	0	output/scratch-14/witnesses/0746_G.json	0	output/scratch-14/witnesses/0746_requirement.json
0	1248	1648	288	0	0	0	0	0	0	0	-1	-1	747	evidence-gap:other_mechanism	output/scratch-14/classify.stderr	1	0	output/scratch-14/witnesses/0747_R.json	0	output/scratch-14/witnesses/0747_G.json	0	output/scratch-14/witnesses/0747_requirement.json
0	1364	1649	288	0	0	0	0	0	0	0	-1	-1	748	evidence-gap:other_mechanism	output/scratch-14/classify.stderr	0	1	output/scratch-14/witnesses/0748_R.json	0	output/scratch-14/witnesses/0748_G.json	0	output/scratch-14/witnesses/0748_requirement.json
0	1248	1651	288	0	0	0	0	0	0	0	-1	-1	749	evidence-gap:other_mechanism	output/scratch-14/classify.stderr	1	0	output/scratch-14/witnesses/0749_R.json	0	output/scratch-14/witnesses/0749_G.json	0	output/scratch-14/witnesses/0749_requirement.json
0	1248	1653	288	0	0	0	0	0	0	0	-1	-1	750	evidence-gap:other_mechanism	output/scratch-14/classify.stderr	1	0	output/scratch-14/witnesses/0750_R.json	0	output/scratch-14/witnesses/0750_G.json	0	output/scratch-14/witnesses/0750_requirement.json
0	1248	1655	288	0	0	0	0	0	0	0	-1	-1	751	evidence-gap:other_mechanism	output/scratch-14/classify.stderr	1	0	output/scratch-14/witnesses/0751_R.json	0	output/scratch-14/witnesses/0751_G.json	0	output/scratch-14/witnesses/0751_requirement.json
0	1248	1657	288	0	0	0	0	0	0	0	-1	-1	752	evidence-gap:other_mechanism	output/scratch-14/classify.stderr	1	0	output/scratch-14/witnesses/0752_R.json	0	output/scratch-14/witnesses/0752_G.json	0	output/scratch-14/witnesses/0752_requirement.json
0	1248	1661	288	0	0	0	0	0	0	0	-1	-1	753	evidence-gap:other_mechanism	output/scratch-14/classify.stderr	0	0	output/scratch-14/witnesses/0753_R.json	0	output/scratch-14/witnesses/0753_G.json	0	output/scratch-14/witnesses/0753_requirement.json
0	1194	1662	291	0	0	0	0	0	0	0	-1	-1	754	evidence-gap:other_mechanism	output/scratch-14/classify.stderr	1	0	output/scratch-14/witnesses/0754_R.json	0	output/scratch-14/witnesses/0754_G.json	0	output/scratch-14/witnesses/0754_requirement.json
0	1248	1666	288	0	0	0	0	0	0	0	-1	-1	755	evidence-gap:other_mechanism	output/scratch-14/classify.stderr	0	0	output/scratch-14/witnesses/0755_R.json	0	output/scratch-14/witnesses/0755_G.json	0	output/scratch-14/witnesses/0755_requirement.json
0	1248	1668	288	0	0	0	0	0	0	0	-1	-1	756	evidence-gap:other_mechanism	output/scratch-14/classify.stderr	1	0	output/scratch-14/witnesses/0756_R.json	0	output/scratch-14/witnesses/0756_G.json	0	output/scratch-14/witnesses/0756_requirement.json
0	1248	1670	288	0	0	0	0	0	0	0	-1	-1	757	evidence-gap:other_mechanism	output/scratch-14/classify.stderr	1	0	output/scratch-14/witnesses/0757_R.json	0	output/scratch-14/witnesses/0757_G.json	0	output/scratch-14/witnesses/0757_requirement.json
0	1248	1672	288	0	0	0	0	0	0	0	-1	-1	758	evidence-gap:other_mechanism	output/scratch-14/classify.stderr	1	0	output/scratch-14/witnesses/0758_R.json	0	output/scratch-14/witnesses/0758_G.json	0	output/scratch-14/witnesses/0758_requirement.json
0	1248	1674	288	0	0	0	0	0	0	0	-1	-1	759	evidence-gap:other_mechanism	output/scratch-14/classify.stderr	0	1	output/scratch-14/witnesses/0759_R.json	0	output/scratch-14/witnesses/0759_G.json	0	output/scratch-14/witnesses/0759_requirement.json
0	1248	1677	288	0	0	0	0	0	0	0	-1	-1	760	evidence-gap:other_mechanism	output/scratch-14/classify.stderr	1	0	output/scratch-14/witnesses/0760_R.json	0	output/scratch-14/witnesses/0760_G.json	0	output/scratch-14/witnesses/0760_requirement.json
0	1248	1683	288	0	0	0	0	0	0	0	-1	-1	761	evidence-gap:other_mechanism	output/scratch-14/classify.stderr	1	0	output/scratch-14/witnesses/0761_R.json	0	output/scratch-14/witnesses/0761_G.json	0	output/scratch-14/witnesses/0761_requirement.json
0	1665	1688	288	0	0	0	0	0	0	0	-1	-1	762	evidence-gap:other_mechanism	output/scratch-14/classify.stderr	0	0	output/scratch-14/witnesses/0762_R.json	0	output/scratch-14/witnesses/0762_G.json	0	output/scratch-14/witnesses/0762_requirement.json
0	1665	1702	288	0	0	0	0	0	0	0	-1	-1	763	evidence-gap:other_mechanism	output/scratch-14/classify.stderr	0	0	output/scratch-14/witnesses/0763_R.json	0	output/scratch-14/witnesses/0763_G.json	0	output/scratch-14/witnesses/0763_requirement.json
0	1365	1708	291	0	0	0	0	0	0	0	-1	-1	764	evidence-gap:other_mechanism	output/scratch-14/classify.stderr	1	0	output/scratch-14/witnesses/0764_R.json	0	output/scratch-14/witnesses/0764_G.json	0	output/scratch-14/witnesses/0764_requirement.json
0	1307	1756	291	0	0	0	0	0	0	0	-1	-1	765	evidence-gap:other_mechanism	output/scratch-14/classify.stderr	1	0	output/scratch-14/witnesses/0765_R.json	1	output/scratch-14/witnesses/0765_G.json	0	output/scratch-14/witnesses/0765_requirement.json
0	1313	1801	291	0	0	0	0	0	0	0	-1	-1	766	evidence-gap:other_mechanism	output/scratch-14/classify.stderr	0	0	output/scratch-14/witnesses/0766_R.json	0	output/scratch-14/witnesses/0766_G.json	0	output/scratch-14/witnesses/0766_requirement.json
0	1404	1814	291	0	0	0	0	0	0	0	-1	-1	767	evidence-gap:other_mechanism	output/scratch-14/classify.stderr	0	1	output/scratch-14/witnesses/0767_R.json	0	output/scratch-14/witnesses/0767_G.json	0	output/scratch-14/witnesses/0767_requirement.json
0	1668	1817	288	0	0	0	0	0	0	0	-1	-1	768	evidence-gap:other_mechanism	output/scratch-14/classify.stderr	0	0	output/scratch-14/witnesses/0768_R.json	0	output/scratch-14/witnesses/0768_G.json	0	output/scratch-14/witnesses/0768_requirement.json
0	1656	1838	288	0	0	0	0	0	0	0	-1	-1	769	evidence-gap:other_mechanism	output/scratch-14/classify.stderr	0	0	output/scratch-14/witnesses/0769_R.json	0	output/scratch-14/witnesses/0769_G.json	0	output/scratch-14/witnesses/0769_requirement.json
0	1658	1838	288	0	0	0	0	0	0	0	-1	-1	770	evidence-gap:other_mechanism	output/scratch-14/classify.stderr	0	0	output/scratch-14/witnesses/0770_R.json	0	output/scratch-14/witnesses/0770_G.json	0	output/scratch-14/witnesses/0770_requirement.json
0	1660	1838	288	0	0	0	0	0	0	0	-1	-1	771	evidence-gap:other_mechanism	output/scratch-14/classify.stderr	0	0	output/scratch-14/witnesses/0771_R.json	0	output/scratch-14/witnesses/0771_G.json	0	output/scratch-14/witnesses/0771_requirement.json
0	1256	1856	288	0	0	0	0	0	0	0	-1	-1	772	evidence-gap:other_mechanism	output/scratch-14/classify.stderr	0	0	output/scratch-14/witnesses/0772_R.json	1	output/scratch-14/witnesses/0772_G.json	0	output/scratch-14/witnesses/0772_requirement.json
0	1256	1857	288	0	0	0	0	0	0	0	-1	-1	773	evidence-gap:other_mechanism	output/scratch-14/classify.stderr	0	0	output/scratch-14/witnesses/0773_R.json	1	output/scratch-14/witnesses/0773_G.json	0	output/scratch-14/witnesses/0773_requirement.json
0	1256	1878	288	0	0	0	0	0	0	0	-1	-1	774	evidence-gap:other_mechanism	output/scratch-14/classify.stderr	0	0	output/scratch-14/witnesses/0774_R.json	1	output/scratch-14/witnesses/0774_G.json	0	output/scratch-14/witnesses/0774_requirement.json
0	1363	1958	288	0	0	0	0	0	0	0	-1	-1	775	evidence-gap:other_mechanism	output/scratch-14/classify.stderr	0	0	output/scratch-14/witnesses/0775_R.json	1	output/scratch-14/witnesses/0775_G.json	0	output/scratch-14/witnesses/0775_requirement.json
