level	ix	iy	shape	vert	code	max_radius	n_spool	n_clips	n_ib	n_ib_uncovered
0	824	1285	6	57	288	16	4	2	32	32
0	824	1285	6	58	288	16	4	2	32	32
0	824	1285	6	59	288	16	4	2	32	32
0	824	1285	6	60	288	16	4	2	32	32
0	824	1285	6	61	288	16	4	2	32	32
0	824	1285	6	62	288	16	4	2	32	32
0	824	1285	6	63	288	16	4	2	32	32
0	824	1285	6	64	288	16	4	2	32	32
0	824	1285	6	65	288	16	4	2	32	32
0	824	1285	6	66	288	16	4	2	32	32
0	824	1285	6	67	288	16	4	2	32	32
0	824	1285	6	68	288	16	4	2	32	32
0	824	1285	6	69	288	16	4	2	32	32
0	824	1285	6	70	288	16	4	2	32	32
0	824	1285	6	71	288	16	4	2	32	32
0	824	1285	6	72	288	16	4	2	32	32
0	824	1285	6	73	288	16	4	2	32	32
0	824	1285	6	74	288	16	4	2	32	32
0	824	1285	6	75	288	16	4	2	32	32
0	824	1285	6	76	288	16	4	2	32	32
0	824	1285	6	77	288	16	4	2	32	32
0	824	1285	6	78	288	16	4	2	32	32
0	824	1285	6	79	288	16	4	2	32	32
0	824	1285	6	80	288	16	4	2	32	32
0	824	1285	6	81	288	16	4	2	32	32
0	824	1285	6	82	288	16	4	2	32	32
0	824	1285	6	83	288	16	4	2	32	32
0	824	1285	6	84	288	16	4	2	32	32
0	824	1285	6	85	288	16	4	2	32	32
0	824	1285	6	86	288	16	4	2	32	32
0	824	1285	6	87	288	16	4	2	32	32
0	824	1285	6	88	288	16	4	2	32	32
0	826	901	8	35	288	16	6	5	33	33
0	826	901	8	36	288	16	6	5	33	33
0	826	901	8	38	288	16	6	5	33	33
0	826	901	8	39	288	16	6	5	33	33
0	826	901	8	40	288	16	6	5	33	33
0	826	901	8	41	288	16	6	5	33	33
0	826	901	8	42	288	16	6	5	33	33
0	826	901	8	43	288	16	6	5	33	33
0	826	901	8	44	288	16	6	5	33	33
0	826	901	8	45	288	16	6	5	33	33
0	826	901	8	46	288	16	6	5	33	33
0	826	901	8	47	288	16	6	5	33	33
0	826	901	8	48	288	16	6	5	33	33
0	826	901	8	49	288	16	6	5	33	33
0	826	901	8	50	288	16	6	5	33	33
0	826	901	8	51	288	16	6	5	33	33
0	826	901	8	52	288	16	6	5	33	33
0	826	901	8	53	288	16	6	5	33	33
0	826	901	8	54	288	16	6	5	33	33
0	826	901	8	55	288	16	6	5	33	33
0	826	901	8	56	288	16	6	5	33	33
0	826	901	8	57	288	16	6	5	33	33
0	826	901	8	58	288	16	6	5	33	33
0	826	901	8	59	288	16	6	5	33	33
0	826	901	8	60	288	16	6	5	33	33
0	826	901	8	61	288	16	6	5	33	33
0	826	901	8	62	288	16	6	5	33	33
0	826	901	8	63	288	16	6	5	33	33
0	826	901	8	64	288	16	6	5	33	33
0	826	901	8	65	288	16	6	5	33	33
0	826	901	8	66	288	16	6	5	33	33
0	829	1076	4	64	288	16	2	1	32	32
0	829	1076	4	65	288	16	2	1	32	32
0	829	1076	4	66	288	16	2	1	32	32
0	829	1076	4	67	288	16	2	1	32	32
0	829	1076	4	68	288	16	2	1	32	32
0	829	1076	4	69	288	16	2	1	32	32
0	829	1076	4	70	288	16	2	1	32	32
0	829	1076	4	71	288	16	2	1	32	32
0	829	1076	4	72	288	16	2	1	32	32
0	829	1076	4	73	288	16	2	1	32	32
0	829	1076	4	74	288	16	2	1	32	32
0	829	1076	4	75	288	16	2	1	32	32
0	829	1076	4	76	288	16	2	1	32	32
0	829	1076	4	77	288	16	2	1	32	32
0	829	1076	4	78	288	16	2	1	32	32
0	829	1076	4	79	288	16	2	1	32	32
0	829	1076	4	80	288	16	2	1	32	32
0	829	1076	4	81	288	16	2	1	32	32
0	829	1076	4	82	288	16	2	1	32	32
0	829	1076	4	83	288	16	2	1	32	32
0	829	1076	4	84	288	16	2	1	32	32
0	829	1076	4	85	288	16	2	1	32	32
0	829	1076	4	86	288	16	2	1	32	32
0	829	1076	4	87	288	16	2	1	32	32
0	829	1076	4	88	288	16	2	1	32	32
0	829	1076	4	89	288	16	2	1	32	32
0	829	1076	4	90	288	16	2	1	32	32
0	829	1076	4	91	288	16	2	1	32	32
0	829	1076	4	92	288	16	2	1	32	32
0	829	1076	4	93	288	16	2	1	32	32
0	829	1076	4	94	288	16	2	1	32	32
0	829	1076	4	95	288	16	2	1	32	32
0	830	1022	1	37	288	16	4	0	0	0
0	830	1022	1	38	288	16	4	0	0	0
0	830	1022	1	39	288	16	4	0	0	0
0	830	1022	1	40	288	16	4	0	0	0
0	830	1022	1	41	288	16	4	0	0	0
0	830	1022	1	42	288	16	4	0	0	0
0	830	1022	1	43	288	16	4	0	0	0
0	830	1022	1	44	288	16	4	0	0	0
0	830	1022	1	45	288	16	4	0	0	0
0	830	1022	1	46	288	16	4	0	0	0
0	830	1022	1	47	288	16	4	0	0	0
0	830	1022	1	48	288	16	4	0	0	0
0	830	1022	1	49	288	16	4	0	0	0
0	830	1022	1	50	288	16	4	0	0	0
0	830	1022	1	51	288	16	4	0	0	0
0	830	1022	1	52	288	16	4	0	0	0
0	830	1022	1	53	288	16	4	0	0	0
0	830	1022	1	54	288	16	4	0	0	0
0	830	1022	1	55	288	16	4	0	0	0
0	830	1022	1	56	288	16	4	0	0	0
0	830	1022	1	57	288	16	4	0	0	0
0	830	1022	1	58	288	16	4	0	0	0
0	830	1080	2	137	288	16	1	0	64	64
0	830	1080	2	138	288	16	1	0	64	64
0	830	1080	2	139	288	16	1	0	64	64
0	830	1080	2	140	288	16	1	0	64	64
0	830	1080	2	141	288	16	1	0	64	64
0	830	1080	2	142	288	16	1	0	64	64
0	830	1080	2	143	288	16	1	0	64	64
0	830	1080	2	144	288	16	1	0	64	64
0	830	1080	2	145	288	16	1	0	64	64
0	830	1080	2	146	288	16	1	0	64	64
0	830	1080	2	147	288	16	1	0	64	64
0	830	1080	2	148	288	16	1	0	64	64
0	830	1080	2	149	288	16	1	0	64	64
0	830	1080	2	150	288	16	1	0	64	64
0	830	1080	2	151	288	16	1	0	64	64
0	830	1080	2	152	288	16	1	0	64	64
0	830	1080	2	153	288	16	1	0	64	64
0	830	1080	2	154	288	16	1	0	64	64
0	830	1080	2	155	288	16	1	0	64	64
0	830	1080	2	156	288	16	1	0	64	64
0	830	1080	2	157	288	16	1	0	64	64
0	830	1080	2	158	288	16	1	0	64	64
0	830	1080	2	159	288	16	1	0	64	64
0	830	1080	2	160	288	16	1	0	64	64
0	830	1080	2	161	288	16	1	0	64	64
0	830	1080	2	162	288	16	1	0	64	64
0	830	1080	2	163	288	16	1	0	64	64
0	830	1080	2	164	288	16	1	0	64	64
0	830	1080	2	165	288	16	1	0	64	64
0	830	1080	2	166	288	16	1	0	64	64
0	830	1080	2	167	288	16	1	0	64	64
0	830	1080	2	168	288	16	1	0	64	64
0	835	1046	1	49	288	16	0	0	32	32
0	835	1046	1	50	288	16	0	0	32	32
0	835	1046	1	51	288	16	0	0	32	32
0	835	1046	1	52	288	16	0	0	32	32
0	835	1046	1	53	288	16	0	0	32	32
0	835	1046	1	54	288	16	0	0	32	32
0	835	1046	1	55	288	16	0	0	32	32
0	835	1046	1	56	288	16	0	0	32	32
0	835	1046	1	57	288	16	0	0	32	32
0	835	1046	1	58	288	16	0	0	32	32
0	835	1046	1	59	288	16	0	0	32	32
0	835	1046	1	60	288	16	0	0	32	32
0	835	1046	1	61	288	16	0	0	32	32
0	835	1046	1	62	288	16	0	0	32	32
0	835	1046	1	63	288	16	0	0	32	32
0	835	1046	1	64	288	16	0	0	32	32
0	835	1046	1	65	288	16	0	0	32	32
0	835	1046	1	66	288	16	0	0	32	32
0	835	1046	1	67	288	16	0	0	32	32
0	835	1046	1	68	288	16	0	0	32	32
0	835	1046	1	69	288	16	0	0	32	32
0	835	1046	1	70	288	16	0	0	32	32
0	835	1046	1	71	288	16	0	0	32	32
0	835	1046	1	72	288	16	0	0	32	32
0	835	1046	1	73	288	16	0	0	32	32
0	835	1046	1	74	288	16	0	0	32	32
0	835	1046	1	75	288	16	0	0	32	32
0	835	1046	1	76	288	16	0	0	32	32
0	835	1046	1	77	288	16	0	0	32	32
0	835	1046	1	78	288	16	0	0	32	32
0	835	1046	1	79	288	16	0	0	32	32
0	835	1046	1	80	288	16	0	0	32	32
0	838	1050	1	184	288	16	0	0	51	51
0	838	1050	1	185	288	16	0	0	51	51
0	838	1050	1	186	288	16	0	0	51	51
0	838	1050	1	187	288	16	0	0	51	51
0	838	1050	1	188	288	16	0	0	51	51
0	838	1050	1	189	288	16	0	0	51	51
0	838	1050	1	190	288	16	0	0	51	51
0	838	1050	1	191	288	16	0	0	51	51
0	838	1050	1	192	288	16	0	0	51	51
0	838	1050	1	193	288	16	0	0	51	51
0	838	1050	1	194	288	16	0	0	51	51
0	838	1050	1	195	288	16	0	0	51	51
0	838	1050	1	196	288	16	0	0	51	51
0	838	1050	1	197	288	16	0	0	51	51
0	838	1050	1	198	288	16	0	0	51	51
0	838	1050	1	199	288	16	0	0	51	51
0	838	1050	1	200	288	16	0	0	51	51
0	838	1050	1	201	288	16	0	0	51	51
0	838	1050	1	202	288	16	0	0	51	51
0	838	1050	1	203	288	16	0	0	51	51
0	838	1050	1	204	288	16	0	0	51	51
0	838	1050	1	205	288	16	0	0	51	51
0	838	1050	1	206	288	16	0	0	51	51
0	838	1050	1	207	288	16	0	0	51	51
0	838	1050	1	208	288	16	0	0	51	51
0	838	1050	1	209	288	16	0	0	51	51
0	838	1050	1	210	288	16	0	0	51	51
0	838	1050	1	211	288	16	0	0	51	51
0	838	1050	1	212	288	16	0	0	51	51
0	838	1050	1	213	288	16	0	0	51	51
0	838	1050	1	214	288	16	0	0	51	51
0	838	1050	1	215	288	16	0	0	51	51
0	852	1174	2	34	288	16	0	0	30	30
0	852	1174	2	35	288	16	0	0	30	30
0	852	1174	2	36	288	16	0	0	30	30
0	852	1174	2	37	288	16	0	0	30	30
0	852	1174	2	38	288	16	0	0	30	30
0	852	1174	2	39	288	16	0	0	30	30
0	852	1174	2	40	288	16	0	0	30	30
0	852	1174	2	41	288	16	0	0	30	30
0	852	1174	2	42	288	16	0	0	30	30
0	852	1174	2	43	288	16	0	0	30	30
0	852	1174	2	44	288	16	0	0	30	30
0	852	1174	2	45	288	16	0	0	30	30
0	852	1174	2	46	288	16	0	0	30	30
0	852	1174	2	47	288	16	0	0	30	30
0	852	1174	2	48	288	16	0	0	30	30
0	852	1174	2	49	288	16	0	0	30	30
0	852	1174	2	50	288	16	0	0	30	30
0	852	1174	2	51	288	16	0	0	30	30
0	852	1174	2	52	288	16	0	0	30	30
0	852	1174	2	53	288	16	0	0	30	30
0	852	1174	2	54	288	16	0	0	30	30
0	852	1174	2	55	288	16	0	0	30	30
0	852	1174	2	56	288	16	0	0	30	30
0	852	1174	2	57	288	16	0	0	30	30
0	852	1174	2	58	288	16	0	0	30	30
0	852	1174	2	59	288	16	0	0	30	30
0	852	1174	2	60	288	16	0	0	30	30
0	852	1174	2	61	288	16	0	0	30	30
0	852	1174	2	62	288	16	0	0	30	30
0	852	1174	2	63	288	16	0	0	30	30
0	852	1174	2	64	288	16	0	0	30	30
0	852	1174	2	65	288	16	0	0	30	30
0	862	1172	2	34	288	16	0	0	26	26
0	862	1172	2	35	288	16	0	0	26	26
0	862	1172	2	36	288	16	0	0	26	26
0	862	1172	2	37	288	16	0	0	26	26
0	862	1172	2	38	288	16	0	0	26	26
0	862	1172	2	39	288	16	0	0	26	26
0	862	1172	2	40	288	16	0	0	26	26
0	862	1172	2	41	288	16	0	0	26	26
0	862	1172	2	42	288	16	0	0	26	26
0	862	1172	2	43	288	16	0	0	26	26
0	862	1172	2	44	288	16	0	0	26	26
0	862	1172	2	45	288	16	0	0	26	26
0	862	1172	2	46	288	16	0	0	26	26
0	862	1172	2	47	288	16	0	0	26	26
0	862	1172	2	48	288	16	0	0	26	26
0	862	1172	2	49	288	16	0	0	26	26
0	862	1172	2	50	288	16	0	0	26	26
0	862	1172	2	51	288	16	0	0	26	26
0	862	1172	2	52	288	16	0	0	26	26
0	862	1172	2	53	288	16	0	0	26	26
0	862	1172	2	54	288	16	0	0	26	26
0	862	1172	2	55	288	16	0	0	26	26
0	862	1172	2	56	288	16	0	0	26	26
0	862	1172	2	57	288	16	0	0	26	26
0	862	1172	2	58	288	16	0	0	26	26
0	862	1172	2	59	288	16	0	0	26	26
0	862	1172	2	60	288	16	0	0	26	26
0	862	1172	2	61	288	16	0	0	26	26
0	862	1172	2	62	288	16	0	0	26	26
0	862	1172	2	63	288	16	0	0	26	26
0	862	1172	2	64	288	16	0	0	26	26
0	862	1172	2	65	288	16	0	0	26	26
0	864	882	14	35	288	16	12	11	32	31
0	864	882	14	36	288	16	12	11	32	31
0	864	882	14	37	288	16	12	11	32	31
0	864	882	14	38	288	16	12	11	32	31
0	864	882	14	39	288	16	12	11	32	31
0	864	882	14	40	288	16	12	11	32	31
0	864	882	14	41	288	16	12	11	32	31
0	864	882	14	42	288	16	12	11	32	31
0	864	882	14	43	288	16	12	11	32	31
0	864	882	14	44	288	16	12	11	32	31
0	864	882	14	45	288	16	12	11	32	31
0	864	882	14	46	288	16	12	11	32	31
0	864	882	14	47	288	16	12	11	32	31
0	864	882	14	48	288	16	12	11	32	31
0	864	882	14	49	288	16	12	11	32	31
0	864	882	14	50	288	16	12	11	32	31
0	864	882	14	51	288	16	12	11	32	31
0	864	882	14	52	288	16	12	11	32	31
0	864	882	14	53	288	16	12	11	32	31
0	864	882	14	54	288	16	12	11	32	31
0	864	882	14	55	288	16	12	11	32	31
0	864	882	14	56	288	16	12	11	32	31
0	864	882	14	57	288	16	12	11	32	31
0	864	882	14	58	288	16	12	11	32	31
0	864	882	14	59	288	16	12	11	32	31
0	864	882	14	60	288	16	12	11	32	31
0	864	882	14	61	288	16	12	11	32	31
0	864	882	14	62	288	16	12	11	32	31
0	864	882	14	63	288	16	12	11	32	31
0	864	882	14	64	288	16	12	11	32	31
0	864	882	14	65	288	16	12	11	32	31
0	864	882	14	66	288	16	12	11	32	31
0	865	718	27	131	288	16	32	31	129	0
0	865	718	27	132	288	16	32	31	129	0
0	865	718	27	133	288	16	32	31	129	0
0	865	718	27	134	288	16	32	31	129	0
0	865	718	27	135	288	16	32	31	129	0
0	865	718	27	136	288	16	32	31	129	0
0	865	718	27	137	288	16	32	31	129	0
0	865	718	27	138	288	16	32	31	129	0
0	865	718	27	139	288	16	32	31	129	0
0	865	718	27	140	288	16	32	31	129	0
0	865	718	27	141	288	16	32	31	129	0
0	865	718	27	142	288	16	32	31	129	0
0	865	718	27	143	288	16	32	31	129	0
0	865	718	27	144	288	16	32	31	129	0
0	865	718	27	145	288	16	32	31	129	0
0	865	718	27	146	288	16	32	31	129	0
0	865	718	27	147	288	16	32	31	129	0
0	865	718	27	148	288	16	32	31	129	0
0	865	718	27	149	288	16	32	31	129	0
0	865	718	27	150	288	16	32	31	129	0
0	865	718	27	151	288	16	32	31	129	0
0	865	718	27	152	288	16	32	31	129	0
0	865	718	27	153	288	16	32	31	129	0
0	865	718	27	154	288	16	32	31	129	0
0	865	718	27	155	288	16	32	31	129	0
0	865	718	27	156	288	16	32	31	129	0
0	865	718	27	157	288	16	32	31	129	0
0	865	718	27	158	288	16	32	31	129	0
0	865	718	27	159	288	16	32	31	129	0
0	865	718	27	160	288	16	32	31	129	0
0	865	718	27	161	288	16	32	31	129	0
0	865	718	27	162	288	16	32	31	129	0
0	865	1372	3	48	288	16	7	3	32	32
0	865	1372	3	49	288	16	7	3	32	32
0	865	1372	3	50	288	16	7	3	32	32
0	865	1372	3	51	288	16	7	3	32	32
0	865	1372	3	52	288	16	7	3	32	32
0	865	1372	3	53	288	16	7	3	32	32
0	865	1372	3	54	288	16	7	3	32	32
0	865	1372	3	55	288	16	7	3	32	32
0	865	1372	3	56	288	16	7	3	32	32
0	865	1372	3	57	288	16	7	3	32	32
0	865	1372	3	58	288	16	7	3	32	32
0	865	1372	3	59	288	16	7	3	32	32
0	865	1372	3	60	288	16	7	3	32	32
0	865	1372	3	61	288	16	7	3	32	32
0	865	1372	3	62	288	16	7	3	32	32
0	865	1372	3	63	288	16	7	3	32	32
0	865	1372	3	64	288	16	7	3	32	32
0	865	1372	3	65	288	16	7	3	32	32
0	865	1372	3	66	288	16	7	3	32	32
0	865	1372	3	67	288	16	7	3	32	32
0	865	1372	3	68	288	16	7	3	32	32
0	865	1372	3	69	288	16	7	3	32	32
0	865	1372	3	70	288	16	7	3	32	32
0	865	1372	3	71	288	16	7	3	32	32
0	865	1372	3	72	288	16	7	3	32	32
0	865	1372	3	73	288	16	7	3	32	32
0	865	1372	3	74	288	16	7	3	32	32
0	865	1372	3	75	288	16	7	3	32	32
0	865	1372	3	76	288	16	7	3	32	32
0	865	1372	3	77	288	16	7	3	32	32
0	865	1372	3	78	288	16	7	3	32	32
0	865	1372	3	79	288	16	7	3	32	32
0	877	1037	1	120	288	16	0	0	64	64
0	877	1037	1	121	288	16	0	0	64	64
0	877	1037	1	122	288	16	0	0	64	64
0	877	1037	1	123	288	16	0	0	64	64
0	877	1037	1	124	288	16	0	0	64	64
0	877	1037	1	125	288	16	0	0	64	64
0	877	1037	1	126	288	16	0	0	64	64
0	877	1037	1	127	288	16	0	0	64	64
0	877	1037	1	128	288	16	0	0	64	64
0	877	1037	1	129	288	16	0	0	64	64
0	877	1037	1	130	288	16	0	0	64	64
0	877	1037	1	131	288	16	0	0	64	64
0	877	1037	1	132	288	16	0	0	64	64
0	877	1037	1	133	288	16	0	0	64	64
0	877	1037	1	134	288	16	0	0	64	64
0	877	1037	1	135	288	16	0	0	64	64
0	877	1037	1	136	288	16	0	0	64	64
0	877	1037	1	137	288	16	0	0	64	64
0	877	1037	1	138	288	16	0	0	64	64
0	877	1037	1	139	288	16	0	0	64	64
0	877	1037	1	140	288	16	0	0	64	64
0	877	1037	1	141	288	16	0	0	64	64
0	877	1037	1	142	288	16	0	0	64	64
0	877	1037	1	143	288	16	0	0	64	64
0	877	1037	1	144	288	16	0	0	64	64
0	877	1037	1	145	288	16	0	0	64	64
0	877	1037	1	146	288	16	0	0	64	64
0	877	1037	1	147	288	16	0	0	64	64
0	877	1037	1	148	288	16	0	0	64	64
0	877	1037	1	149	288	16	0	0	64	64
0	877	1037	1	150	288	16	0	0	64	64
0	877	1037	1	151	288	16	0	0	64	64
0	878	1075	3	34	288	16	2	1	12	12
0	878	1075	3	35	288	16	2	1	12	12
0	878	1075	3	36	288	16	2	1	12	12
0	878	1075	3	37	288	16	2	1	12	12
0	878	1075	3	38	288	16	2	1	12	12
0	878	1075	3	39	288	16	2	1	12	12
0	878	1075	3	40	288	16	2	1	12	12
0	878	1075	3	41	288	16	2	1	12	12
0	878	1075	3	42	288	16	2	1	12	12
0	878	1075	3	43	288	16	2	1	12	12
0	878	1075	3	44	288	16	2	1	12	12
0	878	1075	3	45	288	16	2	1	12	12
0	878	1075	3	46	288	16	2	1	12	12
0	878	1075	3	47	288	16	2	1	12	12
0	878	1075	3	48	288	16	2	1	12	12
0	878	1075	3	49	288	16	2	1	12	12
0	878	1075	3	50	288	16	2	1	12	12
0	878	1075	3	51	288	16	2	1	12	12
0	878	1075	3	52	288	16	2	1	12	12
0	878	1075	3	53	288	16	2	1	12	12
0	878	1075	3	54	288	16	2	1	12	12
0	878	1075	3	55	288	16	2	1	12	12
0	878	1075	3	56	288	16	2	1	12	12
0	878	1075	3	57	288	16	2	1	12	12
0	878	1075	3	58	288	16	2	1	12	12
0	878	1075	3	59	288	16	2	1	12	12
0	878	1075	3	60	288	16	2	1	12	12
0	878	1075	3	61	288	16	2	1	12	12
0	878	1075	3	62	288	16	2	1	12	12
0	878	1075	3	63	288	16	2	1	12	12
0	878	1075	3	64	288	16	2	1	12	12
0	878	1075	3	65	288	16	2	1	12	12
0	881	1154	4	44	291	16	2	2	48	48
0	881	1154	4	45	291	16	2	2	48	48
0	881	1154	4	46	291	16	2	2	48	48
0	881	1154	4	47	291	16	2	2	48	48
0	881	1154	4	48	291	16	2	2	48	48
0	881	1154	4	49	291	16	2	2	48	48
0	881	1154	4	54	291	16	2	2	48	48
0	881	1154	4	55	291	16	2	2	48	48
0	881	1154	4	56	291	16	2	2	48	48
0	881	1154	4	57	291	16	2	2	48	48
0	881	1154	4	58	291	16	2	2	48	48
0	881	1154	4	59	291	16	2	2	48	48
0	881	1154	4	60	291	16	2	2	48	48
0	881	1154	4	61	291	16	2	2	48	48
0	881	1154	4	62	291	16	2	2	48	48
0	881	1154	4	63	291	16	2	2	48	48
0	882	1154	3	37	291	16	1	1	51	51
0	882	1154	3	38	291	16	1	1	51	51
0	882	1154	3	39	291	16	1	1	51	51
0	882	1154	3	40	291	16	1	1	51	51
0	882	1154	3	41	291	16	1	1	51	51
0	882	1154	3	42	291	16	1	1	51	51
0	882	1154	3	43	291	16	1	1	51	51
0	882	1154	3	44	291	16	1	1	51	51
0	882	1154	3	45	291	16	1	1	51	51
0	882	1154	3	46	291	16	1	1	51	51
0	882	1154	3	47	291	16	1	1	51	51
0	882	1154	3	48	291	16	1	1	51	51
0	882	1154	3	49	291	16	1	1	51	51
0	916	1220	4	145	288	16	6	6	64	64
0	916	1220	4	146	288	16	6	6	64	64
0	916	1220	4	147	288	16	6	6	64	64
0	916	1220	4	148	288	16	6	6	64	64
0	916	1220	4	149	288	16	6	6	64	64
0	916	1220	4	150	288	16	6	6	64	64
0	916	1220	4	151	288	16	6	6	64	64
0	916	1220	4	152	288	16	6	6	64	64
0	916	1220	4	153	288	16	6	6	64	64
0	916	1220	4	154	288	16	6	6	64	64
0	916	1220	4	155	288	16	6	6	64	64
0	916	1220	4	156	288	16	6	6	64	64
0	916	1220	4	157	288	16	6	6	64	64
0	916	1220	4	158	288	16	6	6	64	64
0	916	1220	4	159	288	16	6	6	64	64
0	916	1220	4	160	288	16	6	6	64	64
0	916	1220	4	161	288	16	6	6	64	64
0	916	1220	4	162	288	16	6	6	64	64
0	916	1220	4	163	288	16	6	6	64	64
0	916	1220	4	164	288	16	6	6	64	64
0	916	1220	4	165	288	16	6	6	64	64
0	916	1220	4	166	288	16	6	6	64	64
0	916	1220	4	167	288	16	6	6	64	64
0	916	1220	4	168	288	16	6	6	64	64
0	916	1220	4	169	288	16	6	6	64	64
0	916	1220	4	170	288	16	6	6	64	64
0	916	1220	4	171	288	16	6	6	64	64
0	916	1220	4	172	288	16	6	6	64	64
0	916	1220	4	173	288	16	6	6	64	64
0	916	1220	4	174	288	16	6	6	64	64
0	916	1220	4	175	288	16	6	6	64	64
0	916	1220	4	176	288	16	6	6	64	64
0	925	895	2	35	288	16	7	5	32	32
0	925	895	2	36	288	16	7	5	32	32
0	925	895	2	37	288	16	7	5	32	32
0	925	895	2	38	288	16	7	5	32	32
0	925	895	2	39	288	16	7	5	32	32
0	925	895	2	40	288	16	7	5	32	32
0	925	895	2	41	288	16	7	5	32	32
0	925	895	2	42	288	16	7	5	32	32
0	925	895	2	43	288	16	7	5	32	32
0	925	895	2	44	288	16	7	5	32	32
0	925	895	2	45	288	16	7	5	32	32
0	925	895	2	46	288	16	7	5	32	32
0	925	895	2	47	288	16	7	5	32	32
0	925	895	2	48	288	16	7	5	32	32
0	925	895	2	49	288	16	7	5	32	32
0	925	895	2	50	288	16	7	5	32	32
0	925	895	2	51	288	16	7	5	32	32
0	925	895	2	52	288	16	7	5	32	32
0	925	895	2	53	288	16	7	5	32	32
0	925	895	2	54	288	16	7	5	32	32
0	925	895	2	55	288	16	7	5	32	32
0	925	895	2	56	288	16	7	5	32	32
0	925	895	2	57	288	16	7	5	32	32
0	925	895	2	58	288	16	7	5	32	32
0	925	895	2	59	288	16	7	5	32	32
0	925	895	2	60	288	16	7	5	32	32
0	925	895	2	61	288	16	7	5	32	32
0	925	895	2	62	288	16	7	5	32	32
0	925	895	2	63	288	16	7	5	32	32
0	925	895	2	64	288	16	7	5	32	32
0	925	895	2	65	288	16	7	5	32	32
0	925	895	2	66	288	16	7	5	32	32
0	927	1397	1	45	291	16	0	0	40	40
0	927	1397	1	46	291	16	0	0	40	40
0	927	1397	1	47	291	16	0	0	40	40
0	927	1397	1	48	291	16	0	0	40	40
0	927	1397	1	49	291	16	0	0	40	40
0	927	1397	1	50	291	16	0	0	40	40
0	927	1397	1	51	291	16	0	0	40	40
0	927	1397	1	52	291	16	0	0	40	40
0	927	1397	1	53	291	16	0	0	40	40
0	927	1397	1	54	291	16	0	0	40	40
0	927	1397	1	55	291	16	0	0	40	40
0	927	1397	1	56	291	16	0	0	40	40
0	927	1397	1	57	291	16	0	0	40	40
0	927	1397	1	58	291	16	0	0	40	40
0	927	1397	1	59	291	16	0	0	40	40
0	927	1397	1	60	291	16	0	0	40	40
0	927	1397	1	61	291	16	0	0	40	40
0	927	1397	1	62	291	16	0	0	40	40
0	927	1397	1	63	291	16	0	0	40	40
0	927	1397	1	64	291	16	0	0	40	40
0	927	1397	1	65	291	16	0	0	40	40
0	927	1397	1	66	291	16	0	0	40	40
0	927	1397	1	67	291	16	0	0	40	40
0	927	1397	1	68	291	16	0	0	40	40
0	948	1325	3	130	288	16	9	6	64	64
0	948	1325	3	131	288	16	9	6	64	64
0	948	1325	3	132	288	16	9	6	64	64
0	948	1325	3	133	288	16	9	6	64	64
0	948	1325	3	134	288	16	9	6	64	64
0	948	1325	3	135	288	16	9	6	64	64
0	948	1325	3	136	288	16	9	6	64	64
0	948	1325	3	137	288	16	9	6	64	64
0	948	1325	3	138	288	16	9	6	64	64
0	948	1325	3	139	288	16	9	6	64	64
0	948	1325	3	140	288	16	9	6	64	64
0	948	1325	3	141	288	16	9	6	64	64
0	948	1325	3	142	288	16	9	6	64	64
0	948	1325	3	143	288	16	9	6	64	64
0	948	1325	3	144	288	16	9	6	64	64
0	948	1325	3	145	288	16	9	6	64	64
0	948	1325	3	146	288	16	9	6	64	64
0	948	1325	3	147	288	16	9	6	64	64
0	948	1325	3	148	288	16	9	6	64	64
0	948	1325	3	149	288	16	9	6	64	64
0	948	1325	3	150	288	16	9	6	64	64
0	948	1325	3	151	288	16	9	6	64	64
0	948	1325	3	152	288	16	9	6	64	64
0	948	1325	3	153	288	16	9	6	64	64
0	948	1325	3	154	288	16	9	6	64	64
0	948	1325	3	155	288	16	9	6	64	64
0	948	1325	3	156	288	16	9	6	64	64
0	948	1325	3	157	288	16	9	6	64	64
0	948	1325	3	158	288	16	9	6	64	64
0	948	1325	3	159	288	16	9	6	64	64
0	948	1325	3	160	288	16	9	6	64	64
0	948	1325	3	161	288	16	9	6	64	64
0	953	1025	1	106	288	16	1	0	45	45
0	953	1025	1	107	288	16	1	0	45	45
0	953	1025	1	108	288	16	1	0	45	45
0	953	1025	1	109	288	16	1	0	45	45
0	953	1025	1	110	288	16	1	0	45	45
0	953	1025	1	111	288	16	1	0	45	45
0	953	1025	1	112	288	16	1	0	45	45
0	953	1025	1	113	288	16	1	0	45	45
0	953	1025	1	114	288	16	1	0	45	45
0	953	1025	1	115	288	16	1	0	45	45
0	953	1025	1	116	288	16	1	0	45	45
0	953	1025	1	117	288	16	1	0	45	45
0	953	1025	1	118	288	16	1	0	45	45
0	953	1025	1	119	288	16	1	0	45	45
0	953	1025	1	120	288	16	1	0	45	45
0	953	1025	1	121	288	16	1	0	45	45
0	953	1025	1	122	288	16	1	0	45	45
0	953	1025	1	123	288	16	1	0	45	45
0	953	1025	1	124	288	16	1	0	45	45
0	953	1025	1	125	288	16	1	0	45	45
0	953	1025	1	126	288	16	1	0	45	45
0	953	1025	1	127	288	16	1	0	45	45
0	953	1025	1	128	288	16	1	0	45	45
0	953	1025	1	129	288	16	1	0	45	45
0	953	1025	1	130	288	16	1	0	45	45
0	953	1025	1	131	288	16	1	0	45	45
0	953	1025	1	132	288	16	1	0	45	45
0	953	1025	1	133	288	16	1	0	45	45
0	953	1025	1	134	288	16	1	0	45	45
0	953	1025	1	135	288	16	1	0	45	45
0	953	1025	1	136	288	16	1	0	45	45
0	953	1025	1	137	288	16	1	0	45	45
0	971	1410	0	113	288	16	0	0	60	60
0	971	1410	0	114	288	16	0	0	60	60
0	971	1410	0	115	288	16	0	0	60	60
0	971	1410	0	116	288	16	0	0	60	60
0	971	1410	0	117	288	16	0	0	60	60
0	971	1410	0	118	288	16	0	0	60	60
0	971	1410	0	119	288	16	0	0	60	60
0	971	1410	0	120	288	16	0	0	60	60
0	971	1410	0	121	288	16	0	0	60	60
0	971	1410	0	122	288	16	0	0	60	60
0	971	1410	0	123	288	16	0	0	60	60
0	971	1410	0	124	288	16	0	0	60	60
0	971	1410	0	125	288	16	0	0	60	60
0	981	1351	1	61	288	16	1	0	57	57
0	981	1351	1	62	288	16	1	0	57	57
0	981	1351	1	63	288	16	1	0	57	57
0	981	1351	1	64	288	16	1	0	57	57
0	981	1351	1	65	288	16	1	0	57	57
0	981	1351	1	66	288	16	1	0	57	57
0	981	1351	1	67	288	16	1	0	57	57
0	999	1129	1	45	288	16	1	1	32	32
0	999	1129	1	46	288	16	1	1	32	32
0	999	1129	1	47	288	16	1	1	32	32
0	999	1129	1	48	288	16	1	1	32	32
0	999	1129	1	49	288	16	1	1	32	32
0	999	1129	1	50	288	16	1	1	32	32
0	999	1129	1	51	288	16	1	1	32	32
0	999	1129	1	52	288	16	1	1	32	32
0	999	1129	1	53	288	16	1	1	32	32
0	999	1129	1	54	288	16	1	1	32	32
0	999	1129	1	55	288	16	1	1	32	32
0	999	1129	1	56	288	16	1	1	32	32
0	999	1129	1	57	288	16	1	1	32	32
0	999	1129	1	58	288	16	1	1	32	32
0	999	1129	1	59	288	16	1	1	32	32
0	999	1129	1	60	288	16	1	1	32	32
0	999	1129	1	61	288	16	1	1	32	32
0	999	1129	1	62	288	16	1	1	32	32
0	999	1129	1	63	288	16	1	1	32	32
0	999	1129	1	64	288	16	1	1	32	32
0	999	1129	1	65	288	16	1	1	32	32
0	999	1129	1	66	288	16	1	1	32	32
0	999	1129	1	67	288	16	1	1	32	32
0	999	1129	1	68	288	16	1	1	32	32
0	999	1129	1	69	288	16	1	1	32	32
0	999	1129	1	70	288	16	1	1	32	32
0	999	1129	1	71	288	16	1	1	32	32
0	999	1129	1	72	288	16	1	1	32	32
0	999	1129	1	73	288	16	1	1	32	32
0	999	1129	1	74	288	16	1	1	32	32
0	999	1129	1	75	288	16	1	1	32	32
0	999	1129	1	76	288	16	1	1	32	32
0	999	1493	0	133	288	16	0	0	58	58
0	999	1493	0	134	288	16	0	0	58	58
0	999	1493	0	135	288	16	0	0	58	58
0	999	1493	0	136	288	16	0	0	58	58
0	999	1493	0	137	288	16	0	0	58	58
0	999	1493	0	138	288	16	0	0	58	58
0	999	1493	0	139	288	16	0	0	58	58
0	999	1493	0	140	288	16	0	0	58	58
0	999	1493	0	141	288	16	0	0	58	58
0	999	1493	0	142	288	16	0	0	58	58
0	999	1493	0	143	288	16	0	0	58	58
0	999	1493	0	144	288	16	0	0	58	58
0	999	1493	0	145	288	16	0	0	58	58
0	999	1493	0	146	288	16	0	0	58	58
0	999	1493	0	147	288	16	0	0	58	58
0	999	1493	0	148	288	16	0	0	58	58
0	999	1493	0	149	288	16	0	0	58	58
0	999	1493	0	150	288	16	0	0	58	58
0	999	1493	0	151	288	16	0	0	58	58
0	999	1493	0	152	288	16	0	0	58	58
0	999	1493	0	153	288	16	0	0	58	58
0	999	1493	0	154	288	16	0	0	58	58
0	999	1493	0	155	288	16	0	0	58	58
0	999	1493	0	156	288	16	0	0	58	58
0	999	1493	0	157	288	16	0	0	58	58
0	999	1493	0	158	288	16	0	0	58	58
0	999	1493	0	159	288	16	0	0	58	58
0	999	1493	0	160	288	16	0	0	58	58
0	999	1493	0	161	288	16	0	0	58	58
0	999	1493	0	162	288	16	0	0	58	58
0	999	1493	0	163	288	16	0	0	58	58
0	999	1493	0	164	288	16	0	0	58	58
0	1015	843	3	35	288	16	6	4	21	21
0	1015	843	3	36	288	16	6	4	21	21
0	1015	843	3	37	288	16	6	4	21	21
0	1015	843	3	38	288	16	6	4	21	21
0	1015	843	3	39	288	16	6	4	21	21
0	1015	843	3	40	288	16	6	4	21	21
0	1015	843	3	41	288	16	6	4	21	21
0	1015	843	3	42	288	16	6	4	21	21
0	1015	843	3	43	288	16	6	4	21	21
0	1015	843	3	44	288	16	6	4	21	21
0	1015	843	3	45	288	16	6	4	21	21
0	1015	843	3	46	288	16	6	4	21	21
0	1015	843	3	47	288	16	6	4	21	21
0	1015	843	3	48	288	16	6	4	21	21
0	1015	843	3	49	288	16	6	4	21	21
0	1015	843	3	50	288	16	6	4	21	21
0	1015	843	3	51	288	16	6	4	21	21
0	1015	843	3	52	288	16	6	4	21	21
0	1015	843	3	53	288	16	6	4	21	21
0	1015	843	3	54	288	16	6	4	21	21
0	1015	843	3	55	288	16	6	4	21	21
0	1015	843	3	56	288	16	6	4	21	21
0	1015	843	3	57	288	16	6	4	21	21
0	1015	843	3	58	288	16	6	4	21	21
0	1015	843	3	59	288	16	6	4	21	21
0	1015	843	3	60	288	16	6	4	21	21
0	1015	843	3	61	288	16	6	4	21	21
0	1015	843	3	62	288	16	6	4	21	21
0	1015	843	3	63	288	16	6	4	21	21
0	1015	843	3	64	288	16	6	4	21	21
0	1015	843	3	65	288	16	6	4	21	21
0	1015	843	3	66	288	16	6	4	21	21
0	1015	1026	2	37	288	16	0	0	32	32
0	1015	1026	2	38	288	16	0	0	32	32
0	1015	1026	2	39	288	16	0	0	32	32
0	1015	1026	2	40	288	16	0	0	32	32
0	1015	1026	2	41	288	16	0	0	32	32
0	1015	1026	2	42	288	16	0	0	32	32
0	1015	1026	2	43	288	16	0	0	32	32
0	1015	1026	2	44	288	16	0	0	32	32
0	1015	1026	2	45	288	16	0	0	32	32
0	1015	1026	2	46	288	16	0	0	32	32
0	1015	1026	2	47	288	16	0	0	32	32
0	1015	1026	2	48	288	16	0	0	32	32
0	1015	1026	2	49	288	16	0	0	32	32
0	1015	1026	2	50	288	16	0	0	32	32
0	1015	1026	2	51	288	16	0	0	32	32
0	1015	1026	2	52	288	16	0	0	32	32
0	1015	1026	2	53	288	16	0	0	32	32
0	1015	1026	2	54	288	16	0	0	32	32
0	1015	1026	2	55	288	16	0	0	32	32
0	1015	1026	2	56	288	16	0	0	32	32
0	1015	1026	2	57	288	16	0	0	32	32
0	1015	1026	2	58	288	16	0	0	32	32
0	1015	1026	2	59	288	16	0	0	32	32
0	1015	1026	2	60	288	16	0	0	32	32
0	1015	1026	2	61	288	16	0	0	32	32
0	1015	1026	2	62	288	16	0	0	32	32
0	1015	1026	2	63	288	16	0	0	32	32
0	1015	1026	2	64	288	16	0	0	32	32
0	1015	1026	2	65	288	16	0	0	32	32
0	1015	1026	2	66	288	16	0	0	32	32
0	1015	1026	2	67	288	16	0	0	32	32
0	1015	1026	2	68	288	16	0	0	32	32
0	1049	961	3	155	288	16	4	2	64	64
0	1049	961	3	156	288	16	4	2	64	64
0	1049	961	3	157	288	16	4	2	64	64
0	1049	961	3	158	288	16	4	2	64	64
0	1049	961	3	159	288	16	4	2	64	64
0	1049	961	3	160	288	16	4	2	64	64
0	1049	961	3	161	288	16	4	2	64	64
0	1049	961	3	162	288	16	4	2	64	64
0	1049	961	3	163	288	16	4	2	64	64
0	1049	961	3	164	288	16	4	2	64	64
0	1049	961	3	165	288	16	4	2	64	64
0	1049	961	3	166	288	16	4	2	64	64
0	1049	961	3	167	288	16	4	2	64	64
0	1049	961	3	168	288	16	4	2	64	64
0	1049	961	3	169	288	16	4	2	64	64
0	1049	961	3	170	288	16	4	2	64	64
0	1049	961	3	171	288	16	4	2	64	64
0	1049	961	3	172	288	16	4	2	64	64
0	1049	961	3	173	288	16	4	2	64	64
0	1049	961	3	174	288	16	4	2	64	64
0	1049	961	3	175	288	16	4	2	64	64
0	1049	961	3	176	288	16	4	2	64	64
0	1049	961	3	177	288	16	4	2	64	64
0	1049	961	3	178	288	16	4	2	64	64
0	1049	961	3	179	288	16	4	2	64	64
0	1049	961	3	180	288	16	4	2	64	64
0	1049	961	3	181	288	16	4	2	64	64
0	1049	961	3	182	288	16	4	2	64	64
0	1049	961	3	183	288	16	4	2	64	64
0	1049	961	3	184	288	16	4	2	64	64
0	1049	961	3	185	288	16	4	2	64	64
0	1049	961	3	186	288	16	4	2	64	64
0	1053	1444	0	164	288	16	1	0	77	77
0	1053	1444	0	165	288	16	1	0	77	77
0	1053	1444	0	166	288	16	1	0	77	77
0	1053	1444	0	167	288	16	1	0	77	77
0	1053	1444	0	168	288	16	1	0	77	77
0	1053	1444	0	169	288	16	1	0	77	77
0	1053	1444	0	170	288	16	1	0	77	77
0	1053	1444	0	171	288	16	1	0	77	77
0	1053	1444	0	172	288	16	1	0	77	77
0	1053	1444	0	173	288	16	1	0	77	77
0	1053	1444	0	174	288	16	1	0	77	77
0	1054	1289	1	36	288	16	0	0	51	51
0	1054	1289	1	37	288	16	0	0	51	51
0	1054	1289	1	38	288	16	0	0	51	51
0	1054	1289	1	39	288	16	0	0	51	51
0	1054	1289	1	40	288	16	0	0	51	51
0	1054	1289	1	41	288	16	0	0	51	51
0	1054	1289	1	42	288	16	0	0	51	51
0	1054	1289	1	43	288	16	0	0	51	51
0	1054	1289	1	44	288	16	0	0	51	51
0	1054	1289	1	45	288	16	0	0	51	51
0	1054	1289	1	46	288	16	0	0	51	51
0	1054	1289	1	47	288	16	0	0	51	51
0	1054	1289	1	48	288	16	0	0	51	51
0	1060	949	1	36	288	16	2	2	32	32
0	1060	949	1	37	288	16	2	2	32	32
0	1060	949	1	38	288	16	2	2	32	32
0	1060	949	1	39	288	16	2	2	32	32
0	1060	949	1	40	288	16	2	2	32	32
0	1060	949	1	41	288	16	2	2	32	32
0	1060	949	1	42	288	16	2	2	32	32
0	1060	949	1	43	288	16	2	2	32	32
0	1060	949	1	44	288	16	2	2	32	32
0	1060	949	1	45	288	16	2	2	32	32
0	1060	949	1	46	288	16	2	2	32	32
0	1060	949	1	47	288	16	2	2	32	32
0	1060	949	1	48	288	16	2	2	32	32
0	1060	949	1	49	288	16	2	2	32	32
0	1060	949	1	50	288	16	2	2	32	32
0	1060	949	1	51	288	16	2	2	32	32
0	1060	949	1	52	288	16	2	2	32	32
0	1060	949	1	53	288	16	2	2	32	32
0	1060	949	1	54	288	16	2	2	32	32
0	1060	949	1	55	288	16	2	2	32	32
0	1060	949	1	56	288	16	2	2	32	32
0	1060	949	1	57	288	16	2	2	32	32
0	1060	949	1	58	288	16	2	2	32	32
0	1060	949	1	59	288	16	2	2	32	32
0	1060	949	1	60	288	16	2	2	32	32
0	1060	949	1	61	288	16	2	2	32	32
0	1060	949	1	62	288	16	2	2	32	32
0	1060	949	1	63	288	16	2	2	32	32
0	1060	949	1	64	288	16	2	2	32	32
0	1060	949	1	65	288	16	2	2	32	32
0	1060	949	1	66	288	16	2	2	32	32
0	1060	949	1	67	288	16	2	2	32	32
0	1072	839	2	145	288	16	1	1	64	64
0	1072	839	2	146	288	16	1	1	64	64
0	1072	839	2	147	288	16	1	1	64	64
0	1072	839	2	148	288	16	1	1	64	64
0	1072	839	2	149	288	16	1	1	64	64
0	1072	839	2	150	288	16	1	1	64	64
0	1072	839	2	151	288	16	1	1	64	64
0	1072	839	2	152	288	16	1	1	64	64
0	1072	839	2	153	288	16	1	1	64	64
0	1072	839	2	154	288	16	1	1	64	64
0	1072	839	2	155	288	16	1	1	64	64
0	1072	839	2	156	288	16	1	1	64	64
0	1072	839	2	157	288	16	1	1	64	64
0	1072	839	2	158	288	16	1	1	64	64
0	1072	839	2	159	288	16	1	1	64	64
0	1072	839	2	160	288	16	1	1	64	64
0	1072	839	2	161	288	16	1	1	64	64
0	1072	839	2	162	288	16	1	1	64	64
0	1072	839	2	163	288	16	1	1	64	64
0	1072	839	2	164	288	16	1	1	64	64
0	1072	839	2	165	288	16	1	1	64	64
0	1072	839	2	166	288	16	1	1	64	64
0	1072	839	2	167	288	16	1	1	64	64
0	1072	839	2	168	288	16	1	1	64	64
0	1072	839	2	169	288	16	1	1	64	64
0	1072	839	2	170	288	16	1	1	64	64
0	1072	839	2	171	288	16	1	1	64	64
0	1072	839	2	172	288	16	1	1	64	64
0	1072	839	2	173	288	16	1	1	64	64
0	1072	839	2	174	288	16	1	1	64	64
0	1072	839	2	175	288	16	1	1	64	64
0	1072	839	2	176	288	16	1	1	64	64
0	1097	1074	1	38	288	16	1	0	31	31
0	1097	1074	1	39	288	16	1	0	31	31
0	1097	1074	1	40	288	16	1	0	31	31
0	1097	1074	1	41	288	16	1	0	31	31
0	1097	1074	1	42	288	16	1	0	31	31
0	1097	1074	1	43	288	16	1	0	31	31
0	1097	1074	1	44	288	16	1	0	31	31
0	1097	1074	1	45	288	16	1	0	31	31
0	1097	1074	1	46	288	16	1	0	31	31
0	1097	1074	1	47	288	16	1	0	31	31
0	1097	1074	1	48	288	16	1	0	31	31
0	1097	1074	1	49	288	16	1	0	31	31
0	1097	1074	1	50	288	16	1	0	31	31
0	1097	1074	1	51	288	16	1	0	31	31
0	1097	1074	1	52	288	16	1	0	31	31
0	1097	1074	1	53	288	16	1	0	31	31
0	1097	1074	1	54	288	16	1	0	31	31
0	1097	1074	1	55	288	16	1	0	31	31
0	1097	1074	1	56	288	16	1	0	31	31
0	1097	1074	1	57	288	16	1	0	31	31
0	1097	1074	1	58	288	16	1	0	31	31
0	1097	1074	1	59	288	16	1	0	31	31
0	1097	1074	1	60	288	16	1	0	31	31
0	1097	1074	1	61	288	16	1	0	31	31
0	1097	1074	1	62	288	16	1	0	31	31
0	1097	1074	1	63	288	16	1	0	31	31
0	1097	1074	1	64	288	16	1	0	31	31
0	1097	1074	1	65	288	16	1	0	31	31
0	1097	1074	1	66	288	16	1	0	31	31
0	1110	1689	3	109	288	16	0	0	9	9
0	1110	1689	3	110	288	16	0	0	9	9
0	1110	1689	3	111	288	16	0	0	9	9
0	1110	1689	3	112	288	16	0	0	9	9
0	1110	1689	3	113	288	16	0	0	9	9
0	1110	1689	3	114	288	16	0	0	9	9
0	1110	1689	3	115	288	16	0	0	9	9
0	1110	1689	3	116	288	16	0	0	9	9
0	1110	1689	3	117	288	16	0	0	9	9
0	1110	1689	3	118	288	16	0	0	9	9
0	1110	1689	3	119	288	16	0	0	9	9
0	1110	1689	3	120	288	16	0	0	9	9
0	1110	1689	3	121	288	16	0	0	9	9
0	1110	1689	3	122	288	16	0	0	9	9
0	1110	1689	3	123	288	16	0	0	9	9
0	1110	1689	3	124	288	16	0	0	9	9
0	1110	1689	3	125	288	16	0	0	9	9
0	1110	1689	3	126	288	16	0	0	9	9
0	1110	1689	3	127	288	16	0	0	9	9
0	1110	1689	3	128	288	16	0	0	9	9
0	1110	1689	3	129	288	16	0	0	9	9
0	1110	1689	3	130	288	16	0	0	9	9
0	1110	1689	3	131	288	16	0	0	9	9
0	1110	1689	3	132	288	16	0	0	9	9
0	1110	1689	3	133	288	16	0	0	9	9
0	1110	1689	3	134	288	16	0	0	9	9
0	1110	1689	3	135	288	16	0	0	9	9
0	1110	1689	3	136	288	16	0	0	9	9
0	1110	1689	3	137	288	16	0	0	9	9
0	1110	1689	3	138	288	16	0	0	9	9
0	1110	1689	3	139	288	16	0	0	9	9
0	1110	1689	3	140	288	16	0	0	9	9
0	1152	1401	0	66	288	16	0	0	0	0
0	1152	1401	0	67	288	16	0	0	0	0
0	1152	1401	0	68	288	16	0	0	0	0
0	1152	1401	0	69	288	16	0	0	0	0
0	1152	1401	0	70	288	16	0	0	0	0
0	1152	1401	0	71	288	16	0	0	0	0
0	1152	1401	0	72	288	16	0	0	0	0
0	1152	1401	0	73	288	16	0	0	0	0
0	1152	1401	0	74	288	16	0	0	0	0
0	1152	1401	0	75	288	16	0	0	0	0
0	1152	1401	0	76	288	16	0	0	0	0
0	1152	1401	0	77	288	16	0	0	0	0
0	1152	1401	0	78	288	16	0	0	0	0
0	1152	1401	0	79	288	16	0	0	0	0
0	1152	1401	0	80	288	16	0	0	0	0
0	1152	1401	0	81	288	16	0	0	0	0
0	1152	1401	0	82	288	16	0	0	0	0
0	1152	1401	0	83	288	16	0	0	0	0
0	1152	1401	0	84	288	16	0	0	0	0
0	1152	1401	0	85	288	16	0	0	0	0
0	1152	1401	0	86	288	16	0	0	0	0
0	1152	1401	0	87	288	16	0	0	0	0
0	1152	1401	0	88	288	16	0	0	0	0
0	1152	1401	0	89	288	16	0	0	0	0
0	1152	1401	0	90	288	16	0	0	0	0
0	1152	1401	0	91	288	16	0	0	0	0
0	1152	1401	0	92	288	16	0	0	0	0
0	1152	1401	0	93	288	16	0	0	0	0
0	1152	1401	0	94	288	16	0	0	0	0
0	1152	1401	0	95	288	16	0	0	0	0
0	1152	1401	0	96	288	16	0	0	0	0
0	1152	1401	0	97	288	16	0	0	0	0
0	1152	1448	0	66	288	16	0	0	0	0
0	1152	1448	0	67	288	16	0	0	0	0
0	1152	1448	0	68	288	16	0	0	0	0
0	1152	1448	0	69	288	16	0	0	0	0
0	1152	1448	0	70	288	16	0	0	0	0
0	1152	1448	0	71	288	16	0	0	0	0
0	1152	1448	0	72	288	16	0	0	0	0
0	1152	1448	0	73	288	16	0	0	0	0
0	1152	1448	0	74	288	16	0	0	0	0
0	1152	1448	0	75	288	16	0	0	0	0
0	1152	1448	0	76	288	16	0	0	0	0
0	1152	1448	0	77	288	16	0	0	0	0
0	1152	1448	0	78	288	16	0	0	0	0
0	1152	1448	0	79	288	16	0	0	0	0
0	1152	1448	0	80	288	16	0	0	0	0
0	1152	1448	0	81	288	16	0	0	0	0
0	1152	1448	0	82	288	16	0	0	0	0
0	1152	1448	0	83	288	16	0	0	0	0
0	1152	1448	0	84	288	16	0	0	0	0
0	1152	1448	0	85	288	16	0	0	0	0
0	1152	1448	0	86	288	16	0	0	0	0
0	1152	1448	0	87	288	16	0	0	0	0
0	1152	1448	0	88	288	16	0	0	0	0
0	1152	1448	0	89	288	16	0	0	0	0
0	1152	1448	0	90	288	16	0	0	0	0
0	1152	1448	0	91	288	16	0	0	0	0
0	1152	1448	0	92	288	16	0	0	0	0
0	1152	1448	0	93	288	16	0	0	0	0
0	1152	1448	0	94	288	16	0	0	0	0
0	1152	1448	0	95	288	16	0	0	0	0
0	1152	1448	0	96	288	16	0	0	0	0
0	1152	1448	0	97	288	16	0	0	0	0
0	1167	853	0	127	288	16	3	1	64	64
0	1167	853	0	128	288	16	3	1	64	64
0	1167	853	0	129	288	16	3	1	64	64
0	1167	853	0	130	288	16	3	1	64	64
0	1167	853	0	131	288	16	3	1	64	64
0	1167	853	0	132	288	16	3	1	64	64
0	1167	853	0	133	288	16	3	1	64	64
0	1167	853	0	134	288	16	3	1	64	64
0	1167	853	0	135	288	16	3	1	64	64
0	1167	853	0	136	288	16	3	1	64	64
0	1167	853	0	137	288	16	3	1	64	64
0	1167	853	0	138	288	16	3	1	64	64
0	1167	853	0	139	288	16	3	1	64	64
0	1167	853	0	140	288	16	3	1	64	64
0	1167	853	0	141	288	16	3	1	64	64
0	1167	853	0	142	288	16	3	1	64	64
0	1167	853	0	143	288	16	3	1	64	64
0	1167	853	0	144	288	16	3	1	64	64
0	1167	853	0	145	288	16	3	1	64	64
0	1167	853	0	146	288	16	3	1	64	64
0	1167	853	0	147	288	16	3	1	64	64
0	1167	853	0	148	288	16	3	1	64	64
0	1167	853	0	149	288	16	3	1	64	64
0	1167	853	0	150	288	16	3	1	64	64
0	1167	853	0	151	288	16	3	1	64	64
0	1167	853	0	152	288	16	3	1	64	64
0	1167	853	0	153	288	16	3	1	64	64
0	1167	853	0	154	288	16	3	1	64	64
0	1167	853	0	155	288	16	3	1	64	64
0	1167	853	0	156	288	16	3	1	64	64
0	1167	853	0	157	288	16	3	1	64	64
0	1167	853	0	158	288	16	3	1	64	64
0	1173	1606	6	57	288	16	5	4	43	43
0	1173	1606	6	58	288	16	5	4	43	43
0	1173	1606	6	59	288	16	5	4	43	43
0	1173	1606	6	60	288	16	5	4	43	43
0	1173	1606	6	61	288	16	5	4	43	43
0	1173	1606	6	62	288	16	5	4	43	43
0	1173	1606	6	63	288	16	5	4	43	43
0	1173	1606	6	64	288	16	5	4	43	43
0	1173	1606	6	65	288	16	5	4	43	43
0	1173	1606	6	66	288	16	5	4	43	43
0	1173	1606	6	67	288	16	5	4	43	43
0	1173	1606	6	68	288	16	5	4	43	43
0	1173	1606	6	69	288	16	5	4	43	43
0	1173	1606	6	70	288	16	5	4	43	43
0	1173	1606	6	71	288	16	5	4	43	43
0	1173	1606	6	72	288	16	5	4	43	43
0	1173	1606	6	73	288	16	5	4	43	43
0	1173	1606	6	74	288	16	5	4	43	43
0	1173	1606	6	75	288	16	5	4	43	43
0	1173	1606	6	76	288	16	5	4	43	43
0	1173	1606	6	77	288	16	5	4	43	43
0	1184	1060	0	162	288	16	0	0	79	79
0	1203	1513	1	60	288	16	0	0	43	43
0	1203	1513	1	61	288	16	0	0	43	43
0	1203	1513	1	62	288	16	0	0	43	43
0	1203	1513	1	63	288	16	0	0	43	43
0	1203	1513	1	64	288	16	0	0	43	43
0	1203	1513	1	65	288	16	0	0	43	43
0	1203	1513	1	66	288	16	0	0	43	43
0	1203	1513	1	67	288	16	0	0	43	43
0	1203	1513	1	68	288	16	0	0	43	43
0	1203	1513	1	69	288	16	0	0	43	43
0	1203	1513	1	70	288	16	0	0	43	43
0	1203	1513	1	71	288	16	0	0	43	43
0	1203	1513	1	72	288	16	0	0	43	43
0	1203	1513	1	73	288	16	0	0	43	43
0	1203	1513	1	78	288	16	0	0	43	43
0	1203	1513	1	79	288	16	0	0	43	43
0	1203	1513	1	80	288	16	0	0	43	43
0	1203	1513	1	81	288	16	0	0	43	43
0	1203	1513	1	82	288	16	0	0	43	43
0	1203	1513	1	83	288	16	0	0	43	43
0	1203	1513	1	84	288	16	0	0	43	43
0	1203	1513	1	85	288	16	0	0	43	43
0	1203	1513	1	86	288	16	0	0	43	43
0	1203	1513	1	87	288	16	0	0	43	43
0	1203	1513	1	88	288	16	0	0	43	43
0	1203	1513	1	89	288	16	0	0	43	43
0	1203	1513	1	90	288	16	0	0	43	43
0	1203	1513	1	91	288	16	0	0	43	43
0	1227	1490	1	40	288	16	0	0	46	46
0	1227	1490	1	41	288	16	0	0	46	46
0	1227	1490	1	42	288	16	0	0	46	46
0	1227	1490	1	43	288	16	0	0	46	46
0	1227	1490	1	44	288	16	0	0	46	46
0	1227	1490	1	45	288	16	0	0	46	46
0	1227	1490	1	46	288	16	0	0	46	46
0	1227	1490	1	47	288	16	0	0	46	46
0	1227	1490	1	48	288	16	0	0	46	46
0	1227	1490	1	49	288	16	0	0	46	46
0	1227	1490	1	50	288	16	0	0	46	46
0	1227	1490	1	51	288	16	0	0	46	46
0	1227	1490	1	52	288	16	0	0	46	46
0	1227	1490	1	53	288	16	0	0	46	46
0	1227	1490	1	54	288	16	0	0	46	46
0	1229	1492	0	1	288	16	0	0	74	74
0	1229	1492	0	2	288	16	0	0	74	74
0	1229	1492	0	3	288	16	0	0	74	74
0	1229	1492	0	4	288	16	0	0	74	74
0	1229	1492	0	5	288	16	0	0	74	74
0	1229	1492	0	6	288	16	0	0	74	74
0	1229	1492	0	7	288	16	0	0	74	74
0	1229	1492	0	8	288	16	0	0	74	74
0	1229	1492	0	9	288	16	0	0	74	74
0	1229	1492	0	10	288	16	0	0	74	74
0	1229	1492	0	11	288	16	0	0	74	74
0	1229	1492	0	12	288	16	0	0	74	74
0	1229	1492	0	13	288	16	0	0	74	74
0	1229	1492	0	14	288	16	0	0	74	74
0	1229	1492	0	15	288	16	0	0	74	74
0	1229	1492	0	16	288	16	0	0	74	74
0	1229	1492	0	17	288	16	0	0	74	74
0	1231	1494	0	1	288	16	0	0	51	51
0	1231	1494	0	2	288	16	0	0	51	51
0	1231	1494	0	3	288	16	0	0	51	51
0	1231	1494	0	4	288	16	0	0	51	51
0	1231	1494	0	5	288	16	0	0	51	51
0	1231	1494	0	6	288	16	0	0	51	51
0	1231	1494	0	7	288	16	0	0	51	51
0	1231	1494	0	8	288	16	0	0	51	51
0	1231	1494	0	9	288	16	0	0	51	51
0	1231	1494	0	10	288	16	0	0	51	51
0	1231	1494	0	11	288	16	0	0	51	51
0	1231	1494	0	12	288	16	0	0	51	51
0	1231	1494	0	13	288	16	0	0	51	51
0	1231	1494	0	14	288	16	0	0	51	51
0	1231	1494	0	15	288	16	0	0	51	51
0	1231	1494	0	16	288	16	0	0	51	51
0	1231	1494	0	17	288	16	0	0	51	51
0	1231	1494	0	18	288	16	0	0	51	51
0	1231	1494	0	19	288	16	0	0	51	51
0	1231	1494	0	20	288	16	0	0	51	51
0	1231	1494	0	21	288	16	0	0	51	51
0	1231	1494	0	22	288	16	0	0	51	51
0	1231	1494	0	23	288	16	0	0	51	51
0	1231	1494	0	24	288	16	0	0	51	51
0	1248	1005	1	94	288	16	0	0	61	61
0	1248	1005	1	95	288	16	0	0	61	61
0	1248	1005	1	96	288	16	0	0	61	61
0	1248	1005	1	97	288	16	0	0	61	61
0	1248	1005	1	98	288	16	0	0	61	61
0	1248	1005	1	99	288	16	0	0	61	61
0	1248	1005	1	100	288	16	0	0	61	61
0	1248	1005	1	101	288	16	0	0	61	61
0	1248	1005	1	102	288	16	0	0	61	61
0	1248	1005	1	103	288	16	0	0	61	61
0	1248	1005	1	104	288	16	0	0	61	61
0	1248	1005	1	105	288	16	0	0	61	61
0	1248	1005	1	106	288	16	0	0	61	61
0	1248	1005	1	107	288	16	0	0	61	61
0	1248	1005	1	108	288	16	0	0	61	61
0	1248	1005	1	109	288	16	0	0	61	61
0	1248	1005	1	110	288	16	0	0	61	61
0	1248	1005	1	111	288	16	0	0	61	61
0	1248	1005	1	112	288	16	0	0	61	61
0	1248	1005	1	113	288	16	0	0	61	61
0	1248	1005	1	114	288	16	0	0	61	61
0	1248	1005	1	115	288	16	0	0	61	61
0	1248	1005	1	116	288	16	0	0	61	61
0	1248	1005	1	117	288	16	0	0	61	61
0	1248	1005	1	118	288	16	0	0	61	61
0	1248	1005	1	119	288	16	0	0	61	61
0	1248	1005	1	120	288	16	0	0	61	61
0	1248	1005	1	121	288	16	0	0	61	61
0	1248	1625	0	150	288	16	2	2	91	91
0	1248	1625	0	151	288	16	2	2	91	91
0	1248	1625	0	152	288	16	2	2	91	91
0	1248	1625	0	153	288	16	2	2	91	91
0	1248	1625	0	154	288	16	2	2	91	91
0	1250	1706	1	49	288	16	1	0	60	60
0	1250	1706	1	50	288	16	1	0	60	60
0	1250	1706	1	51	288	16	1	0	60	60
0	1250	1706	1	52	288	16	1	0	60	60
0	1274	1739	8	161	288	16	12	12	58	58
0	1274	1739	8	162	288	16	12	12	58	58
0	1274	1739	8	163	288	16	12	12	58	58
0	1274	1739	8	164	288	16	12	12	58	58
0	1274	1739	8	165	288	16	12	12	58	58
0	1274	1739	8	166	288	16	12	12	58	58
0	1274	1739	8	167	288	16	12	12	58	58
0	1274	1739	8	168	288	16	12	12	58	58
0	1274	1739	8	169	288	16	12	12	58	58
0	1274	1739	8	170	288	16	12	12	58	58
0	1274	1739	8	171	288	16	12	12	58	58
0	1274	1739	8	172	288	16	12	12	58	58
0	1274	1739	8	173	288	16	12	12	58	58
0	1274	1739	8	174	288	16	12	12	58	58
0	1274	1739	8	175	288	16	12	12	58	58
0	1274	1739	8	176	288	16	12	12	58	58
0	1274	1739	8	177	288	16	12	12	58	58
0	1274	1739	8	178	288	16	12	12	58	58
0	1274	1739	8	179	288	16	12	12	58	58
0	1274	1739	8	180	288	16	12	12	58	58
0	1274	1739	8	181	288	16	12	12	58	58
0	1274	1739	8	182	288	16	12	12	58	58
0	1274	1739	8	183	288	16	12	12	58	58
0	1274	1739	8	184	288	16	12	12	58	58
0	1274	1739	8	185	288	16	12	12	58	58
0	1274	1739	8	186	288	16	12	12	58	58
0	1274	1739	8	187	288	16	12	12	58	58
0	1274	1739	8	188	288	16	12	12	58	58
0	1274	1739	8	189	288	16	12	12	58	58
0	1274	1739	8	190	288	16	12	12	58	58
0	1274	1739	8	191	288	16	12	12	58	58
0	1274	1739	8	192	288	16	12	12	58	58
0	1321	898	1	151	288	16	1	1	83	83
0	1321	898	1	152	288	16	1	1	83	83
0	1321	898	1	153	288	16	1	1	83	83
0	1321	898	1	174	288	16	1	1	83	83
0	1321	898	1	175	288	16	1	1	83	83
0	1321	898	1	176	288	16	1	1	83	83
0	1321	898	1	177	288	16	1	1	83	83
0	1321	898	1	178	288	16	1	1	83	83
0	1321	898	1	179	288	16	1	1	83	83
0	1321	898	1	180	288	16	1	1	83	83
0	1321	898	1	181	288	16	1	1	83	83
0	1364	1251	9	39	288	16	8	7	34	34
0	1364	1251	9	40	288	16	8	7	34	34
0	1364	1251	9	41	288	16	8	7	34	34
0	1364	1251	9	42	288	16	8	7	34	34
0	1364	1251	9	43	288	16	8	7	34	34
0	1364	1251	9	44	288	16	8	7	34	34
0	1364	1251	9	45	288	16	8	7	34	34
0	1364	1251	9	46	288	16	8	7	34	34
0	1364	1251	9	47	288	16	8	7	34	34
0	1364	1251	9	48	288	16	8	7	34	34
0	1364	1251	9	49	288	16	8	7	34	34
0	1364	1251	9	50	288	16	8	7	34	34
0	1364	1251	9	51	288	16	8	7	34	34
0	1364	1251	9	52	288	16	8	7	34	34
0	1364	1251	9	53	288	16	8	7	34	34
0	1364	1251	9	54	288	16	8	7	34	34
0	1364	1251	9	55	288	16	8	7	34	34
0	1364	1251	9	56	288	16	8	7	34	34
0	1364	1251	9	57	288	16	8	7	34	34
0	1364	1251	9	58	288	16	8	7	34	34
0	1364	1251	9	59	288	16	8	7	34	34
0	1364	1251	9	60	288	16	8	7	34	34
0	1364	1251	9	61	288	16	8	7	34	34
0	1364	1251	9	62	288	16	8	7	34	34
0	1364	1251	9	63	288	16	8	7	34	34
0	1364	1251	9	64	288	16	8	7	34	34
0	1364	1251	9	65	288	16	8	7	34	34
0	1364	1251	9	66	288	16	8	7	34	34
0	1364	1251	9	67	288	16	8	7	34	34
0	1364	1251	9	68	288	16	8	7	34	34
0	1365	1288	0	115	288	16	0	0	85	85
0	1365	1288	0	116	288	16	0	0	85	85
0	1365	1288	0	117	288	16	0	0	85	85
0	1365	1288	0	118	288	16	0	0	85	85
0	1365	1288	0	119	288	16	0	0	85	85
0	1365	1288	0	120	288	16	0	0	85	85
0	1365	1288	0	121	288	16	0	0	85	85
0	1365	1288	0	122	288	16	0	0	85	85
0	1365	1288	0	123	288	16	0	0	85	85
0	1365	1288	0	124	288	16	0	0	85	85
0	1371	1686	0	149	288	16	1	0	64	64
0	1371	1686	0	150	288	16	1	0	64	64
0	1371	1686	0	151	288	16	1	0	64	64
0	1371	1686	0	152	288	16	1	0	64	64
0	1371	1686	0	153	288	16	1	0	64	64
0	1371	1686	0	154	288	16	1	0	64	64
0	1371	1686	0	155	288	16	1	0	64	64
0	1371	1686	0	156	288	16	1	0	64	64
0	1371	1686	0	157	288	16	1	0	64	64
0	1371	1686	0	158	288	16	1	0	64	64
0	1371	1686	0	159	288	16	1	0	64	64
0	1371	1686	0	160	288	16	1	0	64	64
0	1371	1686	0	161	288	16	1	0	64	64
0	1371	1686	0	162	288	16	1	0	64	64
0	1371	1686	0	163	288	16	1	0	64	64
0	1371	1686	0	164	288	16	1	0	64	64
0	1371	1686	0	165	288	16	1	0	64	64
0	1371	1686	0	166	288	16	1	0	64	64
0	1371	1686	0	167	288	16	1	0	64	64
0	1371	1686	0	168	288	16	1	0	64	64
0	1371	1686	0	169	288	16	1	0	64	64
0	1371	1686	0	170	288	16	1	0	64	64
0	1371	1686	0	171	288	16	1	0	64	64
0	1371	1686	0	172	288	16	1	0	64	64
0	1371	1686	0	173	288	16	1	0	64	64
0	1371	1686	0	174	288	16	1	0	64	64
0	1371	1686	0	175	288	16	1	0	64	64
0	1371	1686	0	176	288	16	1	0	64	64
0	1371	1686	0	177	288	16	1	0	64	64
0	1371	1686	0	178	288	16	1	0	64	64
0	1371	1686	0	179	288	16	1	0	64	64
0	1371	1686	0	180	288	16	1	0	64	64
0	1389	1426	0	140	291	16	1	1	88	88
0	1389	1426	0	141	291	16	1	1	88	88
0	1389	1426	0	142	291	16	1	1	88	88
0	1389	1426	0	143	291	16	1	1	88	88
0	1389	1426	0	144	291	16	1	1	88	88
0	1389	1426	0	145	291	16	1	1	88	88
0	1389	1426	0	146	291	16	1	1	88	88
0	1389	1426	0	147	291	16	1	1	88	88
0	1389	1621	0	137	288	16	0	0	83	83
0	1389	1621	0	138	288	16	0	0	83	83
0	1389	1621	0	139	288	16	0	0	83	83
0	1389	1621	0	140	288	16	0	0	83	83
0	1389	1621	0	141	288	16	0	0	83	83
0	1389	1621	0	142	288	16	0	0	83	83
0	1389	1621	0	143	288	16	0	0	83	83
0	1389	1621	0	144	288	16	0	0	83	83
0	1389	1621	0	145	288	16	0	0	83	83
0	1389	1621	0	146	288	16	0	0	83	83
0	1389	1621	0	147	288	16	0	0	83	83
0	1389	1621	0	148	288	16	0	0	83	83
0	1389	1621	0	149	288	16	0	0	83	83
0	1397	1473	3	35	288	16	0	0	32	32
0	1397	1473	3	36	288	16	0	0	32	32
0	1397	1473	3	37	288	16	0	0	32	32
0	1397	1473	3	38	288	16	0	0	32	32
0	1397	1473	3	39	288	16	0	0	32	32
0	1397	1473	3	40	288	16	0	0	32	32
0	1397	1473	3	41	288	16	0	0	32	32
0	1397	1473	3	42	288	16	0	0	32	32
0	1397	1473	3	43	288	16	0	0	32	32
0	1397	1473	3	44	288	16	0	0	32	32
0	1397	1473	3	45	288	16	0	0	32	32
0	1397	1473	3	46	288	16	0	0	32	32
0	1397	1473	3	47	288	16	0	0	32	32
0	1397	1473	3	48	288	16	0	0	32	32
0	1397	1473	3	49	288	16	0	0	32	32
0	1397	1473	3	50	288	16	0	0	32	32
0	1397	1473	3	51	288	16	0	0	32	32
0	1397	1473	3	52	288	16	0	0	32	32
0	1397	1473	3	53	288	16	0	0	32	32
0	1397	1473	3	54	288	16	0	0	32	32
0	1397	1473	3	55	288	16	0	0	32	32
0	1397	1473	3	56	288	16	0	0	32	32
0	1397	1473	3	57	288	16	0	0	32	32
0	1397	1473	3	58	288	16	0	0	32	32
0	1397	1473	3	59	288	16	0	0	32	32
0	1397	1473	3	60	288	16	0	0	32	32
0	1397	1473	3	61	288	16	0	0	32	32
0	1397	1473	3	62	288	16	0	0	32	32
0	1397	1473	3	63	288	16	0	0	32	32
0	1397	1473	3	64	288	16	0	0	32	32
0	1397	1473	3	65	288	16	0	0	32	32
0	1397	1473	3	66	288	16	0	0	32	32
0	1451	883	1	68	288	16	3	0	0	0
0	1451	883	1	69	288	16	3	0	0	0
0	1451	883	1	70	288	16	3	0	0	0
0	1451	883	1	71	288	16	3	0	0	0
0	1451	883	1	72	288	16	3	0	0	0
0	1451	883	1	73	288	16	3	0	0	0
0	1451	883	1	74	288	16	3	0	0	0
0	1451	883	1	75	288	16	3	0	0	0
0	1451	883	1	76	288	16	3	0	0	0
0	1451	883	1	77	288	16	3	0	0	0
0	1451	883	1	78	288	16	3	0	0	0
0	1451	883	1	79	288	16	3	0	0	0
0	1451	883	1	80	288	16	3	0	0	0
0	1451	883	1	81	288	16	3	0	0	0
0	1451	883	1	82	288	16	3	0	0	0
0	1451	883	1	83	288	16	3	0	0	0
0	1451	883	1	84	288	16	3	0	0	0
0	1451	883	1	85	288	16	3	0	0	0
0	1451	883	1	86	288	16	3	0	0	0
0	1451	883	1	87	288	16	3	0	0	0
0	1451	883	1	88	288	16	3	0	0	0
0	1451	883	1	89	288	16	3	0	0	0
0	1451	883	1	90	288	16	3	0	0	0
0	1451	883	1	91	288	16	3	0	0	0
0	1451	883	1	92	288	16	3	0	0	0
0	1451	883	1	93	288	16	3	0	0	0
0	1451	883	1	94	288	16	3	0	0	0
0	1451	883	1	95	288	16	3	0	0	0
0	1451	883	1	96	288	16	3	0	0	0
0	1451	883	1	97	288	16	3	0	0	0
0	1451	883	1	98	288	16	3	0	0	0
0	1451	883	1	99	288	16	3	0	0	0
0	1454	1449	3	40	288	16	0	0	32	32
0	1454	1449	3	41	288	16	0	0	32	32
0	1454	1449	3	42	288	16	0	0	32	32
0	1454	1449	3	43	288	16	0	0	32	32
0	1454	1449	3	44	288	16	0	0	32	32
0	1454	1449	3	45	288	16	0	0	32	32
0	1454	1449	3	46	288	16	0	0	32	32
0	1454	1449	3	47	288	16	0	0	32	32
0	1454	1449	3	48	288	16	0	0	32	32
0	1454	1449	3	49	288	16	0	0	32	32
0	1454	1449	3	50	288	16	0	0	32	32
0	1454	1449	3	51	288	16	0	0	32	32
0	1454	1449	3	52	288	16	0	0	32	32
0	1454	1449	3	53	288	16	0	0	32	32
0	1454	1449	3	54	288	16	0	0	32	32
0	1454	1449	3	55	288	16	0	0	32	32
0	1454	1449	3	56	288	16	0	0	32	32
0	1454	1449	3	57	288	16	0	0	32	32
0	1454	1449	3	58	288	16	0	0	32	32
0	1454	1449	3	59	288	16	0	0	32	32
0	1454	1449	3	60	288	16	0	0	32	32
0	1454	1449	3	61	288	16	0	0	32	32
0	1454	1449	3	62	288	16	0	0	32	32
0	1454	1449	3	63	288	16	0	0	32	32
0	1454	1449	3	64	288	16	0	0	32	32
0	1454	1449	3	65	288	16	0	0	32	32
0	1454	1449	3	66	288	16	0	0	32	32
0	1454	1449	3	67	288	16	0	0	32	32
0	1454	1449	3	68	288	16	0	0	32	32
0	1454	1449	3	69	288	16	0	0	32	32
0	1454	1449	3	70	288	16	0	0	32	32
0	1454	1449	3	71	288	16	0	0	32	32
0	1458	1428	0	127	288	16	1	1	46	46
0	1458	1428	0	128	288	16	1	1	46	46
0	1458	1428	0	129	288	16	1	1	46	46
0	1458	1428	0	130	288	16	1	1	46	46
0	1458	1428	0	131	288	16	1	1	46	46
0	1458	1428	0	132	288	16	1	1	46	46
0	1458	1428	0	133	288	16	1	1	46	46
0	1458	1428	0	134	288	16	1	1	46	46
0	1458	1428	0	135	288	16	1	1	46	46
0	1458	1428	0	136	288	16	1	1	46	46
0	1458	1428	0	137	288	16	1	1	46	46
0	1458	1428	0	138	288	16	1	1	46	46
0	1458	1428	0	139	288	16	1	1	46	46
0	1458	1428	0	140	288	16	1	1	46	46
0	1458	1428	0	141	288	16	1	1	46	46
0	1458	1428	0	142	288	16	1	1	46	46
0	1458	1428	0	143	288	16	1	1	46	46
0	1458	1428	0	144	288	16	1	1	46	46
0	1458	1428	0	145	288	16	1	1	46	46
0	1458	1428	0	146	288	16	1	1	46	46
0	1458	1428	0	147	288	16	1	1	46	46
0	1458	1428	0	148	288	16	1	1	46	46
0	1458	1428	0	149	288	16	1	1	46	46
0	1458	1428	0	150	288	16	1	1	46	46
0	1458	1428	0	151	288	16	1	1	46	46
0	1458	1428	0	152	288	16	1	1	46	46
0	1458	1428	0	153	288	16	1	1	46	46
0	1458	1428	0	154	288	16	1	1	46	46
0	1458	1428	0	155	288	16	1	1	46	46
0	1458	1428	0	156	288	16	1	1	46	46
0	1458	1428	0	157	288	16	1	1	46	46
0	1458	1428	0	158	288	16	1	1	46	46
0	1518	1075	8	53	291	16	7	6	50	50
0	1518	1075	8	54	291	16	7	6	50	50
0	1518	1075	8	55	291	16	7	6	50	50
0	1518	1075	8	56	291	16	7	6	50	50
0	1518	1075	8	57	291	16	7	6	50	50
0	1518	1075	8	58	291	16	7	6	50	50
0	1518	1075	8	59	291	16	7	6	50	50
0	1518	1075	8	60	291	16	7	6	50	50
0	1518	1075	8	61	291	16	7	6	50	50
0	1518	1075	8	62	291	16	7	6	50	50
0	1518	1075	8	63	291	16	7	6	50	50
0	1518	1075	8	64	291	16	7	6	50	50
0	1518	1075	8	65	291	16	7	6	50	50
0	1518	1075	8	66	291	16	7	6	50	50
0	1527	936	1	68	288	16	2	0	0	0
0	1527	936	1	69	288	16	2	0	0	0
0	1527	936	1	70	288	16	2	0	0	0
0	1527	936	1	71	288	16	2	0	0	0
0	1527	936	1	72	288	16	2	0	0	0
0	1527	936	1	73	288	16	2	0	0	0
0	1527	936	1	74	288	16	2	0	0	0
0	1527	936	1	75	288	16	2	0	0	0
0	1527	936	1	76	288	16	2	0	0	0
0	1527	936	1	77	288	16	2	0	0	0
0	1527	936	1	78	288	16	2	0	0	0
0	1527	936	1	79	288	16	2	0	0	0
0	1527	936	1	80	288	16	2	0	0	0
0	1527	936	1	81	288	16	2	0	0	0
0	1527	936	1	82	288	16	2	0	0	0
0	1527	936	1	83	288	16	2	0	0	0
0	1527	936	1	84	288	16	2	0	0	0
0	1527	936	1	85	288	16	2	0	0	0
0	1527	936	1	86	288	16	2	0	0	0
0	1527	936	1	87	288	16	2	0	0	0
0	1527	936	1	88	288	16	2	0	0	0
0	1527	936	1	89	288	16	2	0	0	0
0	1527	936	1	90	288	16	2	0	0	0
0	1527	936	1	91	288	16	2	0	0	0
0	1527	936	1	92	288	16	2	0	0	0
0	1527	936	1	93	288	16	2	0	0	0
0	1527	936	1	94	288	16	2	0	0	0
0	1527	936	1	95	288	16	2	0	0	0
0	1527	936	1	96	288	16	2	0	0	0
0	1527	936	1	97	288	16	2	0	0	0
0	1527	936	1	98	288	16	2	0	0	0
0	1527	936	1	99	288	16	2	0	0	0
0	1528	844	21	33	288	16	19	18	34	34
0	1528	844	21	34	288	16	19	18	34	34
0	1528	844	21	35	288	16	19	18	34	34
0	1528	844	21	36	288	16	19	18	34	34
0	1528	844	21	37	288	16	19	18	34	34
0	1528	844	21	38	288	16	19	18	34	34
0	1528	844	21	39	288	16	19	18	34	34
0	1528	844	21	40	288	16	19	18	34	34
0	1528	844	21	41	288	16	19	18	34	34
0	1528	844	21	42	288	16	19	18	34	34
0	1528	844	21	43	288	16	19	18	34	34
0	1528	844	21	44	288	16	19	18	34	34
0	1528	844	21	45	288	16	19	18	34	34
0	1528	844	21	46	288	16	19	18	34	34
0	1528	844	21	47	288	16	19	18	34	34
0	1528	844	21	48	288	16	19	18	34	34
0	1528	844	21	49	288	16	19	18	34	34
0	1528	844	21	50	288	16	19	18	34	34
0	1528	844	21	51	288	16	19	18	34	34
0	1528	844	21	52	288	16	19	18	34	34
0	1528	844	21	53	288	16	19	18	34	34
0	1528	844	21	54	288	16	19	18	34	34
0	1528	844	21	55	288	16	19	18	34	34
0	1528	844	21	56	288	16	19	18	34	34
0	1528	844	21	57	288	16	19	18	34	34
0	1528	844	21	58	288	16	19	18	34	34
0	1528	844	21	59	288	16	19	18	34	34
0	1528	844	21	60	288	16	19	18	34	34
0	1528	844	21	61	288	16	19	18	34	34
0	1528	844	21	62	288	16	19	18	34	34
0	1545	1242	1	46	288	16	1	0	39	39
0	1545	1242	1	47	288	16	1	0	39	39
0	1545	1242	1	48	288	16	1	0	39	39
0	1545	1242	1	49	288	16	1	0	39	39
0	1545	1242	1	50	288	16	1	0	39	39
0	1545	1242	1	51	288	16	1	0	39	39
0	1545	1242	1	52	288	16	1	0	39	39
0	1545	1242	1	53	288	16	1	0	39	39
0	1545	1242	1	54	288	16	1	0	39	39
0	1545	1242	1	55	288	16	1	0	39	39
0	1545	1242	1	56	288	16	1	0	39	39
0	1545	1242	1	57	288	16	1	0	39	39
0	1545	1242	1	58	288	16	1	0	39	39
0	1545	1242	1	59	288	16	1	0	39	39
0	1545	1242	1	60	288	16	1	0	39	39
0	1545	1242	1	61	288	16	1	0	39	39
0	1545	1242	1	62	288	16	1	0	39	39
0	1545	1242	1	63	288	16	1	0	39	39
0	1545	1242	1	64	288	16	1	0	39	39
0	1545	1242	1	65	288	16	1	0	39	39
0	1545	1242	1	66	288	16	1	0	39	39
0	1545	1242	1	67	288	16	1	0	39	39
0	1545	1242	1	68	288	16	1	0	39	39
0	1545	1242	1	69	288	16	1	0	39	39
0	1545	1242	1	70	288	16	1	0	39	39
0	1545	1242	1	72	288	16	1	0	39	39
0	1545	1242	1	73	288	16	1	0	39	39
0	1545	1242	1	74	288	16	1	0	39	39
0	1564	692	1	35	288	16	5	4	32	32
0	1564	692	1	36	288	16	5	4	32	32
0	1564	692	1	37	288	16	5	4	32	32
0	1564	692	1	38	288	16	5	4	32	32
0	1564	692	1	39	288	16	5	4	32	32
0	1564	692	1	40	288	16	5	4	32	32
0	1564	692	1	41	288	16	5	4	32	32
0	1564	692	1	42	288	16	5	4	32	32
0	1564	692	1	43	288	16	5	4	32	32
0	1564	692	1	44	288	16	5	4	32	32
0	1564	692	1	45	288	16	5	4	32	32
0	1564	692	1	46	288	16	5	4	32	32
0	1564	692	1	47	288	16	5	4	32	32
0	1564	692	1	48	288	16	5	4	32	32
0	1564	692	1	49	288	16	5	4	32	32
0	1564	692	1	50	288	16	5	4	32	32
0	1564	692	1	51	288	16	5	4	32	32
0	1564	692	1	52	288	16	5	4	32	32
0	1564	692	1	53	288	16	5	4	32	32
0	1564	692	1	54	288	16	5	4	32	32
0	1564	692	1	55	288	16	5	4	32	32
0	1564	692	1	56	288	16	5	4	32	32
0	1564	692	1	57	288	16	5	4	32	32
0	1564	692	1	58	288	16	5	4	32	32
0	1564	692	1	59	288	16	5	4	32	32
0	1564	692	1	60	288	16	5	4	32	32
0	1564	692	1	61	288	16	5	4	32	32
0	1564	692	1	62	288	16	5	4	32	32
0	1564	692	1	63	288	16	5	4	32	32
0	1564	692	1	64	288	16	5	4	32	32
0	1564	692	1	65	288	16	5	4	32	32
0	1564	692	1	66	288	16	5	4	32	32
0	1579	880	0	133	288	16	3	2	64	64
0	1579	880	0	134	288	16	3	2	64	64
0	1579	880	0	135	288	16	3	2	64	64
0	1579	880	0	136	288	16	3	2	64	64
0	1579	880	0	137	288	16	3	2	64	64
0	1579	880	0	138	288	16	3	2	64	64
0	1579	880	0	139	288	16	3	2	64	64
0	1579	880	0	140	288	16	3	2	64	64
0	1579	880	0	141	288	16	3	2	64	64
0	1579	880	0	142	288	16	3	2	64	64
0	1579	880	0	143	288	16	3	2	64	64
0	1579	880	0	144	288	16	3	2	64	64
0	1579	880	0	145	288	16	3	2	64	64
0	1579	880	0	146	288	16	3	2	64	64
0	1579	880	0	147	288	16	3	2	64	64
0	1579	880	0	148	288	16	3	2	64	64
0	1579	880	0	149	288	16	3	2	64	64
0	1579	880	0	150	288	16	3	2	64	64
0	1579	880	0	151	288	16	3	2	64	64
0	1579	880	0	152	288	16	3	2	64	64
0	1579	880	0	153	288	16	3	2	64	64
0	1579	880	0	154	288	16	3	2	64	64
0	1579	880	0	155	288	16	3	2	64	64
0	1579	880	0	156	288	16	3	2	64	64
0	1579	880	0	157	288	16	3	2	64	64
0	1579	880	0	158	288	16	3	2	64	64
0	1579	880	0	159	288	16	3	2	64	64
0	1579	880	0	160	288	16	3	2	64	64
0	1579	880	0	161	288	16	3	2	64	64
0	1579	880	0	162	288	16	3	2	64	64
0	1579	880	0	163	288	16	3	2	64	64
0	1579	880	0	164	288	16	3	2	64	64
0	1608	1192	1	1	288	16	0	0	63	63
0	1608	1192	1	2	288	16	0	0	63	63
0	1608	1192	1	3	288	16	0	0	63	63
0	1608	1192	1	4	288	16	0	0	63	63
0	1608	1192	1	5	288	16	0	0	63	63
0	1608	1192	1	6	288	16	0	0	63	63
0	1608	1192	1	7	288	16	0	0	63	63
0	1608	1192	1	8	288	16	0	0	63	63
0	1608	1192	1	9	288	16	0	0	63	63
0	1608	1192	1	10	288	16	0	0	63	63
0	1608	1192	1	11	288	16	0	0	63	63
0	1608	1192	1	12	288	16	0	0	63	63
0	1608	1192	1	13	288	16	0	0	63	63
0	1608	1192	1	14	288	16	0	0	63	63
0	1608	1192	1	15	288	16	0	0	63	63
0	1608	1192	1	16	288	16	0	0	63	63
0	1608	1192	1	17	288	16	0	0	63	63
0	1608	1192	1	18	288	16	0	0	63	63
0	1608	1192	1	19	288	16	0	0	63	63
0	1608	1192	1	20	288	16	0	0	63	63
0	1608	1192	1	21	288	16	0	0	63	63
0	1608	1192	1	22	288	16	0	0	63	63
0	1608	1192	1	23	288	16	0	0	63	63
0	1608	1192	1	24	288	16	0	0	63	63
0	1608	1192	1	25	288	16	0	0	63	63
0	1608	1192	1	26	288	16	0	0	63	63
0	1608	1192	1	27	288	16	0	0	63	63
0	1608	1192	1	28	288	16	0	0	63	63
0	1608	1192	1	29	288	16	0	0	63	63
0	1608	1192	1	30	288	16	0	0	63	63
0	1608	1192	1	31	288	16	0	0	63	63
0	1608	1192	1	32	288	16	0	0	63	63
0	1613	596	7	38	288	16	5	5	32	32
0	1613	596	7	39	288	16	5	5	32	32
0	1613	596	7	40	288	16	5	5	32	32
0	1613	596	7	41	288	16	5	5	32	32
0	1613	596	7	42	288	16	5	5	32	32
0	1613	596	7	43	288	16	5	5	32	32
0	1613	596	7	44	288	16	5	5	32	32
0	1613	596	7	45	288	16	5	5	32	32
0	1613	596	7	46	288	16	5	5	32	32
0	1613	596	7	47	288	16	5	5	32	32
0	1613	596	7	48	288	16	5	5	32	32
0	1613	596	7	49	288	16	5	5	32	32
0	1613	596	7	50	288	16	5	5	32	32
0	1613	596	7	51	288	16	5	5	32	32
0	1613	596	7	52	288	16	5	5	32	32
0	1613	596	7	53	288	16	5	5	32	32
0	1613	596	7	54	288	16	5	5	32	32
0	1613	596	7	55	288	16	5	5	32	32
0	1613	596	7	56	288	16	5	5	32	32
0	1613	596	7	57	288	16	5	5	32	32
0	1613	596	7	58	288	16	5	5	32	32
0	1613	596	7	59	288	16	5	5	32	32
0	1613	596	7	60	288	16	5	5	32	32
0	1613	596	7	61	288	16	5	5	32	32
0	1613	596	7	62	288	16	5	5	32	32
0	1613	596	7	63	288	16	5	5	32	32
0	1613	596	7	64	288	16	5	5	32	32
0	1613	596	7	65	288	16	5	5	32	32
0	1613	596	7	66	288	16	5	5	32	32
0	1613	596	7	67	288	16	5	5	32	32
0	1613	596	7	68	288	16	5	5	32	32
0	1613	596	7	69	288	16	5	5	32	32
0	1632	921	4	134	288	16	3	3	64	64
0	1632	921	4	135	288	16	3	3	64	64
0	1632	921	4	136	288	16	3	3	64	64
0	1632	921	4	137	288	16	3	3	64	64
0	1632	921	4	138	288	16	3	3	64	64
0	1632	921	4	139	288	16	3	3	64	64
0	1632	921	4	140	288	16	3	3	64	64
0	1632	921	4	141	288	16	3	3	64	64
0	1632	921	4	142	288	16	3	3	64	64
0	1632	921	4	143	288	16	3	3	64	64
0	1632	921	4	144	288	16	3	3	64	64
0	1632	921	4	145	288	16	3	3	64	64
0	1632	921	4	146	288	16	3	3	64	64
0	1632	921	4	147	288	16	3	3	64	64
0	1632	921	4	148	288	16	3	3	64	64
0	1632	921	4	149	288	16	3	3	64	64
0	1632	921	4	150	288	16	3	3	64	64
0	1632	921	4	151	288	16	3	3	64	64
0	1632	921	4	152	288	16	3	3	64	64
0	1632	921	4	153	288	16	3	3	64	64
0	1632	921	4	154	288	16	3	3	64	64
0	1632	921	4	155	288	16	3	3	64	64
0	1632	921	4	156	288	16	3	3	64	64
0	1632	921	4	157	288	16	3	3	64	64
0	1632	921	4	158	288	16	3	3	64	64
0	1632	921	4	159	288	16	3	3	64	64
0	1632	921	4	160	288	16	3	3	64	64
0	1632	921	4	161	288	16	3	3	64	64
0	1632	921	4	162	288	16	3	3	64	64
0	1632	921	4	163	288	16	3	3	64	64
0	1632	921	4	164	288	16	3	3	64	64
0	1632	921	4	165	288	16	3	3	64	64
0	1643	1213	17	107	288	16	18	16	64	64
0	1643	1213	17	108	288	16	18	16	64	64
0	1643	1213	17	109	288	16	18	16	64	64
0	1643	1213	17	110	288	16	18	16	64	64
0	1643	1213	17	111	288	16	18	16	64	64
0	1643	1213	17	112	288	16	18	16	64	64
0	1643	1213	17	113	288	16	18	16	64	64
0	1643	1213	17	114	288	16	18	16	64	64
0	1643	1213	17	115	288	16	18	16	64	64
0	1643	1213	17	116	288	16	18	16	64	64
0	1643	1213	17	117	288	16	18	16	64	64
0	1643	1213	17	118	288	16	18	16	64	64
0	1643	1213	17	119	288	16	18	16	64	64
0	1643	1213	17	120	288	16	18	16	64	64
0	1643	1213	17	121	288	16	18	16	64	64
0	1643	1213	17	122	288	16	18	16	64	64
0	1643	1213	17	123	288	16	18	16	64	64
0	1643	1213	17	124	288	16	18	16	64	64
0	1643	1213	17	125	288	16	18	16	64	64
0	1643	1213	17	126	288	16	18	16	64	64
0	1643	1213	17	127	288	16	18	16	64	64
0	1643	1213	17	128	288	16	18	16	64	64
0	1643	1213	17	129	288	16	18	16	64	64
0	1643	1213	17	130	288	16	18	16	64	64
0	1643	1213	17	131	288	16	18	16	64	64
0	1643	1213	17	132	288	16	18	16	64	64
0	1643	1213	17	133	288	16	18	16	64	64
0	1643	1213	17	134	288	16	18	16	64	64
0	1643	1213	17	135	288	16	18	16	64	64
0	1643	1213	17	136	288	16	18	16	64	64
0	1643	1213	17	137	288	16	18	16	64	64
0	1643	1213	17	138	288	16	18	16	64	64
0	1654	998	2	110	288	16	2	0	64	64
0	1654	998	2	111	288	16	2	0	64	64
0	1654	998	2	112	288	16	2	0	64	64
0	1654	998	2	113	288	16	2	0	64	64
0	1654	998	2	114	288	16	2	0	64	64
0	1654	998	2	115	288	16	2	0	64	64
0	1654	998	2	116	288	16	2	0	64	64
0	1654	998	2	117	288	16	2	0	64	64
0	1654	998	2	118	288	16	2	0	64	64
0	1654	998	2	119	288	16	2	0	64	64
0	1654	998	2	120	288	16	2	0	64	64
0	1654	998	2	121	288	16	2	0	64	64
0	1654	998	2	122	288	16	2	0	64	64
0	1654	998	2	123	288	16	2	0	64	64
0	1654	998	2	124	288	16	2	0	64	64
0	1654	998	2	125	288	16	2	0	64	64
0	1654	998	2	126	288	16	2	0	64	64
0	1654	998	2	127	288	16	2	0	64	64
0	1654	998	2	128	288	16	2	0	64	64
0	1654	998	2	129	288	16	2	0	64	64
0	1654	998	2	130	288	16	2	0	64	64
0	1654	998	2	131	288	16	2	0	64	64
0	1654	998	2	132	288	16	2	0	64	64
0	1654	998	2	133	288	16	2	0	64	64
0	1654	998	2	134	288	16	2	0	64	64
0	1654	998	2	135	288	16	2	0	64	64
0	1654	998	2	136	288	16	2	0	64	64
0	1654	998	2	137	288	16	2	0	64	64
0	1654	998	2	138	288	16	2	0	64	64
0	1654	998	2	139	288	16	2	0	64	64
0	1654	998	2	140	288	16	2	0	64	64
0	1654	998	2	141	288	16	2	0	64	64
0	1657	1469	1	35	288	16	1	0	30	30
0	1657	1469	1	36	288	16	1	0	30	30
0	1657	1469	1	37	288	16	1	0	30	30
0	1657	1469	1	38	288	16	1	0	30	30
0	1657	1469	1	39	288	16	1	0	30	30
0	1657	1469	1	40	288	16	1	0	30	30
0	1657	1469	1	41	288	16	1	0	30	30
0	1657	1469	1	42	288	16	1	0	30	30
0	1657	1469	1	43	288	16	1	0	30	30
0	1657	1469	1	44	288	16	1	0	30	30
0	1657	1469	1	45	288	16	1	0	30	30
0	1670	1159	10	125	288	16	8	8	64	64
0	1670	1159	10	126	288	16	8	8	64	64
0	1670	1159	10	127	288	16	8	8	64	64
0	1670	1159	10	128	288	16	8	8	64	64
0	1670	1159	10	129	288	16	8	8	64	64
0	1670	1159	10	130	288	16	8	8	64	64
0	1670	1159	10	131	288	16	8	8	64	64
0	1670	1159	10	132	288	16	8	8	64	64
0	1670	1159	10	133	288	16	8	8	64	64
0	1670	1159	10	134	288	16	8	8	64	64
0	1670	1159	10	135	288	16	8	8	64	64
0	1670	1159	10	136	288	16	8	8	64	64
0	1670	1159	10	137	288	16	8	8	64	64
0	1670	1159	10	138	288	16	8	8	64	64
0	1670	1159	10	139	288	16	8	8	64	64
0	1670	1159	10	140	288	16	8	8	64	64
0	1670	1159	10	141	288	16	8	8	64	64
0	1670	1159	10	142	288	16	8	8	64	64
0	1670	1159	10	143	288	16	8	8	64	64
0	1670	1159	10	144	288	16	8	8	64	64
0	1670	1159	10	145	288	16	8	8	64	64
0	1670	1159	10	146	288	16	8	8	64	64
0	1670	1159	10	147	288	16	8	8	64	64
0	1670	1159	10	148	288	16	8	8	64	64
0	1670	1159	10	149	288	16	8	8	64	64
0	1670	1159	10	150	288	16	8	8	64	64
0	1670	1159	10	151	288	16	8	8	64	64
0	1670	1159	10	152	288	16	8	8	64	64
0	1670	1159	10	153	288	16	8	8	64	64
0	1670	1159	10	154	288	16	8	8	64	64
0	1670	1159	10	155	288	16	8	8	64	64
0	1670	1159	10	156	288	16	8	8	64	64
0	1684	731	1	67	288	16	32	0	0	0
0	1684	731	1	68	288	16	32	0	0	0
0	1684	731	1	69	288	16	32	0	0	0
0	1684	731	1	70	288	16	32	0	0	0
0	1684	731	1	71	288	16	32	0	0	0
0	1684	731	1	72	288	16	32	0	0	0
0	1684	731	1	73	288	16	32	0	0	0
0	1684	731	1	74	288	16	32	0	0	0
0	1684	731	1	75	288	16	32	0	0	0
0	1684	731	1	76	288	16	32	0	0	0
0	1684	731	1	77	288	16	32	0	0	0
0	1684	731	1	78	288	16	32	0	0	0
0	1684	731	1	79	288	16	32	0	0	0
0	1684	731	1	80	288	16	32	0	0	0
0	1684	731	1	81	288	16	32	0	0	0
0	1684	731	1	82	288	16	32	0	0	0
0	1684	731	1	83	288	16	32	0	0	0
0	1684	731	1	84	288	16	32	0	0	0
0	1684	731	1	85	288	16	32	0	0	0
0	1684	731	1	86	288	16	32	0	0	0
0	1684	731	1	87	288	16	32	0	0	0
0	1684	731	1	88	288	16	32	0	0	0
0	1684	731	1	89	288	16	32	0	0	0
0	1684	731	1	90	288	16	32	0	0	0
0	1684	731	1	91	288	16	32	0	0	0
0	1684	731	1	92	288	16	32	0	0	0
0	1684	731	1	93	288	16	32	0	0	0
0	1684	731	1	94	288	16	32	0	0	0
0	1684	731	1	95	288	16	32	0	0	0
0	1684	731	1	96	288	16	32	0	0	0
0	1684	731	1	97	288	16	32	0	0	0
0	1684	731	1	98	288	16	32	0	0	0
0	1686	962	1	102	288	16	1	0	64	64
0	1686	962	1	103	288	16	1	0	64	64
0	1686	962	1	104	288	16	1	0	64	64
0	1686	962	1	105	288	16	1	0	64	64
0	1686	962	1	106	288	16	1	0	64	64
0	1686	962	1	107	288	16	1	0	64	64
0	1686	962	1	108	288	16	1	0	64	64
0	1686	962	1	109	288	16	1	0	64	64
0	1686	962	1	110	288	16	1	0	64	64
0	1686	962	1	111	288	16	1	0	64	64
0	1686	962	1	112	288	16	1	0	64	64
0	1686	962	1	113	288	16	1	0	64	64
0	1686	962	1	114	288	16	1	0	64	64
0	1686	962	1	115	288	16	1	0	64	64
0	1686	962	1	116	288	16	1	0	64	64
0	1686	962	1	117	288	16	1	0	64	64
0	1686	962	1	118	288	16	1	0	64	64
0	1686	962	1	119	288	16	1	0	64	64
0	1686	962	1	120	288	16	1	0	64	64
0	1686	962	1	121	288	16	1	0	64	64
0	1686	962	1	122	288	16	1	0	64	64
0	1686	962	1	123	288	16	1	0	64	64
0	1686	962	1	124	288	16	1	0	64	64
0	1686	962	1	125	288	16	1	0	64	64
0	1686	962	1	126	288	16	1	0	64	64
0	1686	962	1	127	288	16	1	0	64	64
0	1686	962	1	128	288	16	1	0	64	64
0	1686	962	1	129	288	16	1	0	64	64
0	1686	962	1	130	288	16	1	0	64	64
0	1686	962	1	131	288	16	1	0	64	64
0	1686	962	1	132	288	16	1	0	64	64
0	1686	962	1	133	288	16	1	0	64	64
0	1694	1260	5	99	288	16	6	6	57	57
0	1694	1260	5	100	288	16	6	6	57	57
0	1694	1260	5	101	288	16	6	6	57	57
0	1694	1260	5	102	288	16	6	6	57	57
0	1694	1260	5	103	288	16	6	6	57	57
0	1694	1260	5	104	288	16	6	6	57	57
0	1694	1260	5	105	288	16	6	6	57	57
0	1694	1260	5	106	288	16	6	6	57	57
0	1694	1260	5	107	288	16	6	6	57	57
0	1694	1260	5	108	288	16	6	6	57	57
0	1694	1260	5	109	288	16	6	6	57	57
0	1694	1260	5	110	288	16	6	6	57	57
0	1694	1260	5	111	288	16	6	6	57	57
0	1694	1260	5	112	288	16	6	6	57	57
0	1694	1260	5	113	288	16	6	6	57	57
0	1694	1260	5	114	288	16	6	6	57	57
0	1694	1260	5	115	288	16	6	6	57	57
0	1694	1260	5	116	288	16	6	6	57	57
0	1694	1260	5	117	288	16	6	6	57	57
0	1694	1260	5	118	288	16	6	6	57	57
0	1694	1260	5	119	288	16	6	6	57	57
0	1694	1260	5	120	288	16	6	6	57	57
0	1694	1260	5	121	288	16	6	6	57	57
0	1694	1260	5	122	288	16	6	6	57	57
0	1694	1260	5	123	288	16	6	6	57	57
0	1694	1260	5	124	288	16	6	6	57	57
0	1694	1260	5	125	288	16	6	6	57	57
0	1694	1260	5	126	288	16	6	6	57	57
0	1694	1260	5	127	288	16	6	6	57	57
0	1694	1260	5	128	288	16	6	6	57	57
0	1694	1260	5	129	288	16	6	6	57	57
0	1694	1260	5	130	288	16	6	6	57	57
0	1705	730	8	34	288	16	56	0	0	0
0	1705	730	8	35	288	16	56	0	0	0
0	1705	730	8	36	288	16	56	0	0	0
0	1705	730	8	37	288	16	56	0	0	0
0	1705	730	8	38	288	16	56	0	0	0
0	1705	730	8	39	288	16	56	0	0	0
0	1705	730	8	40	288	16	56	0	0	0
0	1705	730	8	41	288	16	56	0	0	0
0	1705	730	8	42	288	16	56	0	0	0
0	1705	730	8	43	288	16	56	0	0	0
0	1705	730	8	44	288	16	56	0	0	0
0	1705	730	8	45	288	16	56	0	0	0
0	1705	730	8	46	288	16	56	0	0	0
0	1705	730	8	47	288	16	56	0	0	0
0	1705	730	8	48	288	16	56	0	0	0
0	1705	730	8	49	288	16	56	0	0	0
0	1705	730	8	50	288	16	56	0	0	0
0	1705	730	8	51	288	16	56	0	0	0
0	1705	730	8	52	288	16	56	0	0	0
0	1705	730	8	53	288	16	56	0	0	0
0	1705	730	8	54	288	16	56	0	0	0
0	1705	730	8	55	288	16	56	0	0	0
0	1705	730	8	56	288	16	56	0	0	0
0	1705	730	8	57	288	16	56	0	0	0
0	1705	730	8	58	288	16	56	0	0	0
0	1705	730	8	59	288	16	56	0	0	0
0	1705	730	8	60	288	16	56	0	0	0
0	1705	730	8	61	288	16	56	0	0	0
0	1705	730	8	62	288	16	56	0	0	0
0	1705	730	8	63	288	16	56	0	0	0
0	1705	730	8	64	288	16	56	0	0	0
0	1705	730	8	65	288	16	56	0	0	0
0	1731	1149	0	115	288	16	1	1	64	64
0	1731	1149	0	116	288	16	1	1	64	64
0	1731	1149	0	117	288	16	1	1	64	64
0	1731	1149	0	118	288	16	1	1	64	64
0	1731	1149	0	119	288	16	1	1	64	64
0	1731	1149	0	120	288	16	1	1	64	64
0	1731	1149	0	121	288	16	1	1	64	64
0	1731	1149	0	122	288	16	1	1	64	64
0	1731	1149	0	123	288	16	1	1	64	64
0	1731	1149	0	124	288	16	1	1	64	64
0	1731	1149	0	125	288	16	1	1	64	64
0	1731	1149	0	126	288	16	1	1	64	64
0	1731	1149	0	127	288	16	1	1	64	64
0	1731	1149	0	128	288	16	1	1	64	64
0	1731	1149	0	129	288	16	1	1	64	64
0	1731	1149	0	130	288	16	1	1	64	64
0	1731	1149	0	131	288	16	1	1	64	64
0	1731	1149	0	132	288	16	1	1	64	64
0	1731	1149	0	133	288	16	1	1	64	64
0	1731	1149	0	134	288	16	1	1	64	64
0	1731	1149	0	135	288	16	1	1	64	64
0	1731	1149	0	136	288	16	1	1	64	64
0	1731	1149	0	137	288	16	1	1	64	64
0	1731	1149	0	138	288	16	1	1	64	64
0	1731	1149	0	139	288	16	1	1	64	64
0	1731	1149	0	140	288	16	1	1	64	64
0	1731	1149	0	141	288	16	1	1	64	64
0	1731	1149	0	142	288	16	1	1	64	64
0	1731	1149	0	143	288	16	1	1	64	64
0	1731	1149	0	144	288	16	1	1	64	64
0	1731	1149	0	145	288	16	1	1	64	64
0	1731	1149	0	146	288	16	1	1	64	64
0	1746	1288	2	140	288	16	9	3	56	56
0	1747	1292	3	51	288	16	4	4	52	52
0	1747	1292	3	52	288	16	4	4	52	52
0	1747	1292	3	53	288	16	4	4	52	52
0	1747	1292	3	54	288	16	4	4	52	52
0	1747	1292	3	55	288	16	4	4	52	52
0	1747	1292	3	56	288	16	4	4	52	52
0	1747	1292	3	57	288	16	4	4	52	52
0	1747	1292	3	58	288	16	4	4	52	52
0	1747	1292	3	59	288	16	4	4	52	52
0	1747	1292	3	60	288	16	4	4	52	52
0	1747	1292	3	61	288	16	4	4	52	52
0	1747	1292	3	62	288	16	4	4	52	52
0	1755	1371	3	82	288	16	2	2	55	54
0	1755	1371	3	83	288	16	2	2	55	54
0	1755	1371	3	84	288	16	2	2	55	54
0	1755	1371	3	85	288	16	2	2	55	54
0	1755	1371	3	86	288	16	2	2	55	54
0	1755	1371	3	87	288	16	2	2	55	54
0	1755	1371	3	88	288	16	2	2	55	54
0	1755	1371	3	89	288	16	2	2	55	54
0	1755	1371	3	90	288	16	2	2	55	54
0	1755	1371	3	91	288	16	2	2	55	54
0	1755	1371	3	92	288	16	2	2	55	54
0	1755	1371	3	93	288	16	2	2	55	54
0	1755	1371	3	94	288	16	2	2	55	54
0	1755	1371	3	95	288	16	2	2	55	54
0	1755	1371	3	96	288	16	2	2	55	54
0	1755	1371	3	97	288	16	2	2	55	54
0	1755	1371	3	98	288	16	2	2	55	54
0	1755	1371	3	99	288	16	2	2	55	54
0	1755	1371	3	100	288	16	2	2	55	54
0	1755	1371	3	101	288	16	2	2	55	54
0	1755	1371	3	103	288	16	2	2	55	54
0	1755	1371	3	104	288	16	2	2	55	54
0	1755	1371	3	105	288	16	2	2	55	54
0	1755	1371	3	106	288	16	2	2	55	54
0	1755	1371	3	107	288	16	2	2	55	54
0	1755	1371	3	108	288	16	2	2	55	54
0	1755	1371	3	109	288	16	2	2	55	54
0	1755	1371	3	110	288	16	2	2	55	54
0	1755	1371	3	111	288	16	2	2	55	54
0	1755	1371	3	112	288	16	2	2	55	54
0	1755	1371	3	113	288	16	2	2	55	54
0	1756	1369	7	59	288	16	5	5	32	32
0	1756	1369	7	60	288	16	5	5	32	32
0	1756	1369	7	61	288	16	5	5	32	32
0	1756	1369	7	62	288	16	5	5	32	32
0	1756	1369	7	63	288	16	5	5	32	32
0	1756	1369	7	64	288	16	5	5	32	32
0	1756	1369	7	65	288	16	5	5	32	32
0	1756	1369	7	66	288	16	5	5	32	32
0	1756	1369	7	67	288	16	5	5	32	32
0	1756	1369	7	68	288	16	5	5	32	32
0	1756	1369	7	69	288	16	5	5	32	32
0	1756	1369	7	70	288	16	5	5	32	32
0	1756	1369	7	71	288	16	5	5	32	32
0	1756	1369	7	72	288	16	5	5	32	32
0	1756	1369	7	73	288	16	5	5	32	32
0	1756	1369	7	74	288	16	5	5	32	32
0	1756	1369	7	75	288	16	5	5	32	32
0	1756	1369	7	76	288	16	5	5	32	32
0	1756	1369	7	77	288	16	5	5	32	32
0	1756	1369	7	78	288	16	5	5	32	32
0	1756	1369	7	79	288	16	5	5	32	32
0	1756	1369	7	80	288	16	5	5	32	32
0	1756	1369	7	81	288	16	5	5	32	32
0	1756	1369	7	82	288	16	5	5	32	32
0	1756	1369	7	83	288	16	5	5	32	32
0	1756	1369	7	84	288	16	5	5	32	32
0	1756	1369	7	85	288	16	5	5	32	32
0	1756	1369	7	86	288	16	5	5	32	32
0	1756	1369	7	87	288	16	5	5	32	32
0	1756	1369	7	88	288	16	5	5	32	32
0	1756	1369	7	89	288	16	5	5	32	32
0	1756	1369	7	90	288	16	5	5	32	32
0	1758	1632	4	38	291	16	8	0	0	0
0	1758	1632	4	39	291	16	8	0	0	0
0	1758	1632	4	40	291	16	8	0	0	0
0	1758	1632	4	41	291	16	8	0	0	0
0	1758	1632	4	42	291	16	8	0	0	0
0	1758	1632	4	43	291	16	8	0	0	0
0	1758	1632	4	44	291	16	8	0	0	0
0	1758	1632	4	45	291	16	8	0	0	0
0	1758	1632	4	46	291	16	8	0	0	0
0	1758	1632	4	47	291	16	8	0	0	0
0	1758	1632	4	48	291	16	8	0	0	0
0	1758	1632	4	49	291	16	8	0	0	0
0	1758	1632	4	50	291	16	8	0	0	0
0	1758	1632	4	51	291	16	8	0	0	0
0	1758	1632	4	52	291	16	8	0	0	0
0	1758	1632	4	53	291	16	8	0	0	0
0	1758	1632	4	54	291	16	8	0	0	0
0	1758	1632	4	55	291	16	8	0	0	0
0	1758	1632	4	56	291	16	8	0	0	0
0	1758	1632	4	57	291	16	8	0	0	0
0	1758	1632	4	58	291	16	8	0	0	0
0	1758	1632	4	59	291	16	8	0	0	0
0	1758	1632	4	60	291	16	8	0	0	0
0	1758	1632	4	61	291	16	8	0	0	0
0	1758	1632	4	62	291	16	8	0	0	0
0	1758	1632	4	63	291	16	8	0	0	0
0	1758	1632	4	64	291	16	8	0	0	0
0	1761	1159	1	67	288	16	0	0	20	20
0	1761	1159	1	68	288	16	0	0	20	20
0	1761	1159	1	69	288	16	0	0	20	20
0	1761	1159	1	70	288	16	0	0	20	20
0	1761	1159	1	71	288	16	0	0	20	20
0	1761	1159	1	72	288	16	0	0	20	20
0	1761	1159	1	73	288	16	0	0	20	20
0	1761	1159	1	74	288	16	0	0	20	20
0	1761	1159	1	75	288	16	0	0	20	20
0	1761	1159	1	76	288	16	0	0	20	20
0	1761	1159	1	77	288	16	0	0	20	20
0	1761	1159	1	78	288	16	0	0	20	20
0	1761	1159	1	79	288	16	0	0	20	20
0	1761	1159	1	80	288	16	0	0	20	20
0	1761	1159	1	81	288	16	0	0	20	20
0	1761	1159	1	82	288	16	0	0	20	20
0	1761	1159	1	83	288	16	0	0	20	20
0	1761	1159	1	84	288	16	0	0	20	20
0	1761	1159	1	85	288	16	0	0	20	20
0	1761	1159	1	86	288	16	0	0	20	20
0	1761	1159	1	87	288	16	0	0	20	20
0	1761	1159	1	88	288	16	0	0	20	20
0	1761	1159	1	89	288	16	0	0	20	20
0	1761	1159	1	90	288	16	0	0	20	20
0	1761	1159	1	91	288	16	0	0	20	20
0	1761	1159	1	92	288	16	0	0	20	20
0	1761	1159	1	93	288	16	0	0	20	20
0	1761	1159	1	94	288	16	0	0	20	20
0	1761	1159	1	95	288	16	0	0	20	20
0	1761	1159	1	96	288	16	0	0	20	20
0	1761	1159	1	97	288	16	0	0	20	20
0	1761	1159	1	98	288	16	0	0	20	20
0	1769	1137	2	60	288	16	3	2	52	52
0	1769	1137	2	61	288	16	3	2	52	52
0	1769	1137	2	62	288	16	3	2	52	52
0	1769	1137	2	63	288	16	3	2	52	52
0	1769	1137	2	64	288	16	3	2	52	52
0	1769	1137	2	65	288	16	3	2	52	52
0	1769	1137	2	66	288	16	3	2	52	52
0	1769	1137	2	67	288	16	3	2	52	52
0	1769	1137	2	68	288	16	3	2	52	52
0	1769	1137	2	69	288	16	3	2	52	52
0	1769	1137	2	70	288	16	3	2	52	52
0	1769	1137	2	71	288	16	3	2	52	52
0	1775	1364	1	153	288	16	0	0	64	64
0	1775	1364	1	154	288	16	0	0	64	64
0	1775	1364	1	155	288	16	0	0	64	64
0	1775	1364	1	156	288	16	0	0	64	64
0	1775	1364	1	157	288	16	0	0	64	64
0	1775	1364	1	158	288	16	0	0	64	64
0	1775	1364	1	159	288	16	0	0	64	64
0	1775	1364	1	160	288	16	0	0	64	64
0	1775	1364	1	161	288	16	0	0	64	64
0	1775	1364	1	162	288	16	0	0	64	64
0	1775	1364	1	163	288	16	0	0	64	64
0	1775	1364	1	164	288	16	0	0	64	64
0	1775	1364	1	165	288	16	0	0	64	64
0	1775	1364	1	166	288	16	0	0	64	64
0	1775	1364	1	167	288	16	0	0	64	64
0	1775	1364	1	168	288	16	0	0	64	64
0	1775	1364	1	169	288	16	0	0	64	64
0	1775	1364	1	170	288	16	0	0	64	64
0	1775	1364	1	171	288	16	0	0	64	64
0	1775	1364	1	172	288	16	0	0	64	64
0	1775	1364	1	173	288	16	0	0	64	64
0	1775	1364	1	174	288	16	0	0	64	64
0	1775	1364	1	175	288	16	0	0	64	64
0	1775	1364	1	176	288	16	0	0	64	64
0	1775	1364	1	177	288	16	0	0	64	64
0	1775	1364	1	178	288	16	0	0	64	64
0	1775	1364	1	179	288	16	0	0	64	64
0	1775	1364	1	180	288	16	0	0	64	64
0	1775	1364	1	181	288	16	0	0	64	64
0	1775	1364	1	182	288	16	0	0	64	64
0	1775	1364	1	183	288	16	0	0	64	64
0	1775	1364	1	184	288	16	0	0	64	64
0	1781	1355	2	35	288	16	1	0	0	0
0	1781	1355	2	36	288	16	1	0	0	0
0	1781	1355	2	37	288	16	1	0	0	0
0	1781	1355	2	38	288	16	1	0	0	0
0	1781	1355	2	39	288	16	1	0	0	0
0	1781	1355	2	40	288	16	1	0	0	0
0	1781	1355	2	41	288	16	1	0	0	0
0	1781	1355	2	42	288	16	1	0	0	0
0	1781	1355	2	43	288	16	1	0	0	0
0	1781	1355	2	44	288	16	1	0	0	0
0	1781	1355	2	45	288	16	1	0	0	0
0	1781	1355	2	46	288	16	1	0	0	0
0	1781	1355	2	47	288	16	1	0	0	0
0	1781	1355	2	48	288	16	1	0	0	0
0	1781	1355	2	49	288	16	1	0	0	0
0	1781	1355	2	50	288	16	1	0	0	0
0	1781	1355	2	51	288	16	1	0	0	0
0	1781	1355	2	52	288	16	1	0	0	0
0	1781	1355	2	53	288	16	1	0	0	0
0	1781	1355	2	54	288	16	1	0	0	0
0	1781	1355	2	55	288	16	1	0	0	0
0	1781	1355	2	56	288	16	1	0	0	0
0	1781	1355	2	57	288	16	1	0	0	0
0	1781	1355	2	58	288	16	1	0	0	0
0	1781	1355	2	59	288	16	1	0	0	0
0	1781	1355	2	60	288	16	1	0	0	0
0	1781	1355	2	61	288	16	1	0	0	0
0	1781	1355	2	62	288	16	1	0	0	0
0	1781	1355	2	63	288	16	1	0	0	0
0	1781	1355	2	64	288	16	1	0	0	0
0	1781	1355	2	65	288	16	1	0	0	0
0	1797	1425	0	140	288	16	4	1	91	91
0	1797	1425	0	141	288	16	4	1	91	91
0	1797	1425	0	142	288	16	4	1	91	91
0	1797	1425	0	143	288	16	4	1	91	91
0	1797	1425	0	144	288	16	4	1	91	91
0	1798	1367	1	150	288	16	1	0	84	84
0	1798	1367	1	151	288	16	1	0	84	84
0	1798	1367	1	152	288	16	1	0	84	84
0	1798	1367	1	153	288	16	1	0	84	84
0	1798	1367	1	154	288	16	1	0	84	84
0	1798	1367	1	155	288	16	1	0	84	84
0	1798	1367	1	156	288	16	1	0	84	84
0	1798	1367	1	157	288	16	1	0	84	84
0	1798	1367	1	158	288	16	1	0	84	84
0	1798	1367	1	159	288	16	1	0	84	84
0	1798	1367	1	160	288	16	1	0	84	84
0	1798	1367	1	161	288	16	1	0	84	84
0	1799	1529	3	136	288	16	3	3	64	64
0	1799	1529	3	137	288	16	3	3	64	64
0	1799	1529	3	138	288	16	3	3	64	64
0	1799	1529	3	139	288	16	3	3	64	64
0	1799	1529	3	140	288	16	3	3	64	64
0	1799	1529	3	141	288	16	3	3	64	64
0	1799	1529	3	142	288	16	3	3	64	64
0	1799	1529	3	143	288	16	3	3	64	64
0	1799	1529	3	144	288	16	3	3	64	64
0	1799	1529	3	145	288	16	3	3	64	64
0	1799	1529	3	146	288	16	3	3	64	64
0	1799	1529	3	147	288	16	3	3	64	64
0	1799	1529	3	148	288	16	3	3	64	64
0	1799	1529	3	149	288	16	3	3	64	64
0	1799	1529	3	150	288	16	3	3	64	64
0	1799	1529	3	151	288	16	3	3	64	64
0	1799	1529	3	152	288	16	3	3	64	64
0	1799	1529	3	153	288	16	3	3	64	64
0	1799	1529	3	154	288	16	3	3	64	64
0	1799	1529	3	155	288	16	3	3	64	64
0	1799	1529	3	156	288	16	3	3	64	64
0	1799	1529	3	157	288	16	3	3	64	64
0	1799	1529	3	158	288	16	3	3	64	64
0	1799	1529	3	159	288	16	3	3	64	64
0	1799	1529	3	160	288	16	3	3	64	64
0	1799	1529	3	161	288	16	3	3	64	64
0	1799	1529	3	162	288	16	3	3	64	64
0	1799	1529	3	163	288	16	3	3	64	64
0	1799	1529	3	164	288	16	3	3	64	64
0	1799	1529	3	165	288	16	3	3	64	64
0	1799	1529	3	166	288	16	3	3	64	64
0	1799	1529	3	167	288	16	3	3	64	64
0	1800	1472	2	35	288	16	5	1	2	2
0	1800	1472	2	36	288	16	5	1	2	2
0	1800	1472	2	37	288	16	5	1	2	2
0	1800	1472	2	38	288	16	5	1	2	2
0	1800	1472	2	39	288	16	5	1	2	2
0	1800	1472	2	40	288	16	5	1	2	2
0	1800	1472	2	41	288	16	5	1	2	2
0	1800	1472	2	42	288	16	5	1	2	2
0	1800	1472	2	43	288	16	5	1	2	2
0	1800	1472	2	44	288	16	5	1	2	2
0	1800	1472	2	45	288	16	5	1	2	2
0	1800	1472	2	46	288	16	5	1	2	2
0	1800	1472	2	47	288	16	5	1	2	2
0	1800	1472	2	48	288	16	5	1	2	2
0	1800	1472	2	49	288	16	5	1	2	2
0	1800	1472	2	50	288	16	5	1	2	2
0	1800	1472	2	51	288	16	5	1	2	2
0	1800	1472	2	52	288	16	5	1	2	2
0	1800	1472	2	53	288	16	5	1	2	2
0	1800	1472	2	54	288	16	5	1	2	2
0	1800	1472	2	55	288	16	5	1	2	2
0	1800	1472	2	56	288	16	5	1	2	2
0	1800	1472	2	57	288	16	5	1	2	2
0	1800	1472	2	58	288	16	5	1	2	2
0	1800	1472	2	59	288	16	5	1	2	2
0	1800	1472	2	60	288	16	5	1	2	2
0	1800	1472	2	61	288	16	5	1	2	2
0	1800	1472	2	62	288	16	5	1	2	2
0	1800	1472	2	63	288	16	5	1	2	2
0	1800	1472	2	64	288	16	5	1	2	2
0	1800	1472	2	65	288	16	5	1	2	2
0	1804	393	78	100	288	16	719	0	0	0
0	1804	393	78	101	288	16	719	0	0	0
0	1804	393	78	102	288	16	719	0	0	0
0	1804	393	78	103	288	16	719	0	0	0
0	1804	393	78	104	288	16	719	0	0	0
0	1804	393	78	105	288	16	719	0	0	0
0	1804	393	78	106	288	16	719	0	0	0
0	1804	393	78	107	288	16	719	0	0	0
0	1804	393	78	108	288	16	719	0	0	0
0	1804	393	78	109	288	16	719	0	0	0
0	1804	393	78	110	288	16	719	0	0	0
0	1804	393	78	111	288	16	719	0	0	0
0	1804	393	78	112	288	16	719	0	0	0
0	1804	393	78	113	288	16	719	0	0	0
0	1804	393	78	114	288	16	719	0	0	0
0	1804	393	78	115	288	16	719	0	0	0
0	1804	393	78	116	288	16	719	0	0	0
0	1804	393	78	117	288	16	719	0	0	0
0	1804	393	78	118	288	16	719	0	0	0
0	1804	393	78	119	288	16	719	0	0	0
0	1804	393	78	120	288	16	719	0	0	0
0	1804	393	78	121	288	16	719	0	0	0
0	1804	393	78	122	288	16	719	0	0	0
0	1804	393	78	123	288	16	719	0	0	0
0	1804	393	78	124	288	16	719	0	0	0
0	1804	393	78	125	288	16	719	0	0	0
0	1804	393	78	126	288	16	719	0	0	0
0	1804	393	78	127	288	16	719	0	0	0
0	1804	393	78	128	288	16	719	0	0	0
0	1804	393	78	129	288	16	719	0	0	0
0	1804	393	78	130	288	16	719	0	0	0
0	1804	393	78	131	288	16	719	0	0	0
0	1805	659	8	35	288	16	14	13	25	25
0	1805	659	8	36	288	16	14	13	25	25
0	1805	659	8	37	288	16	14	13	25	25
0	1805	659	8	38	288	16	14	13	25	25
0	1805	659	8	39	288	16	14	13	25	25
0	1805	659	8	40	288	16	14	13	25	25
0	1805	659	8	41	288	16	14	13	25	25
0	1805	659	8	42	288	16	14	13	25	25
0	1805	659	8	43	288	16	14	13	25	25
0	1805	659	8	44	288	16	14	13	25	25
0	1805	659	8	45	288	16	14	13	25	25
0	1805	659	8	46	288	16	14	13	25	25
0	1805	659	8	47	288	16	14	13	25	25
0	1805	659	8	48	288	16	14	13	25	25
0	1805	659	8	49	288	16	14	13	25	25
0	1805	659	8	50	288	16	14	13	25	25
0	1805	659	8	51	288	16	14	13	25	25
0	1805	659	8	52	288	16	14	13	25	25
0	1805	659	8	53	288	16	14	13	25	25
0	1805	659	8	54	288	16	14	13	25	25
0	1805	659	8	55	288	16	14	13	25	25
0	1805	659	8	56	288	16	14	13	25	25
0	1805	659	8	57	288	16	14	13	25	25
0	1805	659	8	58	288	16	14	13	25	25
0	1805	659	8	59	288	16	14	13	25	25
0	1805	659	8	60	288	16	14	13	25	25
0	1805	659	8	61	288	16	14	13	25	25
0	1805	659	8	62	288	16	14	13	25	25
0	1805	659	8	63	288	16	14	13	25	25
0	1805	659	8	64	288	16	14	13	25	25
0	1805	659	8	65	288	16	14	13	25	25
0	1805	659	8	66	288	16	14	13	25	25
0	1807	662	18	123	288	16	30	27	40	40
0	1807	662	18	124	288	16	30	27	40	40
0	1807	662	18	125	288	16	30	27	40	40
0	1807	662	18	126	288	16	30	27	40	40
0	1807	662	18	127	288	16	30	27	40	40
0	1807	662	18	128	288	16	30	27	40	40
0	1807	662	18	129	288	16	30	27	40	40
0	1807	662	18	130	288	16	30	27	40	40
0	1807	662	18	131	288	16	30	27	40	40
0	1807	662	18	132	288	16	30	27	40	40
0	1807	662	18	133	288	16	30	27	40	40
0	1807	662	18	134	288	16	30	27	40	40
0	1807	662	18	135	288	16	30	27	40	40
0	1807	662	18	136	288	16	30	27	40	40
0	1807	662	18	137	288	16	30	27	40	40
0	1807	662	18	138	288	16	30	27	40	40
0	1807	662	18	139	288	16	30	27	40	40
0	1807	662	18	140	288	16	30	27	40	40
0	1807	662	18	141	288	16	30	27	40	40
0	1807	662	18	142	288	16	30	27	40	40
0	1807	662	18	143	288	16	30	27	40	40
0	1807	662	18	144	288	16	30	27	40	40
0	1807	662	18	145	288	16	30	27	40	40
0	1807	662	18	146	288	16	30	27	40	40
0	1807	662	18	147	288	16	30	27	40	40
0	1807	662	18	148	288	16	30	27	40	40
0	1807	662	18	149	288	16	30	27	40	40
0	1807	662	18	150	288	16	30	27	40	40
0	1807	662	18	151	288	16	30	27	40	40
0	1807	662	18	152	288	16	30	27	40	40
0	1807	662	18	153	288	16	30	27	40	40
0	1807	662	18	154	288	16	30	27	40	40
0	1808	1205	1	170	288	16	5	2	61	61
0	1808	1205	1	171	288	16	5	2	61	61
0	1808	1205	1	172	288	16	5	2	61	61
0	1808	1205	1	173	288	16	5	2	61	61
0	1808	1205	1	174	288	16	5	2	61	61
0	1808	1205	1	175	288	16	5	2	61	61
0	1808	1205	1	176	288	16	5	2	61	61
0	1808	1205	1	177	288	16	5	2	61	61
0	1808	1205	1	178	288	16	5	2	61	61
0	1808	1205	1	179	288	16	5	2	61	61
0	1808	1205	1	180	288	16	5	2	61	61
0	1808	1205	1	181	288	16	5	2	61	61
0	1808	1205	1	182	288	16	5	2	61	61
0	1808	1205	1	183	288	16	5	2	61	61
0	1808	1205	1	184	288	16	5	2	61	61
0	1808	1205	1	185	288	16	5	2	61	61
0	1808	1205	1	186	288	16	5	2	61	61
0	1808	1205	1	187	288	16	5	2	61	61
0	1808	1205	1	188	288	16	5	2	61	61
0	1808	1205	1	189	288	16	5	2	61	61
0	1808	1205	1	190	288	16	5	2	61	61
0	1808	1205	1	191	288	16	5	2	61	61
0	1808	1205	1	192	288	16	5	2	61	61
0	1808	1205	1	193	288	16	5	2	61	61
0	1808	1205	1	194	288	16	5	2	61	61
0	1808	1205	1	195	288	16	5	2	61	61
0	1808	1205	1	196	288	16	5	2	61	61
0	1808	1205	1	197	288	16	5	2	61	61
0	1808	1205	1	198	288	16	5	2	61	61
0	1808	1205	1	199	288	16	5	2	61	61
0	1808	1205	1	200	288	16	5	2	61	61
0	1808	1205	1	201	288	16	5	2	61	61
0	1810	1131	5	51	288	16	4	4	58	58
0	1810	1131	5	52	288	16	4	4	58	58
0	1810	1131	5	53	288	16	4	4	58	58
0	1810	1131	5	54	288	16	4	4	58	58
0	1810	1131	5	55	288	16	4	4	58	58
0	1810	1131	5	56	288	16	4	4	58	58
0	1826	546	0	124	288	16	1	0	64	64
0	1826	546	0	125	288	16	1	0	64	64
0	1826	546	0	126	288	16	1	0	64	64
0	1826	546	0	127	288	16	1	0	64	64
0	1826	546	0	128	288	16	1	0	64	64
0	1826	546	0	129	288	16	1	0	64	64
0	1826	546	0	130	288	16	1	0	64	64
0	1826	546	0	131	288	16	1	0	64	64
0	1826	546	0	132	288	16	1	0	64	64
0	1826	546	0	133	288	16	1	0	64	64
0	1826	546	0	134	288	16	1	0	64	64
0	1826	546	0	135	288	16	1	0	64	64
0	1826	546	0	136	288	16	1	0	64	64
0	1826	546	0	137	288	16	1	0	64	64
0	1826	546	0	138	288	16	1	0	64	64
0	1826	546	0	139	288	16	1	0	64	64
0	1826	546	0	140	288	16	1	0	64	64
0	1826	546	0	141	288	16	1	0	64	64
0	1826	546	0	142	288	16	1	0	64	64
0	1826	546	0	143	288	16	1	0	64	64
0	1826	546	0	144	288	16	1	0	64	64
0	1826	546	0	145	288	16	1	0	64	64
0	1826	546	0	146	288	16	1	0	64	64
0	1826	546	0	147	288	16	1	0	64	64
0	1826	546	0	148	288	16	1	0	64	64
0	1826	546	0	149	288	16	1	0	64	64
0	1826	546	0	150	288	16	1	0	64	64
0	1826	546	0	151	288	16	1	0	64	64
0	1826	546	0	152	288	16	1	0	64	64
0	1826	546	0	153	288	16	1	0	64	64
0	1826	546	0	154	288	16	1	0	64	64
0	1826	546	0	155	288	16	1	0	64	64
0	1827	884	4	123	288	16	5	3	64	64
0	1827	884	4	124	288	16	5	3	64	64
0	1827	884	4	125	288	16	5	3	64	64
0	1827	884	4	126	288	16	5	3	64	64
0	1827	884	4	127	288	16	5	3	64	64
0	1827	884	4	128	288	16	5	3	64	64
0	1827	884	4	129	288	16	5	3	64	64
0	1827	884	4	130	288	16	5	3	64	64
0	1827	884	4	131	288	16	5	3	64	64
0	1827	884	4	132	288	16	5	3	64	64
0	1827	884	4	133	288	16	5	3	64	64
0	1827	884	4	134	288	16	5	3	64	64
0	1827	884	4	135	288	16	5	3	64	64
0	1827	884	4	136	288	16	5	3	64	64
0	1827	884	4	137	288	16	5	3	64	64
0	1827	884	4	138	288	16	5	3	64	64
0	1827	884	4	139	288	16	5	3	64	64
0	1827	884	4	140	288	16	5	3	64	64
0	1827	884	4	141	288	16	5	3	64	64
0	1827	884	4	142	288	16	5	3	64	64
0	1827	884	4	143	288	16	5	3	64	64
0	1827	884	4	144	288	16	5	3	64	64
0	1827	884	4	145	288	16	5	3	64	64
0	1827	884	4	146	288	16	5	3	64	64
0	1827	884	4	147	288	16	5	3	64	64
0	1827	884	4	148	288	16	5	3	64	64
0	1827	884	4	149	288	16	5	3	64	64
0	1827	884	4	150	288	16	5	3	64	64
0	1827	884	4	151	288	16	5	3	64	64
0	1827	884	4	152	288	16	5	3	64	64
0	1827	884	4	153	288	16	5	3	64	64
0	1827	884	4	154	288	16	5	3	64	64
0	1828	1477	0	137	288	16	5	2	57	57
0	1828	1477	0	138	288	16	5	2	57	57
0	1828	1477	0	139	288	16	5	2	57	57
0	1828	1477	0	140	288	16	5	2	57	57
0	1828	1477	0	141	288	16	5	2	57	57
0	1828	1477	0	142	288	16	5	2	57	57
0	1828	1477	0	143	288	16	5	2	57	57
0	1828	1477	0	144	288	16	5	2	57	57
0	1828	1477	0	145	288	16	5	2	57	57
0	1828	1477	0	146	288	16	5	2	57	57
0	1828	1477	0	147	288	16	5	2	57	57
0	1828	1477	0	148	288	16	5	2	57	57
0	1828	1477	0	149	288	16	5	2	57	57
0	1828	1477	0	150	288	16	5	2	57	57
0	1828	1477	0	151	288	16	5	2	57	57
0	1828	1477	0	152	288	16	5	2	57	57
0	1828	1477	0	153	288	16	5	2	57	57
0	1828	1477	0	154	288	16	5	2	57	57
0	1828	1477	0	155	288	16	5	2	57	57
0	1828	1477	0	156	288	16	5	2	57	57
0	1828	1477	0	157	288	16	5	2	57	57
0	1828	1477	0	158	288	16	5	2	57	57
0	1828	1477	0	159	288	16	5	2	57	57
0	1828	1477	0	160	288	16	5	2	57	57
0	1828	1477	0	161	288	16	5	2	57	57
0	1828	1477	0	162	288	16	5	2	57	57
0	1828	1477	0	163	288	16	5	2	57	57
0	1828	1477	0	164	288	16	5	2	57	57
0	1828	1477	0	165	288	16	5	2	57	57
0	1828	1477	0	166	288	16	5	2	57	57
0	1828	1477	0	167	288	16	5	2	57	57
0	1828	1477	0	168	288	16	5	2	57	57
0	1833	963	3	68	288	16	9	0	0	0
0	1833	963	3	69	288	16	9	0	0	0
0	1833	963	3	70	288	16	9	0	0	0
0	1833	963	3	71	288	16	9	0	0	0
0	1833	963	3	72	288	16	9	0	0	0
0	1833	963	3	73	288	16	9	0	0	0
0	1833	963	3	74	288	16	9	0	0	0
0	1833	963	3	75	288	16	9	0	0	0
0	1833	963	3	76	288	16	9	0	0	0
0	1833	963	3	77	288	16	9	0	0	0
0	1833	963	3	78	288	16	9	0	0	0
0	1833	963	3	79	288	16	9	0	0	0
0	1833	963	3	80	288	16	9	0	0	0
0	1833	963	3	81	288	16	9	0	0	0
0	1833	963	3	82	288	16	9	0	0	0
0	1833	963	3	83	288	16	9	0	0	0
0	1833	963	3	84	288	16	9	0	0	0
0	1833	963	3	85	288	16	9	0	0	0
0	1833	963	3	86	288	16	9	0	0	0
0	1833	963	3	87	288	16	9	0	0	0
0	1833	963	3	88	288	16	9	0	0	0
0	1833	963	3	89	288	16	9	0	0	0
0	1833	963	3	90	288	16	9	0	0	0
0	1833	963	3	91	288	16	9	0	0	0
0	1833	963	3	92	288	16	9	0	0	0
0	1833	963	3	93	288	16	9	0	0	0
0	1833	963	3	94	288	16	9	0	0	0
0	1833	963	3	95	288	16	9	0	0	0
0	1833	963	3	96	288	16	9	0	0	0
0	1833	963	3	97	288	16	9	0	0	0
0	1833	963	3	98	288	16	9	0	0	0
0	1833	963	3	99	288	16	9	0	0	0
0	1845	1540	0	1	288	16	0	0	57	57
0	1845	1540	0	2	288	16	0	0	57	57
0	1845	1540	0	3	288	16	0	0	57	57
0	1845	1540	0	4	288	16	0	0	57	57
0	1845	1540	0	5	288	16	0	0	57	57
0	1845	1540	0	6	288	16	0	0	57	57
0	1845	1540	0	7	288	16	0	0	57	57
0	1845	1540	0	8	288	16	0	0	57	57
0	1845	1540	0	9	288	16	0	0	57	57
0	1845	1540	0	10	288	16	0	0	57	57
0	1845	1540	0	11	288	16	0	0	57	57
0	1845	1540	0	12	288	16	0	0	57	57
0	1845	1540	0	13	288	16	0	0	57	57
0	1845	1540	0	14	288	16	0	0	57	57
0	1845	1540	0	15	288	16	0	0	57	57
0	1845	1540	0	16	288	16	0	0	57	57
0	1845	1540	0	17	288	16	0	0	57	57
0	1845	1540	0	18	288	16	0	0	57	57
0	1845	1540	0	19	288	16	0	0	57	57
0	1845	1540	0	20	288	16	0	0	57	57
0	1845	1540	0	21	288	16	0	0	57	57
0	1845	1540	0	22	288	16	0	0	57	57
0	1845	1540	0	23	288	16	0	0	57	57
0	1845	1540	0	24	288	16	0	0	57	57
0	1845	1540	0	25	288	16	0	0	57	57
0	1845	1540	0	26	288	16	0	0	57	57
0	1845	1540	0	27	288	16	0	0	57	57
0	1845	1540	0	28	288	16	0	0	57	57
0	1845	1540	0	29	288	16	0	0	57	57
0	1845	1540	0	30	288	16	0	0	57	57
0	1845	1540	0	31	288	16	0	0	57	57
0	1845	1540	0	32	288	16	0	0	57	57
0	1852	939	1	1	288	16	4	3	59	59
0	1852	939	1	2	288	16	4	3	59	59
0	1852	939	1	3	288	16	4	3	59	59
0	1852	939	1	4	288	16	4	3	59	59
0	1852	939	1	5	288	16	4	3	59	59
0	1852	939	1	6	288	16	4	3	59	59
0	1852	939	1	7	288	16	4	3	59	59
0	1852	939	1	8	288	16	4	3	59	59
0	1852	939	1	9	288	16	4	3	59	59
0	1852	939	1	10	288	16	4	3	59	59
0	1852	939	1	11	288	16	4	3	59	59
0	1852	939	1	12	288	16	4	3	59	59
0	1852	939	1	13	288	16	4	3	59	59
0	1852	939	1	14	288	16	4	3	59	59
0	1852	939	1	15	288	16	4	3	59	59
0	1852	939	1	16	288	16	4	3	59	59
0	1852	939	1	17	288	16	4	3	59	59
0	1852	939	1	18	288	16	4	3	59	59
0	1852	939	1	19	288	16	4	3	59	59
0	1852	939	1	20	288	16	4	3	59	59
0	1852	939	1	30	288	16	4	3	59	59
0	1852	939	1	31	288	16	4	3	59	59
0	1852	939	1	32	288	16	4	3	59	59
0	1854	649	1	34	288	16	2	0	0	0
0	1854	649	1	35	288	16	2	0	0	0
0	1854	649	1	36	288	16	2	0	0	0
0	1854	649	1	37	288	16	2	0	0	0
0	1854	649	1	38	288	16	2	0	0	0
0	1854	649	1	39	288	16	2	0	0	0
0	1854	649	1	40	288	16	2	0	0	0
0	1854	649	1	41	288	16	2	0	0	0
0	1854	649	1	42	288	16	2	0	0	0
0	1854	649	1	43	288	16	2	0	0	0
0	1854	649	1	44	288	16	2	0	0	0
0	1854	649	1	45	288	16	2	0	0	0
0	1854	649	1	46	288	16	2	0	0	0
0	1854	649	1	47	288	16	2	0	0	0
0	1854	649	1	48	288	16	2	0	0	0
0	1854	649	1	49	288	16	2	0	0	0
0	1854	649	1	50	288	16	2	0	0	0
0	1854	649	1	51	288	16	2	0	0	0
0	1854	649	1	52	288	16	2	0	0	0
0	1854	649	1	53	288	16	2	0	0	0
0	1854	649	1	54	288	16	2	0	0	0
0	1854	649	1	55	288	16	2	0	0	0
0	1854	649	1	56	288	16	2	0	0	0
0	1854	649	1	57	288	16	2	0	0	0
0	1854	649	1	58	288	16	2	0	0	0
0	1854	649	1	59	288	16	2	0	0	0
0	1854	649	1	60	288	16	2	0	0	0
0	1854	649	1	61	288	16	2	0	0	0
0	1854	649	1	62	288	16	2	0	0	0
0	1854	649	1	63	288	16	2	0	0	0
0	1854	649	1	64	288	16	2	0	0	0
0	1886	662	10	34	288	16	13	0	0	0
0	1886	662	10	35	288	16	13	0	0	0
0	1886	662	10	36	288	16	13	0	0	0
0	1886	662	10	37	288	16	13	0	0	0
0	1886	662	10	38	288	16	13	0	0	0
0	1886	662	10	39	288	16	13	0	0	0
0	1886	662	10	40	288	16	13	0	0	0
0	1886	662	10	41	288	16	13	0	0	0
0	1886	662	10	42	288	16	13	0	0	0
0	1886	662	10	43	288	16	13	0	0	0
0	1886	662	10	44	288	16	13	0	0	0
0	1886	662	10	45	288	16	13	0	0	0
0	1886	662	10	46	288	16	13	0	0	0
0	1886	662	10	47	288	16	13	0	0	0
0	1886	662	10	48	288	16	13	0	0	0
0	1886	662	10	49	288	16	13	0	0	0
0	1886	662	10	50	288	16	13	0	0	0
0	1886	662	10	51	288	16	13	0	0	0
0	1886	662	10	52	288	16	13	0	0	0
0	1886	662	10	53	288	16	13	0	0	0
0	1886	662	10	54	288	16	13	0	0	0
0	1886	662	10	55	288	16	13	0	0	0
0	1886	662	10	56	288	16	13	0	0	0
0	1886	662	10	57	288	16	13	0	0	0
0	1886	662	10	58	288	16	13	0	0	0
0	1886	662	10	59	288	16	13	0	0	0
0	1886	662	10	60	288	16	13	0	0	0
0	1886	662	10	61	288	16	13	0	0	0
0	1886	662	10	62	288	16	13	0	0	0
0	1886	662	10	63	288	16	13	0	0	0
0	1886	662	10	64	288	16	13	0	0	0
0	1886	662	10	65	288	16	13	0	0	0
0	1889	1143	2	177	288	16	1	1	47	47
0	1889	1143	2	178	288	16	1	1	47	47
0	1889	1143	2	179	288	16	1	1	47	47
0	1889	1143	2	180	288	16	1	1	47	47
0	1889	1143	2	181	288	16	1	1	47	47
0	1889	1143	2	182	288	16	1	1	47	47
0	1889	1143	2	183	288	16	1	1	47	47
0	1889	1143	2	184	288	16	1	1	47	47
0	1889	1143	2	185	288	16	1	1	47	47
0	1889	1143	2	186	288	16	1	1	47	47
0	1889	1143	2	187	288	16	1	1	47	47
0	1889	1143	2	188	288	16	1	1	47	47
0	1889	1143	2	189	288	16	1	1	47	47
0	1889	1143	2	190	288	16	1	1	47	47
0	1889	1143	2	191	288	16	1	1	47	47
0	1889	1143	2	192	288	16	1	1	47	47
0	1889	1143	2	193	288	16	1	1	47	47
0	1889	1143	2	194	288	16	1	1	47	47
0	1889	1143	2	195	288	16	1	1	47	47
0	1889	1143	2	196	288	16	1	1	47	47
0	1889	1143	2	197	288	16	1	1	47	47
0	1889	1143	2	198	288	16	1	1	47	47
0	1889	1143	2	199	288	16	1	1	47	47
0	1889	1143	2	200	288	16	1	1	47	47
0	1889	1143	2	201	288	16	1	1	47	47
0	1889	1143	2	202	288	16	1	1	47	47
0	1889	1143	2	204	288	16	1	1	47	47
0	1889	1143	2	205	288	16	1	1	47	47
0	1889	1143	2	206	288	16	1	1	47	47
0	1889	1143	2	207	288	16	1	1	47	47
0	1889	1143	2	208	288	16	1	1	47	47
0	1890	787	2	110	288	16	6	3	17	17
0	1890	787	2	111	288	16	6	3	17	17
0	1890	787	2	112	288	16	6	3	17	17
0	1890	787	2	113	288	16	6	3	17	17
0	1890	787	2	114	288	16	6	3	17	17
0	1890	787	2	115	288	16	6	3	17	17
0	1890	787	2	116	288	16	6	3	17	17
0	1890	787	2	117	288	16	6	3	17	17
0	1890	787	2	118	288	16	6	3	17	17
0	1890	787	2	119	288	16	6	3	17	17
0	1890	787	2	120	288	16	6	3	17	17
0	1890	787	2	121	288	16	6	3	17	17
0	1890	787	2	122	288	16	6	3	17	17
0	1890	787	2	123	288	16	6	3	17	17
0	1890	787	2	124	288	16	6	3	17	17
0	1890	787	2	125	288	16	6	3	17	17
0	1890	787	2	126	288	16	6	3	17	17
0	1890	787	2	127	288	16	6	3	17	17
0	1890	787	2	128	288	16	6	3	17	17
0	1890	787	2	129	288	16	6	3	17	17
0	1890	787	2	130	288	16	6	3	17	17
0	1890	787	2	131	288	16	6	3	17	17
0	1890	787	2	132	288	16	6	3	17	17
0	1890	787	2	133	288	16	6	3	17	17
0	1890	787	2	134	288	16	6	3	17	17
0	1890	787	2	135	288	16	6	3	17	17
0	1890	787	2	136	288	16	6	3	17	17
0	1890	787	2	137	288	16	6	3	17	17
0	1890	787	2	138	288	16	6	3	17	17
0	1890	787	2	139	288	16	6	3	17	17
0	1890	787	2	140	288	16	6	3	17	17
0	1890	787	2	141	288	16	6	3	17	17
0	1890	1171	6	47	288	16	8	4	32	32
0	1890	1171	6	48	288	16	8	4	32	32
0	1890	1171	6	49	288	16	8	4	32	32
0	1890	1171	6	50	288	16	8	4	32	32
0	1890	1171	6	51	288	16	8	4	32	32
0	1890	1171	6	52	288	16	8	4	32	32
0	1890	1171	6	53	288	16	8	4	32	32
0	1890	1171	6	54	288	16	8	4	32	32
0	1890	1171	6	55	288	16	8	4	32	32
0	1890	1171	6	56	288	16	8	4	32	32
0	1890	1171	6	57	288	16	8	4	32	32
0	1890	1171	6	58	288	16	8	4	32	32
0	1890	1171	6	59	288	16	8	4	32	32
0	1890	1171	6	60	288	16	8	4	32	32
0	1890	1171	6	61	288	16	8	4	32	32
0	1890	1171	6	62	288	16	8	4	32	32
0	1890	1171	6	63	288	16	8	4	32	32
0	1890	1171	6	64	288	16	8	4	32	32
0	1890	1171	6	65	288	16	8	4	32	32
0	1890	1171	6	66	288	16	8	4	32	32
0	1890	1171	6	67	288	16	8	4	32	32
0	1890	1171	6	68	288	16	8	4	32	32
0	1890	1171	6	69	288	16	8	4	32	32
0	1890	1171	6	70	288	16	8	4	32	32
0	1890	1171	6	71	288	16	8	4	32	32
0	1890	1171	6	72	288	16	8	4	32	32
0	1890	1171	6	73	288	16	8	4	32	32
0	1890	1171	6	74	288	16	8	4	32	32
0	1890	1171	6	75	288	16	8	4	32	32
0	1890	1171	6	76	288	16	8	4	32	32
0	1890	1171	6	77	288	16	8	4	32	32
0	1890	1171	6	78	288	16	8	4	32	32
0	1892	945	3	45	288	16	3	2	49	49
0	1892	945	3	46	288	16	3	2	49	49
0	1892	945	3	47	288	16	3	2	49	49
0	1892	945	3	48	288	16	3	2	49	49
0	1892	945	3	49	288	16	3	2	49	49
0	1892	945	3	50	288	16	3	2	49	49
0	1892	945	3	51	288	16	3	2	49	49
0	1892	945	3	62	288	16	3	2	49	49
0	1892	945	3	63	288	16	3	2	49	49
0	1894	1392	1	42	288	16	1	0	24	24
0	1894	1392	1	43	288	16	1	0	24	24
0	1894	1392	1	44	288	16	1	0	24	24
0	1894	1392	1	45	288	16	1	0	24	24
0	1894	1392	1	46	288	16	1	0	24	24
0	1894	1392	1	47	288	16	1	0	24	24
0	1894	1392	1	48	288	16	1	0	24	24
0	1894	1392	1	49	288	16	1	0	24	24
0	1894	1392	1	50	288	16	1	0	24	24
0	1894	1392	1	51	288	16	1	0	24	24
0	1894	1392	1	52	288	16	1	0	24	24
0	1894	1392	1	53	288	16	1	0	24	24
0	1894	1392	1	54	288	16	1	0	24	24
0	1894	1392	1	55	288	16	1	0	24	24
0	1894	1392	1	56	288	16	1	0	24	24
0	1894	1392	1	57	288	16	1	0	24	24
0	1894	1392	1	58	288	16	1	0	24	24
0	1894	1392	1	59	288	16	1	0	24	24
0	1894	1392	1	60	288	16	1	0	24	24
0	1896	1389	1	143	288	16	1	1	69	69
0	1896	1389	1	144	288	16	1	1	69	69
0	1896	1389	1	145	288	16	1	1	69	69
0	1896	1389	1	146	288	16	1	1	69	69
0	1896	1389	1	147	288	16	1	1	69	69
0	1896	1389	1	148	288	16	1	1	69	69
0	1896	1389	1	149	288	16	1	1	69	69
0	1896	1389	1	150	288	16	1	1	69	69
0	1896	1389	1	151	288	16	1	1	69	69
0	1896	1389	1	152	288	16	1	1	69	69
0	1896	1389	1	153	288	16	1	1	69	69
0	1896	1389	1	154	288	16	1	1	69	69
0	1896	1389	1	155	288	16	1	1	69	69
0	1896	1389	1	156	288	16	1	1	69	69
0	1896	1389	1	157	288	16	1	1	69	69
0	1896	1389	1	158	288	16	1	1	69	69
0	1896	1389	1	159	288	16	1	1	69	69
0	1896	1389	1	160	288	16	1	1	69	69
0	1896	1389	1	161	288	16	1	1	69	69
0	1896	1389	1	162	288	16	1	1	69	69
0	1896	1389	1	163	288	16	1	1	69	69
0	1913	893	2	34	288	16	5	0	0	0
0	1913	893	2	35	288	16	5	0	0	0
0	1913	893	2	36	288	16	5	0	0	0
0	1913	893	2	37	288	16	5	0	0	0
0	1913	893	2	38	288	16	5	0	0	0
0	1913	893	2	39	288	16	5	0	0	0
0	1913	893	2	40	288	16	5	0	0	0
0	1913	893	2	41	288	16	5	0	0	0
0	1913	893	2	42	288	16	5	0	0	0
0	1913	893	2	43	288	16	5	0	0	0
0	1913	893	2	44	288	16	5	0	0	0
0	1913	893	2	45	288	16	5	0	0	0
0	1913	893	2	46	288	16	5	0	0	0
0	1913	893	2	47	288	16	5	0	0	0
0	1913	893	2	48	288	16	5	0	0	0
0	1913	893	2	49	288	16	5	0	0	0
0	1913	893	2	50	288	16	5	0	0	0
0	1913	893	2	51	288	16	5	0	0	0
0	1913	893	2	52	288	16	5	0	0	0
0	1913	893	2	53	288	16	5	0	0	0
0	1913	893	2	54	288	16	5	0	0	0
0	1913	893	2	55	288	16	5	0	0	0
0	1913	893	2	56	288	16	5	0	0	0
0	1913	893	2	57	288	16	5	0	0	0
0	1913	893	2	58	288	16	5	0	0	0
0	1913	893	2	59	288	16	5	0	0	0
0	1913	893	2	60	288	16	5	0	0	0
0	1913	893	2	61	288	16	5	0	0	0
0	1913	893	2	62	288	16	5	0	0	0
0	1913	893	2	63	288	16	5	0	0	0
0	1913	893	2	64	288	16	5	0	0	0
0	1913	893	2	65	288	16	5	0	0	0
0	1913	945	18	54	288	16	18	15	34	34
0	1913	945	18	55	288	16	18	15	34	34
0	1913	945	18	56	288	16	18	15	34	34
0	1913	945	18	57	288	16	18	15	34	34
0	1913	945	18	58	288	16	18	15	34	34
0	1913	945	18	59	288	16	18	15	34	34
0	1913	945	18	60	288	16	18	15	34	34
0	1913	945	18	61	288	16	18	15	34	34
0	1913	945	18	62	288	16	18	15	34	34
0	1913	945	18	63	288	16	18	15	34	34
0	1913	945	18	64	288	16	18	15	34	34
0	1913	945	18	65	288	16	18	15	34	34
0	1913	945	18	66	288	16	18	15	34	34
0	1913	945	18	67	288	16	18	15	34	34
0	1913	945	18	68	288	16	18	15	34	34
0	1913	945	18	69	288	16	18	15	34	34
0	1913	945	18	70	288	16	18	15	34	34
0	1913	945	18	71	288	16	18	15	34	34
0	1913	945	18	72	288	16	18	15	34	34
0	1913	945	18	73	288	16	18	15	34	34
0	1913	945	18	74	288	16	18	15	34	34
0	1913	945	18	75	288	16	18	15	34	34
0	1913	945	18	76	288	16	18	15	34	34
0	1913	945	18	78	288	16	18	15	34	34
0	1913	945	18	79	288	16	18	15	34	34
0	1913	945	18	80	288	16	18	15	34	34
0	1913	945	18	81	288	16	18	15	34	34
0	1913	945	18	82	288	16	18	15	34	34
0	1913	945	18	83	288	16	18	15	34	34
0	1913	945	18	84	288	16	18	15	34	34
0	1914	854	6	35	288	16	8	0	0	0
0	1914	854	6	36	288	16	8	0	0	0
0	1914	854	6	37	288	16	8	0	0	0
0	1914	854	6	38	288	16	8	0	0	0
0	1914	854	6	39	288	16	8	0	0	0
0	1914	854	6	40	288	16	8	0	0	0
0	1914	854	6	41	288	16	8	0	0	0
0	1914	854	6	42	288	16	8	0	0	0
0	1914	854	6	43	288	16	8	0	0	0
0	1914	854	6	44	288	16	8	0	0	0
0	1914	854	6	45	288	16	8	0	0	0
0	1914	854	6	46	288	16	8	0	0	0
0	1914	854	6	47	288	16	8	0	0	0
0	1914	854	6	48	288	16	8	0	0	0
0	1914	854	6	49	288	16	8	0	0	0
0	1914	854	6	50	288	16	8	0	0	0
0	1914	854	6	51	288	16	8	0	0	0
0	1914	854	6	52	288	16	8	0	0	0
0	1914	854	6	53	288	16	8	0	0	0
0	1914	854	6	54	288	16	8	0	0	0
0	1914	854	6	55	288	16	8	0	0	0
0	1914	854	6	56	288	16	8	0	0	0
0	1914	854	6	57	288	16	8	0	0	0
0	1914	854	6	58	288	16	8	0	0	0
0	1914	854	6	59	288	16	8	0	0	0
0	1914	854	6	60	288	16	8	0	0	0
0	1914	854	6	61	288	16	8	0	0	0
0	1914	854	6	62	288	16	8	0	0	0
0	1914	854	6	63	288	16	8	0	0	0
0	1914	854	6	64	288	16	8	0	0	0
0	1914	854	6	65	288	16	8	0	0	0
0	1914	854	6	66	288	16	8	0	0	0
0	1921	607	0	145	288	16	0	0	61	61
0	1921	607	0	146	288	16	0	0	61	61
0	1921	607	0	147	288	16	0	0	61	61
0	1921	607	0	148	288	16	0	0	61	61
0	1921	607	0	149	288	16	0	0	61	61
0	1921	607	0	150	288	16	0	0	61	61
0	1921	607	0	151	288	16	0	0	61	61
0	1921	607	0	152	288	16	0	0	61	61
0	1921	607	0	153	288	16	0	0	61	61
0	1921	607	0	154	288	16	0	0	61	61
0	1921	607	0	155	288	16	0	0	61	61
0	1921	607	0	156	288	16	0	0	61	61
0	1921	607	0	157	288	16	0	0	61	61
0	1921	607	0	158	288	16	0	0	61	61
0	1921	607	0	159	288	16	0	0	61	61
0	1921	607	0	160	288	16	0	0	61	61
0	1921	607	0	161	288	16	0	0	61	61
0	1921	607	0	162	288	16	0	0	61	61
0	1921	607	0	163	288	16	0	0	61	61
0	1921	607	0	164	288	16	0	0	61	61
0	1921	607	0	165	288	16	0	0	61	61
0	1921	607	0	166	288	16	0	0	61	61
0	1921	607	0	167	288	16	0	0	61	61
0	1921	607	0	168	288	16	0	0	61	61
0	1921	607	0	169	288	16	0	0	61	61
0	1921	607	0	170	288	16	0	0	61	61
0	1921	607	0	171	288	16	0	0	61	61
0	1921	607	0	172	288	16	0	0	61	61
0	1921	607	0	173	288	16	0	0	61	61
0	1921	607	0	174	288	16	0	0	61	61
0	1921	607	0	175	288	16	0	0	61	61
0	1921	607	0	176	288	16	0	0	61	61
0	1921	747	7	55	288	16	10	6	32	32
0	1921	747	7	56	288	16	10	6	32	32
0	1921	747	7	57	288	16	10	6	32	32
0	1921	747	7	58	288	16	10	6	32	32
0	1921	747	7	59	288	16	10	6	32	32
0	1921	747	7	60	288	16	10	6	32	32
0	1921	747	7	61	288	16	10	6	32	32
0	1921	747	7	62	288	16	10	6	32	32
0	1921	747	7	63	288	16	10	6	32	32
0	1921	747	7	64	288	16	10	6	32	32
0	1921	747	7	65	288	16	10	6	32	32
0	1921	747	7	66	288	16	10	6	32	32
0	1921	747	7	67	288	16	10	6	32	32
0	1921	747	7	68	288	16	10	6	32	32
0	1921	747	7	69	288	16	10	6	32	32
0	1921	747	7	70	288	16	10	6	32	32
0	1921	747	7	71	288	16	10	6	32	32
0	1921	747	7	72	288	16	10	6	32	32
0	1921	747	7	73	288	16	10	6	32	32
0	1921	747	7	74	288	16	10	6	32	32
0	1921	747	7	75	288	16	10	6	32	32
0	1921	747	7	76	288	16	10	6	32	32
0	1921	747	7	77	288	16	10	6	32	32
0	1921	747	7	78	288	16	10	6	32	32
0	1921	747	7	79	288	16	10	6	32	32
0	1921	747	7	80	288	16	10	6	32	32
0	1921	747	7	81	288	16	10	6	32	32
0	1921	747	7	82	288	16	10	6	32	32
0	1921	747	7	83	288	16	10	6	32	32
0	1921	747	7	84	288	16	10	6	32	32
0	1921	747	7	85	288	16	10	6	32	32
0	1921	747	7	86	288	16	10	6	32	32
0	1939	904	5	68	288	16	5	0	0	0
0	1939	904	5	69	288	16	5	0	0	0
0	1939	904	5	70	288	16	5	0	0	0
0	1939	904	5	71	288	16	5	0	0	0
0	1939	904	5	72	288	16	5	0	0	0
0	1939	904	5	73	288	16	5	0	0	0
0	1939	904	5	74	288	16	5	0	0	0
0	1939	904	5	75	288	16	5	0	0	0
0	1939	904	5	76	288	16	5	0	0	0
0	1939	904	5	77	288	16	5	0	0	0
0	1939	904	5	78	288	16	5	0	0	0
0	1939	904	5	79	288	16	5	0	0	0
0	1939	904	5	80	288	16	5	0	0	0
0	1939	904	5	81	288	16	5	0	0	0
0	1939	904	5	82	288	16	5	0	0	0
0	1939	904	5	83	288	16	5	0	0	0
0	1939	904	5	84	288	16	5	0	0	0
0	1939	904	5	85	288	16	5	0	0	0
0	1939	904	5	86	288	16	5	0	0	0
0	1939	904	5	87	288	16	5	0	0	0
0	1939	904	5	88	288	16	5	0	0	0
0	1939	904	5	89	288	16	5	0	0	0
0	1939	904	5	90	288	16	5	0	0	0
0	1939	904	5	91	288	16	5	0	0	0
0	1939	904	5	92	288	16	5	0	0	0
0	1939	904	5	93	288	16	5	0	0	0
0	1939	904	5	94	288	16	5	0	0	0
0	1939	904	5	95	288	16	5	0	0	0
0	1939	904	5	96	288	16	5	0	0	0
0	1939	904	5	97	288	16	5	0	0	0
0	1939	904	5	98	288	16	5	0	0	0
0	1939	904	5	99	288	16	5	0	0	0
0	1946	724	1	35	288	16	2	0	12	12
0	1946	724	1	36	288	16	2	0	12	12
0	1946	724	1	37	288	16	2	0	12	12
0	1946	724	1	38	288	16	2	0	12	12
0	1946	724	1	39	288	16	2	0	12	12
0	1946	724	1	40	288	16	2	0	12	12
0	1946	724	1	41	288	16	2	0	12	12
0	1946	724	1	42	288	16	2	0	12	12
0	1946	724	1	43	288	16	2	0	12	12
0	1946	724	1	44	288	16	2	0	12	12
0	1946	724	1	45	288	16	2	0	12	12
0	1946	724	1	46	288	16	2	0	12	12
0	1946	724	1	47	288	16	2	0	12	12
0	1946	724	1	48	288	16	2	0	12	12
0	1946	724	1	49	288	16	2	0	12	12
0	1946	724	1	50	288	16	2	0	12	12
0	1946	724	1	51	288	16	2	0	12	12
0	1946	724	1	52	288	16	2	0	12	12
0	1946	724	1	53	288	16	2	0	12	12
0	1946	724	1	54	288	16	2	0	12	12
0	1946	724	1	55	288	16	2	0	12	12
0	1946	724	1	56	288	16	2	0	12	12
0	1946	724	1	57	288	16	2	0	12	12
0	1946	724	1	58	288	16	2	0	12	12
0	1946	724	1	59	288	16	2	0	12	12
0	1946	724	1	60	288	16	2	0	12	12
0	1946	724	1	61	288	16	2	0	12	12
0	1946	724	1	62	288	16	2	0	12	12
0	1946	724	1	63	288	16	2	0	12	12
0	1946	724	1	64	288	16	2	0	12	12
0	1946	724	1	65	288	16	2	0	12	12
0	1946	724	1	66	288	16	2	0	12	12
0	1962	790	1295	28	288	16	1347	1333	26	0
0	1962	790	1295	29	288	16	1347	1333	26	0
0	1962	790	1295	30	288	16	1347	1333	26	0
0	1962	790	1295	31	288	16	1347	1333	26	0
0	1963	902	2	67	288	16	3	0	0	0
0	1963	902	2	68	288	16	3	0	0	0
0	1963	902	2	69	288	16	3	0	0	0
0	1963	902	2	70	288	16	3	0	0	0
0	1963	902	2	71	288	16	3	0	0	0
0	1963	902	2	72	288	16	3	0	0	0
0	1963	902	2	73	288	16	3	0	0	0
0	1963	902	2	74	288	16	3	0	0	0
0	1963	902	2	75	288	16	3	0	0	0
0	1963	902	2	76	288	16	3	0	0	0
0	1963	902	2	77	288	16	3	0	0	0
0	1963	902	2	78	288	16	3	0	0	0
0	1963	902	2	79	288	16	3	0	0	0
0	1963	902	2	80	288	16	3	0	0	0
0	1963	902	2	81	288	16	3	0	0	0
0	1963	902	2	82	288	16	3	0	0	0
0	1963	902	2	83	288	16	3	0	0	0
0	1963	902	2	84	288	16	3	0	0	0
0	1963	902	2	85	288	16	3	0	0	0
0	1963	902	2	86	288	16	3	0	0	0
0	1963	902	2	87	288	16	3	0	0	0
0	1963	902	2	88	288	16	3	0	0	0
0	1963	902	2	89	288	16	3	0	0	0
0	1963	902	2	90	288	16	3	0	0	0
0	1963	902	2	91	288	16	3	0	0	0
0	1963	902	2	92	288	16	3	0	0	0
0	1963	902	2	93	288	16	3	0	0	0
0	1963	902	2	94	288	16	3	0	0	0
0	1963	902	2	95	288	16	3	0	0	0
0	1963	902	2	96	288	16	3	0	0	0
0	1963	902	2	97	288	16	3	0	0	0
0	1963	902	2	98	288	16	3	0	0	0
0	1963	1259	4	155	288	16	6	3	64	64
0	1963	1259	4	156	288	16	6	3	64	64
0	1963	1259	4	157	288	16	6	3	64	64
0	1963	1259	4	158	288	16	6	3	64	64
0	1963	1259	4	159	288	16	6	3	64	64
0	1963	1259	4	160	288	16	6	3	64	64
0	1963	1259	4	161	288	16	6	3	64	64
0	1963	1259	4	162	288	16	6	3	64	64
0	1963	1259	4	163	288	16	6	3	64	64
0	1963	1259	4	164	288	16	6	3	64	64
0	1963	1259	4	165	288	16	6	3	64	64
0	1963	1259	4	166	288	16	6	3	64	64
0	1963	1259	4	167	288	16	6	3	64	64
0	1963	1259	4	168	288	16	6	3	64	64
0	1963	1259	4	169	288	16	6	3	64	64
0	1963	1259	4	170	288	16	6	3	64	64
0	1963	1259	4	171	288	16	6	3	64	64
0	1963	1259	4	172	288	16	6	3	64	64
0	1963	1259	4	173	288	16	6	3	64	64
0	1963	1259	4	174	288	16	6	3	64	64
0	1963	1259	4	175	288	16	6	3	64	64
0	1963	1259	4	176	288	16	6	3	64	64
0	1963	1259	4	177	288	16	6	3	64	64
0	1963	1259	4	178	288	16	6	3	64	64
0	1963	1259	4	179	288	16	6	3	64	64
0	1963	1259	4	180	288	16	6	3	64	64
0	1963	1259	4	181	288	16	6	3	64	64
0	1963	1259	4	182	288	16	6	3	64	64
0	1963	1259	4	183	288	16	6	3	64	64
0	1963	1259	4	184	288	16	6	3	64	64
0	1963	1259	4	185	288	16	6	3	64	64
0	1963	1259	4	186	288	16	6	3	64	64
0	1973	956	4	34	288	16	9	5	4	4
0	1973	956	4	35	288	16	9	5	4	4
0	1973	956	4	36	288	16	9	5	4	4
0	1973	956	4	37	288	16	9	5	4	4
0	1973	956	4	38	288	16	9	5	4	4
0	1973	956	4	39	288	16	9	5	4	4
0	1973	956	4	40	288	16	9	5	4	4
0	1973	956	4	41	288	16	9	5	4	4
0	1973	956	4	42	288	16	9	5	4	4
0	1973	956	4	43	288	16	9	5	4	4
0	1973	956	4	44	288	16	9	5	4	4
0	1973	956	4	45	288	16	9	5	4	4
0	1973	956	4	46	288	16	9	5	4	4
0	1973	956	4	47	288	16	9	5	4	4
0	1973	956	4	48	288	16	9	5	4	4
0	1973	956	4	49	288	16	9	5	4	4
0	1973	956	4	50	288	16	9	5	4	4
0	1973	956	4	51	288	16	9	5	4	4
0	1973	956	4	52	288	16	9	5	4	4
0	1973	956	4	53	288	16	9	5	4	4
0	1973	956	4	54	288	16	9	5	4	4
0	1973	956	4	55	288	16	9	5	4	4
0	1973	956	4	56	288	16	9	5	4	4
0	1973	956	4	57	288	16	9	5	4	4
0	1973	956	4	58	288	16	9	5	4	4
0	1973	956	4	59	288	16	9	5	4	4
0	1973	956	4	60	288	16	9	5	4	4
0	1973	956	4	61	288	16	9	5	4	4
0	1973	956	4	62	288	16	9	5	4	4
0	1973	956	4	63	288	16	9	5	4	4
0	1973	956	4	64	288	16	9	5	4	4
0	1973	956	4	65	288	16	9	5	4	4
0	1981	1193	4	145	288	16	7	3	47	47
0	1981	1193	4	146	288	16	7	3	47	47
0	1981	1193	4	147	288	16	7	3	47	47
0	1981	1193	4	148	288	16	7	3	47	47
0	1990	925	1	36	288	16	18	0	0	0
0	1990	925	1	37	288	16	18	0	0	0
0	1990	925	1	38	288	16	18	0	0	0
0	1990	925	1	39	288	16	18	0	0	0
0	1990	925	1	40	288	16	18	0	0	0
0	1990	925	1	41	288	16	18	0	0	0
0	1990	925	1	42	288	16	18	0	0	0
0	1990	925	1	43	288	16	18	0	0	0
0	1990	925	1	44	288	16	18	0	0	0
0	1990	925	1	45	288	16	18	0	0	0
0	1990	925	1	46	288	16	18	0	0	0
0	1990	925	1	47	288	16	18	0	0	0
0	1990	925	1	48	288	16	18	0	0	0
0	1990	925	1	49	288	16	18	0	0	0
0	1990	925	1	50	288	16	18	0	0	0
0	1990	925	1	51	288	16	18	0	0	0
0	1990	925	1	52	288	16	18	0	0	0
0	1990	925	1	53	288	16	18	0	0	0
0	1990	925	1	54	288	16	18	0	0	0
0	1990	925	1	55	288	16	18	0	0	0
0	1990	925	1	56	288	16	18	0	0	0
0	1990	925	1	57	288	16	18	0	0	0
0	1990	925	1	58	288	16	18	0	0	0
0	1990	925	1	59	288	16	18	0	0	0
0	1990	925	1	60	288	16	18	0	0	0
0	1990	925	1	61	288	16	18	0	0	0
0	1990	925	1	62	288	16	18	0	0	0
0	1990	925	1	63	288	16	18	0	0	0
0	1990	925	1	64	288	16	18	0	0	0
0	1990	925	1	65	288	16	18	0	0	0
0	1990	925	1	66	288	16	18	0	0	0
0	2004	1034	43	58	288	16	47	45	56	0
0	2004	1034	43	59	288	16	47	45	56	0
0	2004	1034	43	60	288	16	47	45	56	0
0	2004	1034	43	61	288	16	47	45	56	0
0	2004	1034	43	62	288	16	47	45	56	0
0	2004	1034	43	63	288	16	47	45	56	0
0	2004	1034	43	64	288	16	47	45	56	0
0	2004	1034	43	65	288	16	47	45	56	0
0	2004	1034	43	66	288	16	47	45	56	0
0	2004	1034	43	67	288	16	47	45	56	0
0	2004	1034	43	68	288	16	47	45	56	0
0	2004	1034	43	69	288	16	47	45	56	0
0	2004	1034	43	70	288	16	47	45	56	0
0	2004	1034	43	71	288	16	47	45	56	0
0	2004	1034	43	72	288	16	47	45	56	0
0	2004	1034	43	73	288	16	47	45	56	0
0	2004	1034	43	74	288	16	47	45	56	0
0	2004	1034	43	75	288	16	47	45	56	0
0	2004	1034	43	76	288	16	47	45	56	0
0	2004	1034	43	77	288	16	47	45	56	0
0	2004	1034	43	78	288	16	47	45	56	0
0	2004	1034	43	79	288	16	47	45	56	0
0	2004	1034	43	80	288	16	47	45	56	0
0	2004	1034	43	81	288	16	47	45	56	0
0	2004	1034	43	82	288	16	47	45	56	0
0	2004	1034	43	83	288	16	47	45	56	0
0	2004	1034	43	84	288	16	47	45	56	0
0	2004	1034	43	85	288	16	47	45	56	0
0	2004	1034	43	86	288	16	47	45	56	0
0	2004	1034	43	87	288	16	47	45	56	0
0	2004	1034	43	88	288	16	47	45	56	0
0	2004	1034	43	89	288	16	47	45	56	0
0	2023	1049	67	35	288	16	76	0	0	0
0	2023	1049	67	36	288	16	76	0	0	0
0	2023	1049	67	37	288	16	76	0	0	0
0	2023	1049	67	38	288	16	76	0	0	0
0	2023	1049	67	39	288	16	76	0	0	0
0	2023	1049	67	40	288	16	76	0	0	0
0	2023	1049	67	41	288	16	76	0	0	0
0	2023	1049	67	42	288	16	76	0	0	0
0	2023	1049	67	43	288	16	76	0	0	0
0	2023	1049	67	44	288	16	76	0	0	0
0	2023	1049	67	45	288	16	76	0	0	0
0	2023	1049	67	46	288	16	76	0	0	0
0	2023	1049	67	47	288	16	76	0	0	0
0	2023	1049	67	48	288	16	76	0	0	0
0	2023	1049	67	49	288	16	76	0	0	0
0	2023	1049	67	50	288	16	76	0	0	0
0	2023	1049	67	51	288	16	76	0	0	0
0	2023	1049	67	52	288	16	76	0	0	0
0	2023	1049	67	53	288	16	76	0	0	0
0	2023	1049	67	54	288	16	76	0	0	0
0	2023	1049	67	55	288	16	76	0	0	0
0	2023	1049	67	56	288	16	76	0	0	0
0	2023	1049	67	57	288	16	76	0	0	0
0	2023	1049	67	58	288	16	76	0	0	0
0	2023	1049	67	59	288	16	76	0	0	0
0	2023	1049	67	60	288	16	76	0	0	0
0	2023	1049	67	61	288	16	76	0	0	0
0	2023	1049	67	62	288	16	76	0	0	0
0	2023	1049	67	63	288	16	76	0	0	0
0	2023	1049	67	64	288	16	76	0	0	0
0	2023	1049	67	65	288	16	76	0	0	0
0	2023	1049	67	66	288	16	76	0	0	0
