level	ix	iy	code	p0	p1	p2	p3	p4	p5	p6	shape	vert	dump_row	rule_id	R_polygon_count	R_cell_local_polygon_count	R_vertex_counts	R_polygon_bboxes_lat_lon	R_bbox_lat_lon	R_meet_branches	R_cell_local_meets	R_shape_signature_id	R_local_signatures	R_template_span_ok	R_proof_path	G_historical_type_count	G_historical_sha256	G_historical_status	G_successor_type_count	G_successor_sha256	G_successor_status	spool_requirement_witness	spool_demander_identity	spool_source_branch	spool_source_cell	spool_source_ncoord	spool_source_bbox_raw	clipped_ring_q	clipped_ring_area2	encoder_emits	mechanism	geographic_band
0	851	637	288	0	0	0	0	0	0	0	-1	-1	2	O01	1	1	[13]	[[-36.75,-36.666666666666664,116.5,116.625]]	[-36.75,-36.666666666666664,116.5,116.625]	c	"[{""bbox_cell"":[848,852,635,640],""branches"":[""c""],""leaf_path"":[1971],""n_coords"":13}]"	T1	[[[1.0,0.0],[0.6640625,0.0],[0.33203125,0.0],[0.0,0.0],[0.0,0.33203125],[0.0,0.6640625],[0.0,1.0],[0.33203125,1.0],[0.6640625,1.0],[1.0,1.0],[1.0,0.6640625],[1.0,0.33203125],[1.0,0.0]]]	true	output/scratch-14/cell_local/proofs/2.json	0	4ed9cd801bdd70992a9b7bd090803ffae349515f87546f044b21157e68e99d72	disc-verified:resolved	0	2ee3456a9aeb8607b88be4edd989a2034dd7fdd6f7846369d9dbc4c8ff20e6ae	disc-verified:resolved	output/scratch-14/witnesses/0002_requirement.json	"{""background_ordinal"":0,""bbox_global_raw"":[3486515.1999999993,3486515.1999999993,2278362.1988351992,2614886.399999999],""branch"":""b"",""length"":216,""n_coords"":4,""offset"":966291424,""source_cell"":[0,851,617],""source_cell_sha256"":""0ecb58d9f16ded7b97c70c0c2aacf3d07303a223d010e57121ba1119a8a4b3eb"",""spool_data"":""output/extract_timing/spool/level_0.data"",""trigger"":{""cell_raw"":[819.1999999992549,1363.9024640000425],""global_raw"":[3486515.1999999993,2610515.902464],""lat_lon"":[-36.7222295,116.6],""vertex"":1}}"	b	[0,851,617]	4	[3486515.2,3486515.2,2278362.199,2614886.4]	3	0	False	encoder_drops_clipped_source_sliver	south_offshore
0	867	638	288	0	0	0	0	0	0	0	-1	-1	3	O01	1	1	[13]	[[-36.75,-36.666666666666664,117.0,117.125]]	[-36.75,-36.666666666666664,117.0,117.125]	c	"[{""bbox_cell"":[864,868,635,640],""branches"":[""c""],""leaf_path"":[1987],""n_coords"":13}]"	T1	[[[1.0,0.0],[0.6640625,0.0],[0.33203125,0.0],[0.0,0.0],[0.0,0.33203125],[0.0,0.6640625],[0.0,1.0],[0.33203125,1.0],[0.6640625,1.0],[1.0,1.0],[1.0,0.6640625],[1.0,0.33203125],[1.0,0.0]]]	true	output/scratch-14/cell_local/proofs/3.json	0	4ed9cd801bdd70992a9b7bd090803ffae349515f87546f044b21157e68e99d72	disc-verified:resolved	0	2ee3456a9aeb8607b88be4edd989a2034dd7fdd6f7846369d9dbc4c8ff20e6ae	disc-verified:resolved	output/scratch-14/witnesses/0003_requirement.json	"{""background_ordinal"":0,""bbox_global_raw"":[3552051.1999999993,3552051.1999999993,2266525.4731775993,2614886.399999999],""branch"":""b"",""length"":216,""n_coords"":4,""offset"":966291640,""source_cell"":[0,867,617],""source_cell_sha256"":""9335554217ad442e6110bf97944492b6e4ffeb33d27e356d8fd5649786a0de87"",""spool_data"":""output/extract_timing/spool/level_0.data"",""trigger"":{""cell_raw"":[819.1999999992549,1638.3999999989755],""global_raw"":[3552051.1999999993,2614886.399999999],""lat_lon"":[-36.7,117.1],""vertex"":0}}"	b	[0,867,617]	4	[3552051.2,3552051.2,2266525.473,2614886.4]	2	0	False	encoder_drops_clipped_source_sliver	south_offshore
0	869	638	288	0	0	0	0	0	0	0	-1	-1	4	O01	1	1	[13]	[[-36.75,-36.666666666666664,117.125,117.25]]	[-36.75,-36.666666666666664,117.125,117.25]	c	"[{""bbox_cell"":[868,872,635,640],""branches"":[""c""],""leaf_path"":[1989],""n_coords"":13}]"	T1	[[[1.0,0.0],[0.6640625,0.0],[0.33203125,0.0],[0.0,0.0],[0.0,0.33203125],[0.0,0.6640625],[0.0,1.0],[0.33203125,1.0],[0.6640625,1.0],[1.0,1.0],[1.0,0.6640625],[1.0,0.33203125],[1.0,0.0]]]	true	output/scratch-14/cell_local/proofs/4.json	0	4ed9cd801bdd70992a9b7bd090803ffae349515f87546f044b21157e68e99d72	disc-verified:resolved	0	2ee3456a9aeb8607b88be4edd989a2034dd7fdd6f7846369d9dbc4c8ff20e6ae	disc-verified:resolved	output/scratch-14/witnesses/0004_requirement.json	"{""background_ordinal"":0,""bbox_global_raw"":[3552051.1999999993,4015172.2622976005,2614886.399999999,2614886.399999999],""branch"":""b"",""length"":1688,""n_coords"":96,""offset"":1077826848,""source_cell"":[0,923,638],""source_cell_sha256"":""00f9a287813a6b0e751fec33e7a71d7138e70a5ff420a317a86ae1430a9db2e0"",""spool_data"":""output/extract_timing/spool/level_0.data"",""trigger"":{""cell_raw"":[1420.466585598886,1638.3999999989755],""global_raw"":[3560844.466585599,2614886.399999999],""lat_lon"":[-36.7,117.1670873],""vertex"":2}}"	b	[0,923,638]	96	[3552051.2,4015172.262,2614886.4,2614886.4]	3	0	False	encoder_drops_clipped_source_sliver	south_offshore
0	870	638	288	0	0	0	0	0	0	0	-1	-1	5	O01	1	1	[13]	[[-36.75,-36.666666666666664,117.125,117.25]]	[-36.75,-36.666666666666664,117.125,117.25]	c	"[{""bbox_cell"":[868,872,635,640],""branches"":[""c""],""leaf_path"":[1990],""n_coords"":13}]"	T1	[[[1.0,0.0],[0.6640625,0.0],[0.33203125,0.0],[0.0,0.0],[0.0,0.33203125],[0.0,0.6640625],[0.0,1.0],[0.33203125,1.0],[0.6640625,1.0],[1.0,1.0],[1.0,0.6640625],[1.0,0.33203125],[1.0,0.0]]]	true	output/scratch-14/cell_local/proofs/5.json	0	4ed9cd801bdd70992a9b7bd090803ffae349515f87546f044b21157e68e99d72	disc-verified:resolved	0	2ee3456a9aeb8607b88be4edd989a2034dd7fdd6f7846369d9dbc4c8ff20e6ae	disc-verified:resolved	output/scratch-14/witnesses/0005_requirement.json	"{""background_ordinal"":0,""bbox_global_raw"":[3552051.1999999993,4015172.2622976005,2614886.399999999,2614886.399999999],""branch"":""b"",""length"":1688,""n_coords"":96,""offset"":1077826848,""source_cell"":[0,923,638],""source_cell_sha256"":""00f9a287813a6b0e751fec33e7a71d7138e70a5ff420a317a86ae1430a9db2e0"",""spool_data"":""output/extract_timing/spool/level_0.data"",""trigger"":{""cell_raw"":[255.61661440134048,1638.3999999989755],""global_raw"":[3563775.6166144013,2614886.399999999],""lat_lon"":[-36.7,117.1894502],""vertex"":3}}"	b	[0,923,638]	96	[3552051.2,4015172.262,2614886.4,2614886.4]	3	0	False	encoder_drops_clipped_source_sliver	south_offshore
0	871	638	288	0	0	0	0	0	0	0	-1	-1	6	O01	1	1	[13]	[[-36.75,-36.666666666666664,117.125,117.25]]	[-36.75,-36.666666666666664,117.125,117.25]	c	"[{""bbox_cell"":[868,872,635,640],""branches"":[""c""],""leaf_path"":[1991],""n_coords"":13}]"	T1	[[[1.0,0.0],[0.6640625,0.0],[0.33203125,0.0],[0.0,0.0],[0.0,0.33203125],[0.0,0.6640625],[0.0,1.0],[0.33203125,1.0],[0.6640625,1.0],[1.0,1.0],[1.0,0.6640625],[1.0,0.33203125],[1.0,0.0]]]	true	output/scratch-14/cell_local/proofs/6.json	0	4ed9cd801bdd70992a9b7bd090803ffae349515f87546f044b21157e68e99d72	disc-verified:resolved	0	2ee3456a9aeb8607b88be4edd989a2034dd7fdd6f7846369d9dbc4c8ff20e6ae	disc-verified:resolved	output/scratch-14/witnesses/0006_requirement.json	"{""background_ordinal"":0,""bbox_global_raw"":[3552051.1999999993,4015172.2622976005,2614886.399999999,2614886.399999999],""branch"":""b"",""length"":1688,""n_coords"":96,""offset"":1077826848,""source_cell"":[0,923,638],""source_cell_sha256"":""00f9a287813a6b0e751fec33e7a71d7138e70a5ff420a317a86ae1430a9db2e0"",""spool_data"":""output/extract_timing/spool/level_0.data"",""trigger"":{""cell_raw"":[2021.9166719987988,1638.3999999989755],""global_raw"":[3569637.916671999,2614886.399999999],""lat_lon"":[-36.7,117.234176],""vertex"":4}}"	b	[0,923,638]	96	[3552051.2,4015172.262,2614886.4,2614886.4]	3	0	False	encoder_drops_clipped_source_sliver	south_offshore
0	872	638	288	0	0	0	0	0	0	0	-1	-1	7	O01	1	1	[13]	[[-36.75,-36.666666666666664,117.25,117.375]]	[-36.75,-36.666666666666664,117.25,117.375]	c	"[{""bbox_cell"":[872,876,635,640],""branches"":[""c""],""leaf_path"":[1992],""n_coords"":13}]"	T1	[[[1.0,0.0],[0.6640625,0.0],[0.33203125,0.0],[0.0,0.0],[0.0,0.33203125],[0.0,0.6640625],[0.0,1.0],[0.33203125,1.0],[0.6640625,1.0],[1.0,1.0],[1.0,0.6640625],[1.0,0.33203125],[1.0,0.0]]]	true	output/scratch-14/cell_local/proofs/7.json	0	4ed9cd801bdd70992a9b7bd090803ffae349515f87546f044b21157e68e99d72	disc-verified:resolved	0	2ee3456a9aeb8607b88be4edd989a2034dd7fdd6f7846369d9dbc4c8ff20e6ae	disc-verified:resolved	output/scratch-14/witnesses/0007_requirement.json	"{""background_ordinal"":0,""bbox_global_raw"":[3552051.1999999993,4015172.2622976005,2614886.399999999,2614886.399999999],""branch"":""b"",""length"":1688,""n_coords"":96,""offset"":1077826848,""source_cell"":[0,923,638],""source_cell_sha256"":""00f9a287813a6b0e751fec33e7a71d7138e70a5ff420a317a86ae1430a9db2e0"",""spool_data"":""output/extract_timing/spool/level_0.data"",""trigger"":{""cell_raw"":[857.0667008012533,1638.3999999989755],""global_raw"":[3572569.0667008013,2614886.399999999],""lat_lon"":[-36.7,117.2565389],""vertex"":5}}"	b	[0,923,638]	96	[3552051.2,4015172.262,2614886.4,2614886.4]	3	0	False	encoder_drops_clipped_source_sliver	south_offshore
0	873	638	288	0	0	0	0	0	0	0	-1	-1	8	O01	1	1	[13]	[[-36.75,-36.666666666666664,117.25,117.375]]	[-36.75,-36.666666666666664,117.25,117.375]	c	"[{""bbox_cell"":[872,876,635,640],""branches"":[""c""],""leaf_path"":[1993],""n_coords"":13}]"	T1	[[[1.0,0.0],[0.6640625,0.0],[0.33203125,0.0],[0.0,0.0],[0.0,0.33203125],[0.0,0.6640625],[0.0,1.0],[0.33203125,1.0],[0.6640625,1.0],[1.0,1.0],[1.0,0.6640625],[1.0,0.33203125],[1.0,0.0]]]	true	output/scratch-14/cell_local/proofs/8.json	0	4ed9cd801bdd70992a9b7bd090803ffae349515f87546f044b21157e68e99d72	disc-verified:resolved	0	2ee3456a9aeb8607b88be4edd989a2034dd7fdd6f7846369d9dbc4c8ff20e6ae	disc-verified:resolved	output/scratch-14/witnesses/0008_requirement.json	"{""background_ordinal"":0,""bbox_global_raw"":[3552051.1999999993,4015172.2622976005,2614886.399999999,2614886.399999999],""branch"":""b"",""length"":1688,""n_coords"":96,""offset"":1077826848,""source_cell"":[0,923,638],""source_cell_sha256"":""00f9a287813a6b0e751fec33e7a71d7138e70a5ff420a317a86ae1430a9db2e0"",""spool_data"":""output/extract_timing/spool/level_0.data"",""trigger"":{""cell_raw"":[2623.3667583987117,1638.3999999989755],""global_raw"":[3578431.3667583987,2614886.399999999],""lat_lon"":[-36.7,117.3012647],""vertex"":6}}"	b	[0,923,638]	96	[3552051.2,4015172.262,2614886.4,2614886.4]	3	0	False	encoder_drops_clipped_source_sliver	south_offshore
0	875	638	288	0	0	0	0	0	0	0	-1	-1	9	O01	1	1	[13]	[[-36.75,-36.666666666666664,117.25,117.375]]	[-36.75,-36.666666666666664,117.25,117.375]	c	"[{""bbox_cell"":[872,876,635,640],""branches"":[""c""],""leaf_path"":[1995],""n_coords"":13}]"	T1	[[[1.0,0.0],[0.6640625,0.0],[0.33203125,0.0],[0.0,0.0],[0.0,0.33203125],[0.0,0.6640625],[0.0,1.0],[0.33203125,1.0],[0.6640625,1.0],[1.0,1.0],[1.0,0.6640625],[1.0,0.33203125],[1.0,0.0]]]	true	output/scratch-14/cell_local/proofs/9.json	0	4ed9cd801bdd70992a9b7bd090803ffae349515f87546f044b21157e68e99d72	disc-verified:resolved	0	2ee3456a9aeb8607b88be4edd989a2034dd7fdd6f7846369d9dbc4c8ff20e6ae	disc-verified:resolved	output/scratch-14/witnesses/0009_requirement.json	"{""background_ordinal"":0,""bbox_global_raw"":[3552051.1999999993,4015172.2622976005,2614886.399999999,2614886.399999999],""branch"":""b"",""length"":1688,""n_coords"":96,""offset"":1077826848,""source_cell"":[0,923,638],""source_cell_sha256"":""00f9a287813a6b0e751fec33e7a71d7138e70a5ff420a317a86ae1430a9db2e0"",""spool_data"":""output/extract_timing/spool/level_0.data"",""trigger"":{""cell_raw"":[293.66681599989533,1638.3999999989755],""global_raw"":[3584293.666816,2614886.399999999],""lat_lon"":[-36.7,117.3459905],""vertex"":7}}"	b	[0,923,638]	96	[3552051.2,4015172.262,2614886.4,2614886.4]	3	0	False	encoder_drops_clipped_source_sliver	south_offshore
0	876	638	288	0	0	0	0	0	0	0	-1	-1	10	O01	1	1	[13]	[[-36.75,-36.666666666666664,117.375,117.5]]	[-36.75,-36.666666666666664,117.375,117.5]	c	"[{""bbox_cell"":[876,880,635,640],""branches"":[""c""],""leaf_path"":[1996],""n_coords"":13}]"	T1	[[[1.0,0.0],[0.6640625,0.0],[0.33203125,0.0],[0.0,0.0],[0.0,0.33203125],[0.0,0.6640625],[0.0,1.0],[0.33203125,1.0],[0.6640625,1.0],[1.0,1.0],[1.0,0.6640625],[1.0,0.33203125],[1.0,0.0]]]	true	output/scratch-14/cell_local/proofs/10.json	0	4ed9cd801bdd70992a9b7bd090803ffae349515f87546f044b21157e68e99d72	disc-verified:resolved	0	2ee3456a9aeb8607b88be4edd989a2034dd7fdd6f7846369d9dbc4c8ff20e6ae	disc-verified:resolved	output/scratch-14/witnesses/0010_requirement.json	"{""background_ordinal"":0,""bbox_global_raw"":[3552051.1999999993,4015172.2622976005,2614886.399999999,2614886.399999999],""branch"":""b"",""length"":1688,""n_coords"":96,""offset"":1077826848,""source_cell"":[0,923,638],""source_cell_sha256"":""00f9a287813a6b0e751fec33e7a71d7138e70a5ff420a317a86ae1430a9db2e0"",""spool_data"":""output/extract_timing/spool/level_0.data"",""trigger"":{""cell_raw"":[2059.953766398132,1638.3999999989755],""global_raw"":[3590155.953766398,2614886.399999999],""lat_lon"":[-36.7,117.3907162],""vertex"":8}}"	b	[0,923,638]	96	[3552051.2,4015172.262,2614886.4,2614886.4]	3	0	False	encoder_drops_clipped_source_sliver	south_offshore
0	877	638	288	0	0	0	0	0	0	0	-1	-1	11	O01	1	1	[13]	[[-36.75,-36.666666666666664,117.375,117.5]]	[-36.75,-36.666666666666664,117.375,117.5]	c	"[{""bbox_cell"":[876,880,635,640],""branches"":[""c""],""leaf_path"":[1997],""n_coords"":13}]"	T1	[[[1.0,0.0],[0.6640625,0.0],[0.33203125,0.0],[0.0,0.0],[0.0,0.33203125],[0.0,0.6640625],[0.0,1.0],[0.33203125,1.0],[0.6640625,1.0],[1.0,1.0],[1.0,0.6640625],[1.0,0.33203125],[1.0,0.0]]]	true	output/scratch-14/cell_local/proofs/11.json	0	4ed9cd801bdd70992a9b7bd090803ffae349515f87546f044b21157e68e99d72	disc-verified:resolved	0	2ee3456a9aeb8607b88be4edd989a2034dd7fdd6f7846369d9dbc4c8ff20e6ae	disc-verified:resolved	output/scratch-14/witnesses/0011_requirement.json	"{""background_ordinal"":0,""bbox_global_raw"":[3552051.1999999993,4015172.2622976005,2614886.399999999,2614886.399999999],""branch"":""b"",""length"":1688,""n_coords"":96,""offset"":1077826848,""source_cell"":[0,923,638],""source_cell_sha256"":""00f9a287813a6b0e751fec33e7a71d7138e70a5ff420a317a86ae1430a9db2e0"",""spool_data"":""output/extract_timing/spool/level_0.data"",""trigger"":{""cell_raw"":[3826.2538239993155,1638.3999999989755],""global_raw"":[3596018.2538239993,2614886.399999999],""lat_lon"":[-36.7,117.435442],""vertex"":9}}"	b	[0,923,638]	96	[3552051.2,4015172.262,2614886.4,2614886.4]	3	0	False	encoder_drops_clipped_source_sliver	south_offshore
0	878	638	288	0	0	0	0	0	0	0	-1	-1	12	O01	1	1	[13]	[[-36.75,-36.666666666666664,117.375,117.5]]	[-36.75,-36.666666666666664,117.375,117.5]	c	"[{""bbox_cell"":[876,880,635,640],""branches"":[""c""],""leaf_path"":[1998],""n_coords"":13}]"	T1	[[[1.0,0.0],[0.6640625,0.0],[0.33203125,0.0],[0.0,0.0],[0.0,0.33203125],[0.0,0.6640625],[0.0,1.0],[0.33203125,1.0],[0.6640625,1.0],[1.0,1.0],[1.0,0.6640625],[1.0,0.33203125],[1.0,0.0]]]	true	output/scratch-14/cell_local/proofs/12.json	0	4ed9cd801bdd70992a9b7bd090803ffae349515f87546f044b21157e68e99d72	disc-verified:resolved	0	2ee3456a9aeb8607b88be4edd989a2034dd7fdd6f7846369d9dbc4c8ff20e6ae	disc-verified:resolved	output/scratch-14/witnesses/0012_requirement.json	"{""background_ordinal"":0,""bbox_global_raw"":[3552051.1999999993,4015172.2622976005,2614886.399999999,2614886.399999999],""branch"":""b"",""length"":1688,""n_coords"":96,""offset"":1077826848,""source_cell"":[0,923,638],""source_cell_sha256"":""00f9a287813a6b0e751fec33e7a71d7138e70a5ff420a317a86ae1430a9db2e0"",""spool_data"":""output/extract_timing/spool/level_0.data"",""trigger"":{""cell_raw"":[2661.4038527980447,1638.3999999989755],""global_raw"":[3598949.403852798,2614886.399999999],""lat_lon"":[-36.7,117.4578049],""vertex"":10}}"	b	[0,923,638]	96	[3552051.2,4015172.262,2614886.4,2614886.4]	3	0	False	encoder_drops_clipped_source_sliver	south_offshore
0	880	638	288	0	0	0	0	0	0	0	-1	-1	13	O01	1	1	[13]	[[-36.75,-36.666666666666664,117.5,117.625]]	[-36.75,-36.666666666666664,117.5,117.625]	c	"[{""bbox_cell"":[880,884,635,640],""branches"":[""c""],""leaf_path"":[2000],""n_coords"":13}]"	T1	[[[1.0,0.0],[0.6640625,0.0],[0.33203125,0.0],[0.0,0.0],[0.0,0.33203125],[0.0,0.6640625],[0.0,1.0],[0.33203125,1.0],[0.6640625,1.0],[1.0,1.0],[1.0,0.6640625],[1.0,0.33203125],[1.0,0.0]]]	true	output/scratch-14/cell_local/proofs/13.json	0	4ed9cd801bdd70992a9b7bd090803ffae349515f87546f044b21157e68e99d72	disc-verified:resolved	0	2ee3456a9aeb8607b88be4edd989a2034dd7fdd6f7846369d9dbc4c8ff20e6ae	disc-verified:resolved	output/scratch-14/witnesses/0013_requirement.json	"{""background_ordinal"":0,""bbox_global_raw"":[3552051.1999999993,4015172.2622976005,2614886.399999999,2614886.399999999],""branch"":""b"",""length"":1688,""n_coords"":96,""offset"":1077826848,""source_cell"":[0,923,638],""source_cell_sha256"":""00f9a287813a6b0e751fec33e7a71d7138e70a5ff420a317a86ae1430a9db2e0"",""spool_data"":""output/extract_timing/spool/level_0.data"",""trigger"":{""cell_raw"":[331.70391039922833,1638.3999999989755],""global_raw"":[3604811.703910399,2614886.399999999],""lat_lon"":[-36.7,117.5025307],""vertex"":11}}"	b	[0,923,638]	96	[3552051.2,4015172.262,2614886.4,2614886.4]	3	0	False	encoder_drops_clipped_source_sliver	south_offshore
0	881	638	288	0	0	0	0	0	0	0	-1	-1	14	O01	1	1	[13]	[[-36.75,-36.666666666666664,117.5,117.625]]	[-36.75,-36.666666666666664,117.5,117.625]	c	"[{""bbox_cell"":[880,884,635,640],""branches"":[""c""],""leaf_path"":[2001],""n_coords"":13}]"	T1	[[[1.0,0.0],[0.6640625,0.0],[0.33203125,0.0],[0.0,0.0],[0.0,0.33203125],[0.0,0.6640625],[0.0,1.0],[0.33203125,1.0],[0.6640625,1.0],[1.0,1.0],[1.0,0.6640625],[1.0,0.33203125],[1.0,0.0]]]	true	output/scratch-14/cell_local/proofs/14.json	0	4ed9cd801bdd70992a9b7bd090803ffae349515f87546f044b21157e68e99d72	disc-verified:resolved	0	2ee3456a9aeb8607b88be4edd989a2034dd7fdd6f7846369d9dbc4c8ff20e6ae	disc-verified:resolved	output/scratch-14/witnesses/0014_requirement.json	"{""background_ordinal"":0,""bbox_global_raw"":[3552051.1999999993,4015172.2622976005,2614886.399999999,2614886.399999999],""branch"":""b"",""length"":1688,""n_coords"":96,""offset"":1077826848,""source_cell"":[0,923,638],""source_cell_sha256"":""00f9a287813a6b0e751fec33e7a71d7138e70a5ff420a317a86ae1430a9db2e0"",""spool_data"":""output/extract_timing/spool/level_0.data"",""trigger"":{""cell_raw"":[2098.003968000412,1638.3999999989755],""global_raw"":[3610674.0039680004,2614886.399999999],""lat_lon"":[-36.7,117.5472565],""vertex"":12}}"	b	[0,923,638]	96	[3552051.2,4015172.262,2614886.4,2614886.4]	3	0	False	encoder_drops_clipped_source_sliver	south_offshore
0	882	638	288	0	0	0	0	0	0	0	-1	-1	15	O01	1	1	[13]	[[-36.75,-36.666666666666664,117.5,117.625]]	[-36.75,-36.666666666666664,117.5,117.625]	c	"[{""bbox_cell"":[880,884,635,640],""branches"":[""c""],""leaf_path"":[2002],""n_coords"":13}]"	T1	[[[1.0,0.0],[0.6640625,0.0],[0.33203125,0.0],[0.0,0.0],[0.0,0.33203125],[0.0,0.6640625],[0.0,1.0],[0.33203125,1.0],[0.6640625,1.0],[1.0,1.0],[1.0,0.6640625],[1.0,0.33203125],[1.0,0.0]]]	true	output/scratch-14/cell_local/proofs/15.json	0	4ed9cd801bdd70992a9b7bd090803ffae349515f87546f044b21157e68e99d72	disc-verified:resolved	0	2ee3456a9aeb8607b88be4edd989a2034dd7fdd6f7846369d9dbc4c8ff20e6ae	disc-verified:resolved	output/scratch-14/witnesses/0015_requirement.json	"{""background_ordinal"":0,""bbox_global_raw"":[3552051.1999999993,4015172.2622976005,2614886.399999999,2614886.399999999],""branch"":""b"",""length"":1688,""n_coords"":96,""offset"":1077826848,""source_cell"":[0,923,638],""source_cell_sha256"":""00f9a287813a6b0e751fec33e7a71d7138e70a5ff420a317a86ae1430a9db2e0"",""spool_data"":""output/extract_timing/spool/level_0.data"",""trigger"":{""cell_raw"":[933.1539967991412,1638.3999999989755],""global_raw"":[3613605.153996799,2614886.399999999],""lat_lon"":[-36.7,117.5696194],""vertex"":13}}"	b	[0,923,638]	96	[3552051.2,4015172.262,2614886.4,2614886.4]	3	0	False	encoder_drops_clipped_source_sliver	south_offshore
0	883	638	288	0	0	0	0	0	0	0	-1	-1	16	O01	1	1	[13]	[[-36.75,-36.666666666666664,117.5,117.625]]	[-36.75,-36.666666666666664,117.5,117.625]	c	"[{""bbox_cell"":[880,884,635,640],""branches"":[""c""],""leaf_path"":[2003],""n_coords"":13}]"	T1	[[[1.0,0.0],[0.6640625,0.0],[0.33203125,0.0],[0.0,0.0],[0.0,0.33203125],[0.0,0.6640625],[0.0,1.0],[0.33203125,1.0],[0.6640625,1.0],[1.0,1.0],[1.0,0.6640625],[1.0,0.33203125],[1.0,0.0]]]	true	output/scratch-14/cell_local/proofs/16.json	0	4ed9cd801bdd70992a9b7bd090803ffae349515f87546f044b21157e68e99d72	disc-verified:resolved	0	2ee3456a9aeb8607b88be4edd989a2034dd7fdd6f7846369d9dbc4c8ff20e6ae	disc-verified:resolved	output/scratch-14/witnesses/0016_requirement.json	"{""background_ordinal"":0,""bbox_global_raw"":[3552051.1999999993,4015172.2622976005,2614886.399999999,2614886.399999999],""branch"":""b"",""length"":1688,""n_coords"":96,""offset"":1077826848,""source_cell"":[0,923,638],""source_cell_sha256"":""00f9a287813a6b0e751fec33e7a71d7138e70a5ff420a317a86ae1430a9db2e0"",""spool_data"":""output/extract_timing/spool/level_0.data"",""trigger"":{""cell_raw"":[2699.4409471973777,1638.3999999989755],""global_raw"":[3619467.4409471974,2614886.399999999],""lat_lon"":[-36.7,117.6143451],""vertex"":14}}"	b	[0,923,638]	96	[3552051.2,4015172.262,2614886.4,2614886.4]	3	0	False	encoder_drops_clipped_source_sliver	south_offshore
0	885	638	288	0	0	0	0	0	0	0	-1	-1	17	O01	1	1	[13]	[[-36.75,-36.666666666666664,117.625,117.75]]	[-36.75,-36.666666666666664,117.625,117.75]	c	"[{""bbox_cell"":[884,888,635,640],""branches"":[""c""],""leaf_path"":[2005],""n_coords"":13}]"	T1	[[[1.0,0.0],[0.6640625,0.0],[0.33203125,0.0],[0.0,0.0],[0.0,0.33203125],[0.0,0.6640625],[0.0,1.0],[0.33203125,1.0],[0.6640625,1.0],[1.0,1.0],[1.0,0.6640625],[1.0,0.33203125],[1.0,0.0]]]	true	output/scratch-14/cell_local/proofs/17.json	0	4ed9cd801bdd70992a9b7bd090803ffae349515f87546f044b21157e68e99d72	disc-verified:resolved	0	2ee3456a9aeb8607b88be4edd989a2034dd7fdd6f7846369d9dbc4c8ff20e6ae	disc-verified:resolved	output/scratch-14/witnesses/0017_requirement.json	"{""background_ordinal"":0,""bbox_global_raw"":[3552051.1999999993,4015172.2622976005,2614886.399999999,2614886.399999999],""branch"":""b"",""length"":1688,""n_coords"":96,""offset"":1077826848,""source_cell"":[0,923,638],""source_cell_sha256"":""00f9a287813a6b0e751fec33e7a71d7138e70a5ff420a317a86ae1430a9db2e0"",""spool_data"":""output/extract_timing/spool/level_0.data"",""trigger"":{""cell_raw"":[369.7410048022866,1638.3999999989755],""global_raw"":[3625329.7410048023,2614886.399999999],""lat_lon"":[-36.7,117.6590709],""vertex"":15}}"	b	[0,923,638]	96	[3552051.2,4015172.262,2614886.4,2614886.4]	3	0	False	encoder_drops_clipped_source_sliver	south_offshore
0	886	638	288	0	0	0	0	0	0	0	-1	-1	18	O01	1	1	[13]	[[-36.75,-36.666666666666664,117.625,117.75]]	[-36.75,-36.666666666666664,117.625,117.75]	c	"[{""bbox_cell"":[884,888,635,640],""branches"":[""c""],""leaf_path"":[2006],""n_coords"":13}]"	T1	[[[1.0,0.0],[0.6640625,0.0],[0.33203125,0.0],[0.0,0.0],[0.0,0.33203125],[0.0,0.6640625],[0.0,1.0],[0.33203125,1.0],[0.6640625,1.0],[1.0,1.0],[1.0,0.6640625],[1.0,0.33203125],[1.0,0.0]]]	true	output/scratch-14/cell_local/proofs/18.json	0	4ed9cd801bdd70992a9b7bd090803ffae349515f87546f044b21157e68e99d72	disc-verified:resolved	0	2ee3456a9aeb8607b88be4edd989a2034dd7fdd6f7846369d9dbc4c8ff20e6ae	disc-verified:resolved	output/scratch-14/witnesses/0018_requirement.json	"{""background_ordinal"":0,""bbox_global_raw"":[3552051.1999999993,4015172.2622976005,2614886.399999999,2614886.399999999],""branch"":""b"",""length"":1688,""n_coords"":96,""offset"":1077826848,""source_cell"":[0,923,638],""source_cell_sha256"":""00f9a287813a6b0e751fec33e7a71d7138e70a5ff420a317a86ae1430a9db2e0"",""spool_data"":""output/extract_timing/spool/level_0.data"",""trigger"":{""cell_raw"":[2136.041062399745,1638.3999999989755],""global_raw"":[3631192.0410623997,2614886.399999999],""lat_lon"":[-36.7,117.7037967],""vertex"":16}}"	b	[0,923,638]	96	[3552051.2,4015172.262,2614886.4,2614886.4]	3	0	False	encoder_drops_clipped_source_sliver	south_offshore
0	887	638	288	0	0	0	0	0	0	0	-1	-1	19	O01	1	1	[13]	[[-36.75,-36.666666666666664,117.625,117.75]]	[-36.75,-36.666666666666664,117.625,117.75]	c	"[{""bbox_cell"":[884,888,635,640],""branches"":[""c""],""leaf_path"":[2007],""n_coords"":13}]"	T1	[[[1.0,0.0],[0.6640625,0.0],[0.33203125,0.0],[0.0,0.0],[0.0,0.33203125],[0.0,0.6640625],[0.0,1.0],[0.33203125,1.0],[0.6640625,1.0],[1.0,1.0],[1.0,0.6640625],[1.0,0.33203125],[1.0,0.0]]]	true	output/scratch-14/cell_local/proofs/19.json	0	4ed9cd801bdd70992a9b7bd090803ffae349515f87546f044b21157e68e99d72	disc-verified:resolved	0	2ee3456a9aeb8607b88be4edd989a2034dd7fdd6f7846369d9dbc4c8ff20e6ae	disc-verified:resolved	output/scratch-14/witnesses/0019_requirement.json	"{""background_ordinal"":0,""bbox_global_raw"":[3552051.1999999993,4015172.2622976005,2614886.399999999,2614886.399999999],""branch"":""b"",""length"":1688,""n_coords"":96,""offset"":1077826848,""source_cell"":[0,923,638],""source_cell_sha256"":""00f9a287813a6b0e751fec33e7a71d7138e70a5ff420a317a86ae1430a9db2e0"",""spool_data"":""output/extract_timing/spool/level_0.data"",""trigger"":{""cell_raw"":[3902.3411200009286,1638.3999999989755],""global_raw"":[3637054.341120001,2614886.399999999],""lat_lon"":[-36.7,117.7485225],""vertex"":17}}"	b	[0,923,638]	96	[3552051.2,4015172.262,2614886.4,2614886.4]	3	0	False	encoder_drops_clipped_source_sliver	south_offshore
0	888	638	288	0	0	0	0	0	0	0	-1	-1	20	O01	1	1	[13]	[[-36.75,-36.666666666666664,117.75,117.875]]	[-36.75,-36.666666666666664,117.75,117.875]	c	"[{""bbox_cell"":[888,892,635,640],""branches"":[""c""],""leaf_path"":[2008],""n_coords"":13}]"	T1	[[[1.0,0.0],[0.6640625,0.0],[0.33203125,0.0],[0.0,0.0],[0.0,0.33203125],[0.0,0.6640625],[0.0,1.0],[0.33203125,1.0],[0.6640625,1.0],[1.0,1.0],[1.0,0.6640625],[1.0,0.33203125],[1.0,0.0]]]	true	output/scratch-14/cell_local/proofs/20.json	0	4ed9cd801bdd70992a9b7bd090803ffae349515f87546f044b21157e68e99d72	disc-verified:resolved	0	2ee3456a9aeb8607b88be4edd989a2034dd7fdd6f7846369d9dbc4c8ff20e6ae	disc-verified:resolved	output/scratch-14/witnesses/0020_requirement.json	"{""background_ordinal"":0,""bbox_global_raw"":[3552051.1999999993,4015172.2622976005,2614886.399999999,2614886.399999999],""branch"":""b"",""length"":1688,""n_coords"":96,""offset"":1077826848,""source_cell"":[0,923,638],""source_cell_sha256"":""00f9a287813a6b0e751fec33e7a71d7138e70a5ff420a317a86ae1430a9db2e0"",""spool_data"":""output/extract_timing/spool/level_0.data"",""trigger"":{""cell_raw"":[2737.491148799658,1638.3999999989755],""global_raw"":[3639985.4911487997,2614886.399999999],""lat_lon"":[-36.7,117.7708854],""vertex"":18}}"	b	[0,923,638]	96	[3552051.2,4015172.262,2614886.4,2614886.4]	3	0	False	encoder_drops_clipped_source_sliver	south_offshore
0	890	638	288	0	0	0	0	0	0	0	-1	-1	21	O01	1	1	[13]	[[-36.75,-36.666666666666664,117.75,117.875]]	[-36.75,-36.666666666666664,117.75,117.875]	c	"[{""bbox_cell"":[888,892,635,640],""branches"":[""c""],""leaf_path"":[2010],""n_coords"":13}]"	T1	[[[1.0,0.0],[0.6640625,0.0],[0.33203125,0.0],[0.0,0.0],[0.0,0.33203125],[0.0,0.6640625],[0.0,1.0],[0.33203125,1.0],[0.6640625,1.0],[1.0,1.0],[1.0,0.6640625],[1.0,0.33203125],[1.0,0.0]]]	true	output/scratch-14/cell_local/proofs/21.json	0	4ed9cd801bdd70992a9b7bd090803ffae349515f87546f044b21157e68e99d72	disc-verified:resolved	0	2ee3456a9aeb8607b88be4edd989a2034dd7fdd6f7846369d9dbc4c8ff20e6ae	disc-verified:resolved	output/scratch-14/witnesses/0021_requirement.json	"{""background_ordinal"":0,""bbox_global_raw"":[3552051.1999999993,4015172.2622976005,2614886.399999999,2614886.399999999],""branch"":""b"",""length"":1688,""n_coords"":96,""offset"":1077826848,""source_cell"":[0,923,638],""source_cell_sha256"":""00f9a287813a6b0e751fec33e7a71d7138e70a5ff420a317a86ae1430a9db2e0"",""spool_data"":""output/extract_timing/spool/level_0.data"",""trigger"":{""cell_raw"":[407.7780992016196,1638.3999999989755],""global_raw"":[3645847.7780992016,2614886.399999999],""lat_lon"":[-36.7,117.8156111],""vertex"":19}}"	b	[0,923,638]	96	[3552051.2,4015172.262,2614886.4,2614886.4]	4	0	False	encoder_drops_clipped_source_sliver	south_offshore
0	892	638	288	0	0	0	0	0	0	0	-1	-1	22	O01	1	1	[13]	[[-36.75,-36.666666666666664,117.875,118.0]]	[-36.75,-36.666666666666664,117.875,118.0]	c	"[{""bbox_cell"":[892,896,635,640],""branches"":[""c""],""leaf_path"":[2012],""n_coords"":13}]"	T1	[[[1.0,0.0],[0.6640625,0.0],[0.33203125,0.0],[0.0,0.0],[0.0,0.33203125],[0.0,0.6640625],[0.0,1.0],[0.33203125,1.0],[0.6640625,1.0],[1.0,1.0],[1.0,0.6640625],[1.0,0.33203125],[1.0,0.0]]]	true	output/scratch-14/cell_local/proofs/22.json	0	4ed9cd801bdd70992a9b7bd090803ffae349515f87546f044b21157e68e99d72	disc-verified:resolved	0	2ee3456a9aeb8607b88be4edd989a2034dd7fdd6f7846369d9dbc4c8ff20e6ae	disc-verified:resolved	output/scratch-14/witnesses/0022_requirement.json	"{""background_ordinal"":0,""bbox_global_raw"":[3552051.1999999993,4015172.2622976005,2614886.399999999,2614886.399999999],""branch"":""b"",""length"":1688,""n_coords"":96,""offset"":1077826848,""source_cell"":[0,923,638],""source_cell_sha256"":""00f9a287813a6b0e751fec33e7a71d7138e70a5ff420a317a86ae1430a9db2e0"",""spool_data"":""output/extract_timing/spool/level_0.data"",""trigger"":{""cell_raw"":[1009.2281856015325,1638.3999999989755],""global_raw"":[3654641.2281856015,2614886.399999999],""lat_lon"":[-36.7,117.8826998],""vertex"":21}}"	b	[0,923,638]	96	[3552051.2,4015172.262,2614886.4,2614886.4]	3	0	False	encoder_drops_clipped_source_sliver	south_offshore
0	893	638	288	0	0	0	0	0	0	0	-1	-1	23	O01	1	1	[13]	[[-36.75,-36.666666666666664,117.875,118.0]]	[-36.75,-36.666666666666664,117.875,118.0]	c	"[{""bbox_cell"":[892,896,635,640],""branches"":[""c""],""leaf_path"":[2013],""n_coords"":13}]"	T1	[[[1.0,0.0],[0.6640625,0.0],[0.33203125,0.0],[0.0,0.0],[0.0,0.33203125],[0.0,0.6640625],[0.0,1.0],[0.33203125,1.0],[0.6640625,1.0],[1.0,1.0],[1.0,0.6640625],[1.0,0.33203125],[1.0,0.0]]]	true	output/scratch-14/cell_local/proofs/23.json	0	4ed9cd801bdd70992a9b7bd090803ffae349515f87546f044b21157e68e99d72	disc-verified:resolved	0	2ee3456a9aeb8607b88be4edd989a2034dd7fdd6f7846369d9dbc4c8ff20e6ae	disc-verified:resolved	output/scratch-14/witnesses/0023_requirement.json	"{""background_ordinal"":0,""bbox_global_raw"":[3552051.1999999993,4015172.2622976005,2614886.399999999,2614886.399999999],""branch"":""b"",""length"":1688,""n_coords"":96,""offset"":1077826848,""source_cell"":[0,923,638],""source_cell_sha256"":""00f9a287813a6b0e751fec33e7a71d7138e70a5ff420a317a86ae1430a9db2e0"",""spool_data"":""output/extract_timing/spool/level_0.data"",""trigger"":{""cell_raw"":[2775.528243198991,1638.3999999989755],""global_raw"":[3660503.528243199,2614886.399999999],""lat_lon"":[-36.7,117.9274256],""vertex"":22}}"	b	[0,923,638]	96	[3552051.2,4015172.262,2614886.4,2614886.4]	3	0	False	encoder_drops_clipped_source_sliver	south_offshore
0	894	638	288	0	0	0	0	0	0	0	-1	-1	24	O01	1	1	[13]	[[-36.75,-36.666666666666664,117.875,118.0]]	[-36.75,-36.666666666666664,117.875,118.0]	c	"[{""bbox_cell"":[892,896,635,640],""branches"":[""c""],""leaf_path"":[2014],""n_coords"":13}]"	T1	[[[1.0,0.0],[0.6640625,0.0],[0.33203125,0.0],[0.0,0.0],[0.0,0.33203125],[0.0,0.6640625],[0.0,1.0],[0.33203125,1.0],[0.6640625,1.0],[1.0,1.0],[1.0,0.6640625],[1.0,0.33203125],[1.0,0.0]]]	true	output/scratch-14/cell_local/proofs/24.json	0	4ed9cd801bdd70992a9b7bd090803ffae349515f87546f044b21157e68e99d72	disc-verified:resolved	0	2ee3456a9aeb8607b88be4edd989a2034dd7fdd6f7846369d9dbc4c8ff20e6ae	disc-verified:resolved	output/scratch-14/witnesses/0024_requirement.json	"{""background_ordinal"":0,""bbox_global_raw"":[3552051.1999999993,4015172.2622976005,2614886.399999999,2614886.399999999],""branch"":""b"",""length"":1688,""n_coords"":96,""offset"":1077826848,""source_cell"":[0,923,638],""source_cell_sha256"":""00f9a287813a6b0e751fec33e7a71d7138e70a5ff420a317a86ae1430a9db2e0"",""spool_data"":""output/extract_timing/spool/level_0.data"",""trigger"":{""cell_raw"":[1610.6782720014453,1638.3999999989755],""global_raw"":[3663434.6782720014,2614886.399999999],""lat_lon"":[-36.7,117.9497885],""vertex"":23}}"	b	[0,923,638]	96	[3552051.2,4015172.262,2614886.4,2614886.4]	3	0	False	encoder_drops_clipped_source_sliver	south_offshore
0	895	638	288	0	0	0	0	0	0	0	-1	-1	25	O01	1	1	[13]	[[-36.75,-36.666666666666664,117.875,118.0]]	[-36.75,-36.666666666666664,117.875,118.0]	c	"[{""bbox_cell"":[892,896,635,640],""branches"":[""c""],""leaf_path"":[2015],""n_coords"":13}]"	T1	[[[1.0,0.0],[0.6640625,0.0],[0.33203125,0.0],[0.0,0.0],[0.0,0.33203125],[0.0,0.6640625],[0.0,1.0],[0.33203125,1.0],[0.6640625,1.0],[1.0,1.0],[1.0,0.6640625],[1.0,0.33203125],[1.0,0.0]]]	true	output/scratch-14/cell_local/proofs/25.json	0	4ed9cd801bdd70992a9b7bd090803ffae349515f87546f044b21157e68e99d72	disc-verified:resolved	0	2ee3456a9aeb8607b88be4edd989a2034dd7fdd6f7846369d9dbc4c8ff20e6ae	disc-verified:resolved	output/scratch-14/witnesses/0025_requirement.json	"{""background_ordinal"":0,""bbox_global_raw"":[3552051.1999999993,4015172.2622976005,2614886.399999999,2614886.399999999],""branch"":""b"",""length"":1688,""n_coords"":96,""offset"":1077826848,""source_cell"":[0,923,638],""source_cell_sha256"":""00f9a287813a6b0e751fec33e7a71d7138e70a5ff420a317a86ae1430a9db2e0"",""spool_data"":""output/extract_timing/spool/level_0.data"",""trigger"":{""cell_raw"":[3376.965222399682,1638.3999999989755],""global_raw"":[3669296.9652223997,2614886.399999999],""lat_lon"":[-36.7,117.9945142],""vertex"":24}}"	b	[0,923,638]	96	[3552051.2,4015172.262,2614886.4,2614886.4]	3	0	False	encoder_drops_clipped_source_sliver	south_offshore
0	897	638	288	0	0	0	0	0	0	0	-1	-1	26	O01	1	1	[13]	[[-36.75,-36.666666666666664,118.0,118.125]]	[-36.75,-36.666666666666664,118.0,118.125]	c	"[{""bbox_cell"":[896,900,635,640],""branches"":[""c""],""leaf_path"":[1985],""n_coords"":13}]"	T1	[[[1.0,0.0],[0.6640625,0.0],[0.33203125,0.0],[0.0,0.0],[0.0,0.33203125],[0.0,0.6640625],[0.0,1.0],[0.33203125,1.0],[0.6640625,1.0],[1.0,1.0],[1.0,0.6640625],[1.0,0.33203125],[1.0,0.0]]]	true	output/scratch-14/cell_local/proofs/26.json	0	4ed9cd801bdd70992a9b7bd090803ffae349515f87546f044b21157e68e99d72	disc-verified:resolved	0	2ee3456a9aeb8607b88be4edd989a2034dd7fdd6f7846369d9dbc4c8ff20e6ae	disc-verified:resolved	output/scratch-14/witnesses/0026_requirement.json	"{""background_ordinal"":0,""bbox_global_raw"":[3552051.1999999993,4015172.2622976005,2614886.399999999,2614886.399999999],""branch"":""b"",""length"":1688,""n_coords"":96,""offset"":1077826848,""source_cell"":[0,923,638],""source_cell_sha256"":""00f9a287813a6b0e751fec33e7a71d7138e70a5ff420a317a86ae1430a9db2e0"",""spool_data"":""output/extract_timing/spool/level_0.data"",""trigger"":{""cell_raw"":[1047.2652800008655,1638.3999999989755],""global_raw"":[3675159.265280001,2614886.399999999],""lat_lon"":[-36.7,118.03924],""vertex"":25}}"	b	[0,923,638]	96	[3552051.2,4015172.262,2614886.4,2614886.4]	4	0	False	encoder_drops_clipped_source_sliver	south_offshore
0	899	638	288	0	0	0	0	0	0	0	-1	-1	27	O01	1	1	[13]	[[-36.75,-36.666666666666664,118.0,118.125]]	[-36.75,-36.666666666666664,118.0,118.125]	c	"[{""bbox_cell"":[896,900,635,640],""branches"":[""c""],""leaf_path"":[1987],""n_coords"":13}]"	T1	[[[1.0,0.0],[0.6640625,0.0],[0.33203125,0.0],[0.0,0.0],[0.0,0.33203125],[0.0,0.6640625],[0.0,1.0],[0.33203125,1.0],[0.6640625,1.0],[1.0,1.0],[1.0,0.6640625],[1.0,0.33203125],[1.0,0.0]]]	true	output/scratch-14/cell_local/proofs/27.json	0	4ed9cd801bdd70992a9b7bd090803ffae349515f87546f044b21157e68e99d72	disc-verified:resolved	0	2ee3456a9aeb8607b88be4edd989a2034dd7fdd6f7846369d9dbc4c8ff20e6ae	disc-verified:resolved	output/scratch-14/witnesses/0027_requirement.json	"{""background_ordinal"":0,""bbox_global_raw"":[3552051.1999999993,4015172.2622976005,2614886.399999999,2614886.399999999],""branch"":""b"",""length"":1688,""n_coords"":96,""offset"":1077826848,""source_cell"":[0,923,638],""source_cell_sha256"":""00f9a287813a6b0e751fec33e7a71d7138e70a5ff420a317a86ae1430a9db2e0"",""spool_data"":""output/extract_timing/spool/level_0.data"",""trigger"":{""cell_raw"":[1648.7153664007783,1638.3999999989755],""global_raw"":[3683952.715366401,2614886.399999999],""lat_lon"":[-36.7,118.1063287],""vertex"":27}}"	b	[0,923,638]	96	[3552051.2,4015172.262,2614886.4,2614886.4]	3	0	False	encoder_drops_clipped_source_sliver	south_offshore
0	900	638	288	0	0	0	0	0	0	0	-1	-1	28	O01	1	1	[13]	[[-36.75,-36.666666666666664,118.125,118.25]]	[-36.75,-36.666666666666664,118.125,118.25]	c	"[{""bbox_cell"":[900,904,635,640],""branches"":[""c""],""leaf_path"":[1988],""n_coords"":13}]"	T1	[[[1.0,0.0],[0.6640625,0.0],[0.33203125,0.0],[0.0,0.0],[0.0,0.33203125],[0.0,0.6640625],[0.0,1.0],[0.33203125,1.0],[0.6640625,1.0],[1.0,1.0],[1.0,0.6640625],[1.0,0.33203125],[1.0,0.0]]]	true	output/scratch-14/cell_local/proofs/28.json	0	4ed9cd801bdd70992a9b7bd090803ffae349515f87546f044b21157e68e99d72	disc-verified:resolved	0	2ee3456a9aeb8607b88be4edd989a2034dd7fdd6f7846369d9dbc4c8ff20e6ae	disc-verified:resolved	output/scratch-14/witnesses/0028_requirement.json	"{""background_ordinal"":0,""bbox_global_raw"":[3552051.1999999993,4015172.2622976005,2614886.399999999,2614886.399999999],""branch"":""b"",""length"":1688,""n_coords"":96,""offset"":1077826848,""source_cell"":[0,923,638],""source_cell_sha256"":""00f9a287813a6b0e751fec33e7a71d7138e70a5ff420a317a86ae1430a9db2e0"",""spool_data"":""output/extract_timing/spool/level_0.data"",""trigger"":{""cell_raw"":[3415.0154239982367,1638.3999999989755],""global_raw"":[3689815.0154239982,2614886.399999999],""lat_lon"":[-36.7,118.1510545],""vertex"":28}}"	b	[0,923,638]	96	[3552051.2,4015172.262,2614886.4,2614886.4]	3	0	False	encoder_drops_clipped_source_sliver	south_offshore
0	901	638	288	0	0	0	0	0	0	0	-1	-1	29	O01	1	1	[13]	[[-36.75,-36.666666666666664,118.125,118.25]]	[-36.75,-36.666666666666664,118.125,118.25]	c	"[{""bbox_cell"":[900,904,635,640],""branches"":[""c""],""leaf_path"":[1989],""n_coords"":13}]"	T1	[[[1.0,0.0],[0.6640625,0.0],[0.33203125,0.0],[0.0,0.0],[0.0,0.33203125],[0.0,0.6640625],[0.0,1.0],[0.33203125,1.0],[0.6640625,1.0],[1.0,1.0],[1.0,0.6640625],[1.0,0.33203125],[1.0,0.0]]]	true	output/scratch-14/cell_local/proofs/29.json	0	4ed9cd801bdd70992a9b7bd090803ffae349515f87546f044b21157e68e99d72	disc-verified:resolved	0	2ee3456a9aeb8607b88be4edd989a2034dd7fdd6f7846369d9dbc4c8ff20e6ae	disc-verified:resolved	output/scratch-14/witnesses/0029_requirement.json	"{""background_ordinal"":0,""bbox_global_raw"":[3552051.1999999993,4015172.2622976005,2614886.399999999,2614886.399999999],""branch"":""b"",""length"":1688,""n_coords"":96,""offset"":1077826848,""source_cell"":[0,923,638],""source_cell_sha256"":""00f9a287813a6b0e751fec33e7a71d7138e70a5ff420a317a86ae1430a9db2e0"",""spool_data"":""output/extract_timing/spool/level_0.data"",""trigger"":{""cell_raw"":[2250.165452800691,1638.3999999989755],""global_raw"":[3692746.1654528007,2614886.399999999],""lat_lon"":[-36.7,118.1734174],""vertex"":29}}"	b	[0,923,638]	96	[3552051.2,4015172.262,2614886.4,2614886.4]	3	0	False	encoder_drops_clipped_source_sliver	south_offshore
0	902	638	288	0	0	0	0	0	0	0	-1	-1	30	O01	1	1	[13]	[[-36.75,-36.666666666666664,118.125,118.25]]	[-36.75,-36.666666666666664,118.125,118.25]	c	"[{""bbox_cell"":[900,904,635,640],""branches"":[""c""],""leaf_path"":[1990],""n_coords"":13}]"	T1	[[[1.0,0.0],[0.6640625,0.0],[0.33203125,0.0],[0.0,0.0],[0.0,0.33203125],[0.0,0.6640625],[0.0,1.0],[0.33203125,1.0],[0.6640625,1.0],[1.0,1.0],[1.0,0.6640625],[1.0,0.33203125],[1.0,0.0]]]	true	output/scratch-14/cell_local/proofs/30.json	0	4ed9cd801bdd70992a9b7bd090803ffae349515f87546f044b21157e68e99d72	disc-verified:resolved	0	2ee3456a9aeb8607b88be4edd989a2034dd7fdd6f7846369d9dbc4c8ff20e6ae	disc-verified:resolved	output/scratch-14/witnesses/0030_requirement.json	"{""background_ordinal"":0,""bbox_global_raw"":[3552051.1999999993,4015172.2622976005,2614886.399999999,2614886.399999999],""branch"":""b"",""length"":1688,""n_coords"":96,""offset"":1077826848,""source_cell"":[0,923,638],""source_cell_sha256"":""00f9a287813a6b0e751fec33e7a71d7138e70a5ff420a317a86ae1430a9db2e0"",""spool_data"":""output/extract_timing/spool/level_0.data"",""trigger"":{""cell_raw"":[4016.452403202653,1638.3999999989755],""global_raw"":[3698608.4524032027,2614886.399999999],""lat_lon"":[-36.7,118.2181431],""vertex"":30}}"	b	[0,923,638]	96	[3552051.2,4015172.262,2614886.4,2614886.4]	3	0	False	encoder_drops_clipped_source_sliver	south_offshore
0	904	638	288	0	0	0	0	0	0	0	-1	-1	31	O01	1	1	[13]	[[-36.75,-36.666666666666664,118.25,118.375]]	[-36.75,-36.666666666666664,118.25,118.375]	c	"[{""bbox_cell"":[904,908,635,640],""branches"":[""c""],""leaf_path"":[1992],""n_coords"":13}]"	T1	[[[1.0,0.0],[0.6640625,0.0],[0.33203125,0.0],[0.0,0.0],[0.0,0.33203125],[0.0,0.6640625],[0.0,1.0],[0.33203125,1.0],[0.6640625,1.0],[1.0,1.0],[1.0,0.6640625],[1.0,0.33203125],[1.0,0.0]]]	true	output/scratch-14/cell_local/proofs/31.json	0	4ed9cd801bdd70992a9b7bd090803ffae349515f87546f044b21157e68e99d72	disc-verified:resolved	0	2ee3456a9aeb8607b88be4edd989a2034dd7fdd6f7846369d9dbc4c8ff20e6ae	disc-verified:resolved	output/scratch-14/witnesses/0031_requirement.json	"{""background_ordinal"":0,""bbox_global_raw"":[3552051.1999999993,4015172.2622976005,2614886.399999999,2614886.399999999],""branch"":""b"",""length"":1688,""n_coords"":96,""offset"":1077826848,""source_cell"":[0,923,638],""source_cell_sha256"":""00f9a287813a6b0e751fec33e7a71d7138e70a5ff420a317a86ae1430a9db2e0"",""spool_data"":""output/extract_timing/spool/level_0.data"",""trigger"":{""cell_raw"":[1686.7524608001113,1638.3999999989755],""global_raw"":[3704470.7524608,2614886.399999999],""lat_lon"":[-36.7,118.2628689],""vertex"":31}}"	b	[0,923,638]	96	[3552051.2,4015172.262,2614886.4,2614886.4]	3	0	False	encoder_drops_clipped_source_sliver	south_offshore
0	905	638	288	0	0	0	0	0	0	0	-1	-1	32	O01	1	1	[13]	[[-36.75,-36.666666666666664,118.25,118.375]]	[-36.75,-36.666666666666664,118.25,118.375]	c	"[{""bbox_cell"":[904,908,635,640],""branches"":[""c""],""leaf_path"":[1993],""n_coords"":13}]"	T1	[[[1.0,0.0],[0.6640625,0.0],[0.33203125,0.0],[0.0,0.0],[0.0,0.33203125],[0.0,0.6640625],[0.0,1.0],[0.33203125,1.0],[0.6640625,1.0],[1.0,1.0],[1.0,0.6640625],[1.0,0.33203125],[1.0,0.0]]]	true	output/scratch-14/cell_local/proofs/32.json	0	4ed9cd801bdd70992a9b7bd090803ffae349515f87546f044b21157e68e99d72	disc-verified:resolved	0	2ee3456a9aeb8607b88be4edd989a2034dd7fdd6f7846369d9dbc4c8ff20e6ae	disc-verified:resolved	output/scratch-14/witnesses/0032_requirement.json	"{""background_ordinal"":0,""bbox_global_raw"":[3552051.1999999993,4015172.2622976005,2614886.399999999,2614886.399999999],""branch"":""b"",""length"":1688,""n_coords"":96,""offset"":1077826848,""source_cell"":[0,923,638],""source_cell_sha256"":""00f9a287813a6b0e751fec33e7a71d7138e70a5ff420a317a86ae1430a9db2e0"",""spool_data"":""output/extract_timing/spool/level_0.data"",""trigger"":{""cell_raw"":[521.9024896025658,1638.3999999989755],""global_raw"":[3707401.9024896026,2614886.399999999],""lat_lon"":[-36.7,118.2852318],""vertex"":32}}"	b	[0,923,638]	96	[3552051.2,4015172.262,2614886.4,2614886.4]	3	0	False	encoder_drops_clipped_source_sliver	south_offshore
0	906	638	288	0	0	0	0	0	0	0	-1	-1	33	O01	1	1	[13]	[[-36.75,-36.666666666666664,118.25,118.375]]	[-36.75,-36.666666666666664,118.25,118.375]	c	"[{""bbox_cell"":[904,908,635,640],""branches"":[""c""],""leaf_path"":[1994],""n_coords"":13}]"	T1	[[[1.0,0.0],[0.6640625,0.0],[0.33203125,0.0],[0.0,0.0],[0.0,0.33203125],[0.0,0.6640625],[0.0,1.0],[0.33203125,1.0],[0.6640625,1.0],[1.0,1.0],[1.0,0.6640625],[1.0,0.33203125],[1.0,0.0]]]	true	output/scratch-14/cell_local/proofs/33.json	0	4ed9cd801bdd70992a9b7bd090803ffae349515f87546f044b21157e68e99d72	disc-verified:resolved	0	2ee3456a9aeb8607b88be4edd989a2034dd7fdd6f7846369d9dbc4c8ff20e6ae	disc-verified:resolved	output/scratch-14/witnesses/0033_requirement.json	"{""background_ordinal"":0,""bbox_global_raw"":[3552051.1999999993,4015172.2622976005,2614886.399999999,2614886.399999999],""branch"":""b"",""length"":1688,""n_coords"":96,""offset"":1077826848,""source_cell"":[0,923,638],""source_cell_sha256"":""00f9a287813a6b0e751fec33e7a71d7138e70a5ff420a317a86ae1430a9db2e0"",""spool_data"":""output/extract_timing/spool/level_0.data"",""trigger"":{""cell_raw"":[2288.202547200024,1638.3999999989755],""global_raw"":[3713264.2025472,2614886.399999999],""lat_lon"":[-36.7,118.3299576],""vertex"":33}}"	b	[0,923,638]	96	[3552051.2,4015172.262,2614886.4,2614886.4]	3	0	False	encoder_drops_clipped_source_sliver	south_offshore
0	907	638	288	0	0	0	0	0	0	0	-1	-1	34	O01	1	1	[13]	[[-36.75,-36.666666666666664,118.25,118.375]]	[-36.75,-36.666666666666664,118.25,118.375]	c	"[{""bbox_cell"":[904,908,635,640],""branches"":[""c""],""leaf_path"":[1995],""n_coords"":13}]"	T1	[[[1.0,0.0],[0.6640625,0.0],[0.33203125,0.0],[0.0,0.0],[0.0,0.33203125],[0.0,0.6640625],[0.0,1.0],[0.33203125,1.0],[0.6640625,1.0],[1.0,1.0],[1.0,0.6640625],[1.0,0.33203125],[1.0,0.0]]]	true	output/scratch-14/cell_local/proofs/34.json	0	4ed9cd801bdd70992a9b7bd090803ffae349515f87546f044b21157e68e99d72	disc-verified:resolved	0	2ee3456a9aeb8607b88be4edd989a2034dd7fdd6f7846369d9dbc4c8ff20e6ae	disc-verified:resolved	output/scratch-14/witnesses/0034_requirement.json	"{""background_ordinal"":0,""bbox_global_raw"":[3552051.1999999993,4015172.2622976005,2614886.399999999,2614886.399999999],""branch"":""b"",""length"":1688,""n_coords"":96,""offset"":1077826848,""source_cell"":[0,923,638],""source_cell_sha256"":""00f9a287813a6b0e751fec33e7a71d7138e70a5ff420a317a86ae1430a9db2e0"",""spool_data"":""output/extract_timing/spool/level_0.data"",""trigger"":{""cell_raw"":[4054.5026047974825,1638.3999999989755],""global_raw"":[3719126.5026047975,2614886.399999999],""lat_lon"":[-36.7,118.3746834],""vertex"":34}}"	b	[0,923,638]	96	[3552051.2,4015172.262,2614886.4,2614886.4]	3	0	False	encoder_drops_clipped_source_sliver	south_offshore
0	908	638	288	0	0	0	0	0	0	0	-1	-1	35	O01	1	1	[13]	[[-36.75,-36.666666666666664,118.375,118.5]]	[-36.75,-36.666666666666664,118.375,118.5]	c	"[{""bbox_cell"":[908,912,635,640],""branches"":[""c""],""leaf_path"":[1996],""n_coords"":13}]"	T1	[[[1.0,0.0],[0.6640625,0.0],[0.33203125,0.0],[0.0,0.0],[0.0,0.33203125],[0.0,0.6640625],[0.0,1.0],[0.33203125,1.0],[0.6640625,1.0],[1.0,1.0],[1.0,0.6640625],[1.0,0.33203125],[1.0,0.0]]]	true	output/scratch-14/cell_local/proofs/35.json	0	4ed9cd801bdd70992a9b7bd090803ffae349515f87546f044b21157e68e99d72	disc-verified:resolved	0	2ee3456a9aeb8607b88be4edd989a2034dd7fdd6f7846369d9dbc4c8ff20e6ae	disc-verified:resolved	output/scratch-14/witnesses/0035_requirement.json	"{""background_ordinal"":0,""bbox_global_raw"":[3552051.1999999993,4015172.2622976005,2614886.399999999,2614886.399999999],""branch"":""b"",""length"":1688,""n_coords"":96,""offset"":1077826848,""source_cell"":[0,923,638],""source_cell_sha256"":""00f9a287813a6b0e751fec33e7a71d7138e70a5ff420a317a86ae1430a9db2e0"",""spool_data"":""output/extract_timing/spool/level_0.data"",""trigger"":{""cell_raw"":[2889.639526400715,1638.3999999989755],""global_raw"":[3722057.6395264007,2614886.399999999],""lat_lon"":[-36.7,118.3970462],""vertex"":35}}"	b	[0,923,638]	96	[3552051.2,4015172.262,2614886.4,2614886.4]	3	0	False	encoder_drops_clipped_source_sliver	south_offshore
0	910	638	288	0	0	0	0	0	0	0	-1	-1	36	O01	1	1	[13]	[[-36.75,-36.666666666666664,118.375,118.5]]	[-36.75,-36.666666666666664,118.375,118.5]	c	"[{""bbox_cell"":[908,912,635,640],""branches"":[""c""],""leaf_path"":[1998],""n_coords"":13}]"	T1	[[[1.0,0.0],[0.6640625,0.0],[0.33203125,0.0],[0.0,0.0],[0.0,0.33203125],[0.0,0.6640625],[0.0,1.0],[0.33203125,1.0],[0.6640625,1.0],[1.0,1.0],[1.0,0.6640625],[1.0,0.33203125],[1.0,0.0]]]	true	output/scratch-14/cell_local/proofs/36.json	0	4ed9cd801bdd70992a9b7bd090803ffae349515f87546f044b21157e68e99d72	disc-verified:resolved	0	2ee3456a9aeb8607b88be4edd989a2034dd7fdd6f7846369d9dbc4c8ff20e6ae	disc-verified:resolved	output/scratch-14/witnesses/0036_requirement.json	"{""background_ordinal"":0,""bbox_global_raw"":[3552051.1999999993,4015172.2622976005,2614886.399999999,2614886.399999999],""branch"":""b"",""length"":1688,""n_coords"":96,""offset"":1077826848,""source_cell"":[0,923,638],""source_cell_sha256"":""00f9a287813a6b0e751fec33e7a71d7138e70a5ff420a317a86ae1430a9db2e0"",""spool_data"":""output/extract_timing/spool/level_0.data"",""trigger"":{""cell_raw"":[559.9395840018988,1638.3999999989755],""global_raw"":[3727919.939584002,2614886.399999999],""lat_lon"":[-36.7,118.441772],""vertex"":36}}"	b	[0,923,638]	96	[3552051.2,4015172.262,2614886.4,2614886.4]	3	0	False	encoder_drops_clipped_source_sliver	south_offshore
0	911	638	288	0	0	0	0	0	0	0	-1	-1	37	O01	1	1	[13]	[[-36.75,-36.666666666666664,118.375,118.5]]	[-36.75,-36.666666666666664,118.375,118.5]	c	"[{""bbox_cell"":[908,912,635,640],""branches"":[""c""],""leaf_path"":[1999],""n_coords"":13}]"	T1	[[[1.0,0.0],[0.6640625,0.0],[0.33203125,0.0],[0.0,0.0],[0.0,0.33203125],[0.0,0.6640625],[0.0,1.0],[0.33203125,1.0],[0.6640625,1.0],[1.0,1.0],[1.0,0.6640625],[1.0,0.33203125],[1.0,0.0]]]	true	output/scratch-14/cell_local/proofs/37.json	0	4ed9cd801bdd70992a9b7bd090803ffae349515f87546f044b21157e68e99d72	disc-verified:resolved	0	2ee3456a9aeb8607b88be4edd989a2034dd7fdd6f7846369d9dbc4c8ff20e6ae	disc-verified:resolved	output/scratch-14/witnesses/0037_requirement.json	"{""background_ordinal"":0,""bbox_global_raw"":[3552051.1999999993,4015172.2622976005,2614886.399999999,2614886.399999999],""branch"":""b"",""length"":1688,""n_coords"":96,""offset"":1077826848,""source_cell"":[0,923,638],""source_cell_sha256"":""00f9a287813a6b0e751fec33e7a71d7138e70a5ff420a317a86ae1430a9db2e0"",""spool_data"":""output/extract_timing/spool/level_0.data"",""trigger"":{""cell_raw"":[2326.239641599357,1638.3999999989755],""global_raw"":[3733782.2396415994,2614886.399999999],""lat_lon"":[-36.7,118.4864978],""vertex"":37}}"	b	[0,923,638]	96	[3552051.2,4015172.262,2614886.4,2614886.4]	3	0	False	encoder_drops_clipped_source_sliver	south_offshore
0	912	638	288	0	0	0	0	0	0	0	-1	-1	38	O01	1	1	[13]	[[-36.75,-36.666666666666664,118.5,118.625]]	[-36.75,-36.666666666666664,118.5,118.625]	c	"[{""bbox_cell"":[912,916,635,640],""branches"":[""c""],""leaf_path"":[2000],""n_coords"":13}]"	T1	[[[1.0,0.0],[0.6640625,0.0],[0.33203125,0.0],[0.0,0.0],[0.0,0.33203125],[0.0,0.6640625],[0.0,1.0],[0.33203125,1.0],[0.6640625,1.0],[1.0,1.0],[1.0,0.6640625],[1.0,0.33203125],[1.0,0.0]]]	true	output/scratch-14/cell_local/proofs/38.json	0	4ed9cd801bdd70992a9b7bd090803ffae349515f87546f044b21157e68e99d72	disc-verified:resolved	0	2ee3456a9aeb8607b88be4edd989a2034dd7fdd6f7846369d9dbc4c8ff20e6ae	disc-verified:resolved	output/scratch-14/witnesses/0038_requirement.json	"{""background_ordinal"":0,""bbox_global_raw"":[3552051.1999999993,4015172.2622976005,2614886.399999999,2614886.399999999],""branch"":""b"",""length"":1688,""n_coords"":96,""offset"":1077826848,""source_cell"":[0,923,638],""source_cell_sha256"":""00f9a287813a6b0e751fec33e7a71d7138e70a5ff420a317a86ae1430a9db2e0"",""spool_data"":""output/extract_timing/spool/level_0.data"",""trigger"":{""cell_raw"":[4092.539699200541,1638.3999999989755],""global_raw"":[3739644.5396992005,2614886.399999999],""lat_lon"":[-36.7,118.5312236],""vertex"":38}}"	b	[0,923,638]	96	[3552051.2,4015172.262,2614886.4,2614886.4]	3	0	False	encoder_drops_clipped_source_sliver	south_offshore
0	913	638	288	0	0	0	0	0	0	0	-1	-1	39	O01	1	1	[13]	[[-36.75,-36.666666666666664,118.5,118.625]]	[-36.75,-36.666666666666664,118.5,118.625]	c	"[{""bbox_cell"":[912,916,635,640],""branches"":[""c""],""leaf_path"":[2001],""n_coords"":13}]"	T1	[[[1.0,0.0],[0.6640625,0.0],[0.33203125,0.0],[0.0,0.0],[0.0,0.33203125],[0.0,0.6640625],[0.0,1.0],[0.33203125,1.0],[0.6640625,1.0],[1.0,1.0],[1.0,0.6640625],[1.0,0.33203125],[1.0,0.0]]]	true	output/scratch-14/cell_local/proofs/39.json	0	4ed9cd801bdd70992a9b7bd090803ffae349515f87546f044b21157e68e99d72	disc-verified:resolved	0	2ee3456a9aeb8607b88be4edd989a2034dd7fdd6f7846369d9dbc4c8ff20e6ae	disc-verified:resolved	output/scratch-14/witnesses/0039_requirement.json	"{""background_ordinal"":0,""bbox_global_raw"":[3552051.1999999993,4015172.2622976005,2614886.399999999,2614886.399999999],""branch"":""b"",""length"":1688,""n_coords"":96,""offset"":1077826848,""source_cell"":[0,923,638],""source_cell_sha256"":""00f9a287813a6b0e751fec33e7a71d7138e70a5ff420a317a86ae1430a9db2e0"",""spool_data"":""output/extract_timing/spool/level_0.data"",""trigger"":{""cell_raw"":[2927.68972799927,1638.3999999989755],""global_raw"":[3742575.6897279993,2614886.399999999],""lat_lon"":[-36.7,118.5535865],""vertex"":39}}"	b	[0,923,638]	96	[3552051.2,4015172.262,2614886.4,2614886.4]	3	0	False	encoder_drops_clipped_source_sliver	south_offshore
0	915	638	288	0	0	0	0	0	0	0	-1	-1	40	O01	1	1	[13]	[[-36.75,-36.666666666666664,118.5,118.625]]	[-36.75,-36.666666666666664,118.5,118.625]	c	"[{""bbox_cell"":[912,916,635,640],""branches"":[""c""],""leaf_path"":[2003],""n_coords"":13}]"	T1	[[[1.0,0.0],[0.6640625,0.0],[0.33203125,0.0],[0.0,0.0],[0.0,0.33203125],[0.0,0.6640625],[0.0,1.0],[0.33203125,1.0],[0.6640625,1.0],[1.0,1.0],[1.0,0.6640625],[1.0,0.33203125],[1.0,0.0]]]	true	output/scratch-14/cell_local/proofs/40.json	0	4ed9cd801bdd70992a9b7bd090803ffae349515f87546f044b21157e68e99d72	disc-verified:resolved	0	2ee3456a9aeb8607b88be4edd989a2034dd7fdd6f7846369d9dbc4c8ff20e6ae	disc-verified:resolved	output/scratch-14/witnesses/0040_requirement.json	"{""background_ordinal"":0,""bbox_global_raw"":[3552051.1999999993,4015172.2622976005,2614886.399999999,2614886.399999999],""branch"":""b"",""length"":1688,""n_coords"":96,""offset"":1077826848,""source_cell"":[0,923,638],""source_cell_sha256"":""00f9a287813a6b0e751fec33e7a71d7138e70a5ff420a317a86ae1430a9db2e0"",""spool_data"":""output/extract_timing/spool/level_0.data"",""trigger"":{""cell_raw"":[597.9897856004536,1638.3999999989755],""global_raw"":[3748437.9897856005,2614886.399999999],""lat_lon"":[-36.7,118.5983123],""vertex"":40}}"	b	[0,923,638]	96	[3552051.2,4015172.262,2614886.4,2614886.4]	3	0	False	encoder_drops_clipped_source_sliver	south_offshore
0	916	638	288	0	0	0	0	0	0	0	-1	-1	41	O01	1	1	[13]	[[-36.75,-36.666666666666664,118.625,118.75]]	[-36.75,-36.666666666666664,118.625,118.75]	c	"[{""bbox_cell"":[916,920,635,640],""branches"":[""c""],""leaf_path"":[2004],""n_coords"":13}]"	T1	[[[1.0,0.0],[0.6640625,0.0],[0.33203125,0.0],[0.0,0.0],[0.0,0.33203125],[0.0,0.6640625],[0.0,1.0],[0.33203125,1.0],[0.6640625,1.0],[1.0,1.0],[1.0,0.6640625],[1.0,0.33203125],[1.0,0.0]]]	true	output/scratch-14/cell_local/proofs/41.json	0	4ed9cd801bdd70992a9b7bd090803ffae349515f87546f044b21157e68e99d72	disc-verified:resolved	0	2ee3456a9aeb8607b88be4edd989a2034dd7fdd6f7846369d9dbc4c8ff20e6ae	disc-verified:resolved	output/scratch-14/witnesses/0041_requirement.json	"{""background_ordinal"":0,""bbox_global_raw"":[3552051.1999999993,4015172.2622976005,2614886.399999999,2614886.399999999],""branch"":""b"",""length"":1688,""n_coords"":96,""offset"":1077826848,""source_cell"":[0,923,638],""source_cell_sha256"":""00f9a287813a6b0e751fec33e7a71d7138e70a5ff420a317a86ae1430a9db2e0"",""spool_data"":""output/extract_timing/spool/level_0.data"",""trigger"":{""cell_raw"":[2364.27673599869,1638.3999999989755],""global_raw"":[3754300.2767359987,2614886.399999999],""lat_lon"":[-36.7,118.643038],""vertex"":41}}"	b	[0,923,638]	96	[3552051.2,4015172.262,2614886.4,2614886.4]	3	0	False	encoder_drops_clipped_source_sliver	south_offshore
0	918	638	288	0	0	0	0	0	0	0	-1	-1	42	O01	1	1	[13]	[[-36.75,-36.666666666666664,118.625,118.75]]	[-36.75,-36.666666666666664,118.625,118.75]	c	"[{""bbox_cell"":[916,920,635,640],""branches"":[""c""],""leaf_path"":[2006],""n_coords"":13}]"	T1	[[[1.0,0.0],[0.6640625,0.0],[0.33203125,0.0],[0.0,0.0],[0.0,0.33203125],[0.0,0.6640625],[0.0,1.0],[0.33203125,1.0],[0.6640625,1.0],[1.0,1.0],[1.0,0.6640625],[1.0,0.33203125],[1.0,0.0]]]	true	output/scratch-14/cell_local/proofs/42.json	0	4ed9cd801bdd70992a9b7bd090803ffae349515f87546f044b21157e68e99d72	disc-verified:resolved	0	2ee3456a9aeb8607b88be4edd989a2034dd7fdd6f7846369d9dbc4c8ff20e6ae	disc-verified:resolved	output/scratch-14/witnesses/0042_requirement.json	"{""background_ordinal"":0,""bbox_global_raw"":[3552051.1999999993,4015172.2622976005,2614886.399999999,2614886.399999999],""branch"":""b"",""length"":1688,""n_coords"":96,""offset"":1077826848,""source_cell"":[0,923,638],""source_cell_sha256"":""00f9a287813a6b0e751fec33e7a71d7138e70a5ff420a317a86ae1430a9db2e0"",""spool_data"":""output/extract_timing/spool/level_0.data"",""trigger"":{""cell_raw"":[34.57679359987378,1638.3999999989755],""global_raw"":[3760162.5767936,2614886.399999999],""lat_lon"":[-36.7,118.6877638],""vertex"":42}}"	b	[0,923,638]	96	[3552051.2,4015172.262,2614886.4,2614886.4]	3	0	False	encoder_drops_clipped_source_sliver	south_offshore
0	919	638	288	0	0	0	0	0	0	0	-1	-1	43	O01	1	1	[13]	[[-36.75,-36.666666666666664,118.625,118.75]]	[-36.75,-36.666666666666664,118.625,118.75]	c	"[{""bbox_cell"":[916,920,635,640],""branches"":[""c""],""leaf_path"":[2007],""n_coords"":13}]"	T1	[[[1.0,0.0],[0.6640625,0.0],[0.33203125,0.0],[0.0,0.0],[0.0,0.33203125],[0.0,0.6640625],[0.0,1.0],[0.33203125,1.0],[0.6640625,1.0],[1.0,1.0],[1.0,0.6640625],[1.0,0.33203125],[1.0,0.0]]]	true	output/scratch-14/cell_local/proofs/43.json	0	4ed9cd801bdd70992a9b7bd090803ffae349515f87546f044b21157e68e99d72	disc-verified:resolved	0	2ee3456a9aeb8607b88be4edd989a2034dd7fdd6f7846369d9dbc4c8ff20e6ae	disc-verified:resolved	output/scratch-14/witnesses/0043_requirement.json	"{""background_ordinal"":0,""bbox_global_raw"":[3552051.1999999993,4015172.2622976005,2614886.399999999,2614886.399999999],""branch"":""b"",""length"":1688,""n_coords"":96,""offset"":1077826848,""source_cell"":[0,923,638],""source_cell_sha256"":""00f9a287813a6b0e751fec33e7a71d7138e70a5ff420a317a86ae1430a9db2e0"",""spool_data"":""output/extract_timing/spool/level_0.data"",""trigger"":{""cell_raw"":[1800.8768512010574,1638.3999999989755],""global_raw"":[3766024.876851201,2614886.399999999],""lat_lon"":[-36.7,118.7324896],""vertex"":43}}"	b	[0,923,638]	96	[3552051.2,4015172.262,2614886.4,2614886.4]	3	0	False	encoder_drops_clipped_source_sliver	south_offshore
0	920	638	288	0	0	0	0	0	0	0	-1	-1	44	O01	1	1	[13]	[[-36.75,-36.666666666666664,118.75,118.875]]	[-36.75,-36.666666666666664,118.75,118.875]	c	"[{""bbox_cell"":[920,924,635,640],""branches"":[""c""],""leaf_path"":[2008],""n_coords"":13}]"	T1	[[[1.0,0.0],[0.6640625,0.0],[0.33203125,0.0],[0.0,0.0],[0.0,0.33203125],[0.0,0.6640625],[0.0,1.0],[0.33203125,1.0],[0.6640625,1.0],[1.0,1.0],[1.0,0.6640625],[1.0,0.33203125],[1.0,0.0]]]	true	output/scratch-14/cell_local/proofs/44.json	0	4ed9cd801bdd70992a9b7bd090803ffae349515f87546f044b21157e68e99d72	disc-verified:resolved	0	2ee3456a9aeb8607b88be4edd989a2034dd7fdd6f7846369d9dbc4c8ff20e6ae	disc-verified:resolved	output/scratch-14/witnesses/0044_requirement.json	"{""background_ordinal"":0,""bbox_global_raw"":[3552051.1999999993,4015172.2622976005,2614886.399999999,2614886.399999999],""branch"":""b"",""length"":1688,""n_coords"":96,""offset"":1077826848,""source_cell"":[0,923,638],""source_cell_sha256"":""00f9a287813a6b0e751fec33e7a71d7138e70a5ff420a317a86ae1430a9db2e0"",""spool_data"":""output/extract_timing/spool/level_0.data"",""trigger"":{""cell_raw"":[636.0268799997866,1638.3999999989755],""global_raw"":[3768956.02688,2614886.399999999],""lat_lon"":[-36.7,118.7548525],""vertex"":44}}"	b	[0,923,638]	96	[3552051.2,4015172.262,2614886.4,2614886.4]	3	0	False	encoder_drops_clipped_source_sliver	south_offshore
0	921	638	288	0	0	0	0	0	0	0	-1	-1	45	O01	1	1	[13]	[[-36.75,-36.666666666666664,118.75,118.875]]	[-36.75,-36.666666666666664,118.75,118.875]	c	"[{""bbox_cell"":[920,924,635,640],""branches"":[""c""],""leaf_path"":[2009],""n_coords"":13}]"	T1	[[[1.0,0.0],[0.6640625,0.0],[0.33203125,0.0],[0.0,0.0],[0.0,0.33203125],[0.0,0.6640625],[0.0,1.0],[0.33203125,1.0],[0.6640625,1.0],[1.0,1.0],[1.0,0.6640625],[1.0,0.33203125],[1.0,0.0]]]	true	output/scratch-14/cell_local/proofs/45.json	0	4ed9cd801bdd70992a9b7bd090803ffae349515f87546f044b21157e68e99d72	disc-verified:resolved	0	2ee3456a9aeb8607b88be4edd989a2034dd7fdd6f7846369d9dbc4c8ff20e6ae	disc-verified:resolved	output/scratch-14/witnesses/0045_requirement.json	"{""background_ordinal"":0,""bbox_global_raw"":[3552051.1999999993,4015172.2622976005,2614886.399999999,2614886.399999999],""branch"":""b"",""length"":1688,""n_coords"":96,""offset"":1077826848,""source_cell"":[0,923,638],""source_cell_sha256"":""00f9a287813a6b0e751fec33e7a71d7138e70a5ff420a317a86ae1430a9db2e0"",""spool_data"":""output/extract_timing/spool/level_0.data"",""trigger"":{""cell_raw"":[2402.3269376009703,1638.3999999989755],""global_raw"":[3774818.326937601,2614886.399999999],""lat_lon"":[-36.7,118.7995783],""vertex"":45}}"	b	[0,923,638]	96	[3552051.2,4015172.262,2614886.4,2614886.4]	3	0	False	encoder_drops_clipped_source_sliver	south_offshore
0	922	638	288	0	0	0	0	0	0	0	-1	-1	46	O01	1	1	[13]	[[-36.75,-36.666666666666664,118.75,118.875]]	[-36.75,-36.666666666666664,118.75,118.875]	c	"[{""bbox_cell"":[920,924,635,640],""branches"":[""c""],""leaf_path"":[2010],""n_coords"":13}]"	T1	[[[1.0,0.0],[0.6640625,0.0],[0.33203125,0.0],[0.0,0.0],[0.0,0.33203125],[0.0,0.6640625],[0.0,1.0],[0.33203125,1.0],[0.6640625,1.0],[1.0,1.0],[1.0,0.6640625],[1.0,0.33203125],[1.0,0.0]]]	true	output/scratch-14/cell_local/proofs/46.json	0	4ed9cd801bdd70992a9b7bd090803ffae349515f87546f044b21157e68e99d72	disc-verified:resolved	0	2ee3456a9aeb8607b88be4edd989a2034dd7fdd6f7846369d9dbc4c8ff20e6ae	disc-verified:resolved	output/scratch-14/witnesses/0046_requirement.json	"{""background_ordinal"":0,""bbox_global_raw"":[3552051.1999999993,4015172.2622976005,2614886.399999999,2614886.399999999],""branch"":""b"",""length"":1688,""n_coords"":96,""offset"":1077826848,""source_cell"":[0,923,638],""source_cell_sha256"":""00f9a287813a6b0e751fec33e7a71d7138e70a5ff420a317a86ae1430a9db2e0"",""spool_data"":""output/extract_timing/spool/level_0.data"",""trigger"":{""cell_raw"":[1237.4638592004776,1638.3999999989755],""global_raw"":[3777749.4638592005,2614886.399999999],""lat_lon"":[-36.7,118.8219411],""vertex"":46}}"	b	[0,923,638]	96	[3552051.2,4015172.262,2614886.4,2614886.4]	3	0	False	encoder_drops_clipped_source_sliver	south_offshore
0	923	638	288	0	0	0	0	0	0	0	-1	-1	47	O01	1	1	[13]	[[-36.75,-36.666666666666664,118.75,118.875]]	[-36.75,-36.666666666666664,118.75,118.875]	c	"[{""bbox_cell"":[920,924,635,640],""branches"":[""c""],""leaf_path"":[2011],""n_coords"":13}]"	T1	[[[1.0,0.0],[0.6640625,0.0],[0.33203125,0.0],[0.0,0.0],[0.0,0.33203125],[0.0,0.6640625],[0.0,1.0],[0.33203125,1.0],[0.6640625,1.0],[1.0,1.0],[1.0,0.6640625],[1.0,0.33203125],[1.0,0.0]]]	true	output/scratch-14/cell_local/proofs/47.json	0	4ed9cd801bdd70992a9b7bd090803ffae349515f87546f044b21157e68e99d72	disc-verified:resolved	0	2ee3456a9aeb8607b88be4edd989a2034dd7fdd6f7846369d9dbc4c8ff20e6ae	disc-verified:resolved	output/scratch-14/witnesses/0047_requirement.json	"{""background_ordinal"":0,""bbox_global_raw"":[3552051.1999999993,4015172.2622976005,2614886.399999999,2614886.399999999],""branch"":""b"",""length"":1688,""n_coords"":96,""offset"":1077826848,""source_cell"":[0,923,638],""source_cell_sha256"":""00f9a287813a6b0e751fec33e7a71d7138e70a5ff420a317a86ae1430a9db2e0"",""spool_data"":""output/extract_timing/spool/level_0.data"",""trigger"":{""cell_raw"":[3003.763916797936,1638.3999999989755],""global_raw"":[3783611.763916798,2614886.399999999],""lat_lon"":[-36.7,118.8666669],""vertex"":47}}"	b	[0,923,638]	96	[3552051.2,4015172.262,2614886.4,2614886.4]	3	0	False	encoder_drops_clipped_source_sliver	south_offshore
0	925	638	288	0	0	0	0	0	0	0	-1	-1	48	O01	1	1	[13]	[[-36.75,-36.666666666666664,118.875,119.0]]	[-36.75,-36.666666666666664,118.875,119.0]	c	"[{""bbox_cell"":[924,928,635,640],""branches"":[""c""],""leaf_path"":[2013],""n_coords"":13}]"	T1	[[[1.0,0.0],[0.6640625,0.0],[0.33203125,0.0],[0.0,0.0],[0.0,0.33203125],[0.0,0.6640625],[0.0,1.0],[0.33203125,1.0],[0.6640625,1.0],[1.0,1.0],[1.0,0.6640625],[1.0,0.33203125],[1.0,0.0]]]	true	output/scratch-14/cell_local/proofs/48.json	0	4ed9cd801bdd70992a9b7bd090803ffae349515f87546f044b21157e68e99d72	disc-verified:resolved	0	2ee3456a9aeb8607b88be4edd989a2034dd7fdd6f7846369d9dbc4c8ff20e6ae	disc-verified:resolved	output/scratch-14/witnesses/0048_requirement.json	"{""background_ordinal"":0,""bbox_global_raw"":[3552051.1999999993,4015172.2622976005,2614886.399999999,2614886.399999999],""branch"":""b"",""length"":1688,""n_coords"":96,""offset"":1077826848,""source_cell"":[0,923,638],""source_cell_sha256"":""00f9a287813a6b0e751fec33e7a71d7138e70a5ff420a317a86ae1430a9db2e0"",""spool_data"":""output/extract_timing/spool/level_0.data"",""trigger"":{""cell_raw"":[674.0639743991196,1638.3999999989755],""global_raw"":[3789474.063974399,2614886.399999999],""lat_lon"":[-36.7,118.9113927],""vertex"":48}}"	b	[0,923,638]	96	[3552051.2,4015172.262,2614886.4,2614886.4]	4	0	False	encoder_drops_clipped_source_sliver	south_offshore
0	927	638	288	0	0	0	0	0	0	0	-1	-1	49	O01	1	1	[13]	[[-36.75,-36.666666666666664,118.875,119.0]]	[-36.75,-36.666666666666664,118.875,119.0]	c	"[{""bbox_cell"":[924,928,635,640],""branches"":[""c""],""leaf_path"":[2015],""n_coords"":13}]"	T1	[[[1.0,0.0],[0.6640625,0.0],[0.33203125,0.0],[0.0,0.0],[0.0,0.33203125],[0.0,0.6640625],[0.0,1.0],[0.33203125,1.0],[0.6640625,1.0],[1.0,1.0],[1.0,0.6640625],[1.0,0.33203125],[1.0,0.0]]]	true	output/scratch-14/cell_local/proofs/49.json	0	4ed9cd801bdd70992a9b7bd090803ffae349515f87546f044b21157e68e99d72	disc-verified:resolved	0	2ee3456a9aeb8607b88be4edd989a2034dd7fdd6f7846369d9dbc4c8ff20e6ae	disc-verified:resolved	output/scratch-14/witnesses/0049_requirement.json	"{""background_ordinal"":0,""bbox_global_raw"":[3552051.1999999993,4015172.2622976005,2614886.399999999,2614886.399999999],""branch"":""b"",""length"":1688,""n_coords"":96,""offset"":1077826848,""source_cell"":[0,923,638],""source_cell_sha256"":""00f9a287813a6b0e751fec33e7a71d7138e70a5ff420a317a86ae1430a9db2e0"",""spool_data"":""output/extract_timing/spool/level_0.data"",""trigger"":{""cell_raw"":[1275.5140608027577,1638.3999999989755],""global_raw"":[3798267.5140608028,2614886.399999999],""lat_lon"":[-36.7,118.9784814],""vertex"":50}}"	b	[0,923,638]	96	[3552051.2,4015172.262,2614886.4,2614886.4]	3	0	False	encoder_drops_clipped_source_sliver	south_offshore
0	928	638	288	0	0	0	0	0	0	0	-1	-1	50	O01	1	1	[13]	[[-36.75,-36.666666666666664,119.0,119.125]]	[-36.75,-36.666666666666664,119.0,119.125]	c	"[{""bbox_cell"":[928,932,635,640],""branches"":[""c""],""leaf_path"":[1984],""n_coords"":13}]"	T1	[[[1.0,0.0],[0.6640625,0.0],[0.33203125,0.0],[0.0,0.0],[0.0,0.33203125],[0.0,0.6640625],[0.0,1.0],[0.33203125,1.0],[0.6640625,1.0],[1.0,1.0],[1.0,0.6640625],[1.0,0.33203125],[1.0,0.0]]]	true	output/scratch-14/cell_local/proofs/50.json	0	4ed9cd801bdd70992a9b7bd090803ffae349515f87546f044b21157e68e99d72	disc-verified:resolved	0	2ee3456a9aeb8607b88be4edd989a2034dd7fdd6f7846369d9dbc4c8ff20e6ae	disc-verified:resolved	output/scratch-14/witnesses/0050_requirement.json	"{""background_ordinal"":0,""bbox_global_raw"":[3552051.1999999993,4015172.2622976005,2614886.399999999,2614886.399999999],""branch"":""b"",""length"":1688,""n_coords"":96,""offset"":1077826848,""source_cell"":[0,923,638],""source_cell_sha256"":""00f9a287813a6b0e751fec33e7a71d7138e70a5ff420a317a86ae1430a9db2e0"",""spool_data"":""output/extract_timing/spool/level_0.data"",""trigger"":{""cell_raw"":[110.66408959776163,1638.3999999989755],""global_raw"":[3801198.6640895978,2614886.399999999],""lat_lon"":[-36.7,119.0008443],""vertex"":51}}"	b	[0,923,638]	96	[3552051.2,4015172.262,2614886.4,2614886.4]	3	0	False	encoder_drops_clipped_source_sliver	south_offshore
0	929	638	288	0	0	0	0	0	0	0	-1	-1	51	O01	1	1	[13]	[[-36.75,-36.666666666666664,119.0,119.125]]	[-36.75,-36.666666666666664,119.0,119.125]	c	"[{""bbox_cell"":[928,932,635,640],""branches"":[""c""],""leaf_path"":[1985],""n_coords"":13}]"	T1	[[[1.0,0.0],[0.6640625,0.0],[0.33203125,0.0],[0.0,0.0],[0.0,0.33203125],[0.0,0.6640625],[0.0,1.0],[0.33203125,1.0],[0.6640625,1.0],[1.0,1.0],[1.0,0.6640625],[1.0,0.33203125],[1.0,0.0]]]	true	output/scratch-14/cell_local/proofs/51.json	0	4ed9cd801bdd70992a9b7bd090803ffae349515f87546f044b21157e68e99d72	disc-verified:resolved	0	2ee3456a9aeb8607b88be4edd989a2034dd7fdd6f7846369d9dbc4c8ff20e6ae	disc-verified:resolved	output/scratch-14/witnesses/0051_requirement.json	"{""background_ordinal"":0,""bbox_global_raw"":[3552051.1999999993,4015172.2622976005,2614886.399999999,2614886.399999999],""branch"":""b"",""length"":1688,""n_coords"":96,""offset"":1077826848,""source_cell"":[0,923,638],""source_cell_sha256"":""00f9a287813a6b0e751fec33e7a71d7138e70a5ff420a317a86ae1430a9db2e0"",""spool_data"":""output/extract_timing/spool/level_0.data"",""trigger"":{""cell_raw"":[1876.9510399997234,1638.3999999989755],""global_raw"":[3807060.9510399997,2614886.399999999],""lat_lon"":[-36.7,119.04557],""vertex"":52}}"	b	[0,923,638]	96	[3552051.2,4015172.262,2614886.4,2614886.4]	3	0	False	encoder_drops_clipped_source_sliver	south_offshore
0	930	638	288	0	0	0	0	0	0	0	-1	-1	52	O01	1	1	[13]	[[-36.75,-36.666666666666664,119.0,119.125]]	[-36.75,-36.666666666666664,119.0,119.125]	c	"[{""bbox_cell"":[928,932,635,640],""branches"":[""c""],""leaf_path"":[1986],""n_coords"":13}]"	T1	[[[1.0,0.0],[0.6640625,0.0],[0.33203125,0.0],[0.0,0.0],[0.0,0.33203125],[0.0,0.6640625],[0.0,1.0],[0.33203125,1.0],[0.6640625,1.0],[1.0,1.0],[1.0,0.6640625],[1.0,0.33203125],[1.0,0.0]]]	true	output/scratch-14/cell_local/proofs/52.json	0	4ed9cd801bdd70992a9b7bd090803ffae349515f87546f044b21157e68e99d72	disc-verified:resolved	0	2ee3456a9aeb8607b88be4edd989a2034dd7fdd6f7846369d9dbc4c8ff20e6ae	disc-verified:resolved	output/scratch-14/witnesses/0052_requirement.json	"{""background_ordinal"":0,""bbox_global_raw"":[3552051.1999999993,4015172.2622976005,2614886.399999999,2614886.399999999],""branch"":""b"",""length"":1688,""n_coords"":96,""offset"":1077826848,""source_cell"":[0,923,638],""source_cell_sha256"":""00f9a287813a6b0e751fec33e7a71d7138e70a5ff420a317a86ae1430a9db2e0"",""spool_data"":""output/extract_timing/spool/level_0.data"",""trigger"":{""cell_raw"":[3643.251097600907,1638.3999999989755],""global_raw"":[3812923.251097601,2614886.399999999],""lat_lon"":[-36.7,119.0902958],""vertex"":53}}"	b	[0,923,638]	96	[3552051.2,4015172.262,2614886.4,2614886.4]	3	0	False	encoder_drops_clipped_source_sliver	south_offshore
0	931	638	288	0	0	0	0	0	0	0	-1	-1	53	O01	1	1	[13]	[[-36.75,-36.666666666666664,119.0,119.125]]	[-36.75,-36.666666666666664,119.0,119.125]	c	"[{""bbox_cell"":[928,932,635,640],""branches"":[""c""],""leaf_path"":[1987],""n_coords"":13}]"	T1	[[[1.0,0.0],[0.6640625,0.0],[0.33203125,0.0],[0.0,0.0],[0.0,0.33203125],[0.0,0.6640625],[0.0,1.0],[0.33203125,1.0],[0.6640625,1.0],[1.0,1.0],[1.0,0.6640625],[1.0,0.33203125],[1.0,0.0]]]	true	output/scratch-14/cell_local/proofs/53.json	0	4ed9cd801bdd70992a9b7bd090803ffae349515f87546f044b21157e68e99d72	disc-verified:resolved	0	2ee3456a9aeb8607b88be4edd989a2034dd7fdd6f7846369d9dbc4c8ff20e6ae	disc-verified:resolved	output/scratch-14/witnesses/0053_requirement.json	"{""background_ordinal"":0,""bbox_global_raw"":[3552051.1999999993,4015172.2622976005,2614886.399999999,2614886.399999999],""branch"":""b"",""length"":1688,""n_coords"":96,""offset"":1077826848,""source_cell"":[0,923,638],""source_cell_sha256"":""00f9a287813a6b0e751fec33e7a71d7138e70a5ff420a317a86ae1430a9db2e0"",""spool_data"":""output/extract_timing/spool/level_0.data"",""trigger"":{""cell_raw"":[2478.4011263996363,1638.3999999989755],""global_raw"":[3815854.4011263996,2614886.399999999],""lat_lon"":[-36.7,119.1126587],""vertex"":54}}"	b	[0,923,638]	96	[3552051.2,4015172.262,2614886.4,2614886.4]	3	0	False	encoder_drops_clipped_source_sliver	south_offshore
0	933	638	288	0	0	0	0	0	0	0	-1	-1	54	O01	1	1	[13]	[[-36.75,-36.666666666666664,119.125,119.25]]	[-36.75,-36.666666666666664,119.125,119.25]	c	"[{""bbox_cell"":[932,936,635,640],""branches"":[""c""],""leaf_path"":[1989],""n_coords"":13}]"	T1	[[[1.0,0.0],[0.6640625,0.0],[0.33203125,0.0],[0.0,0.0],[0.0,0.33203125],[0.0,0.6640625],[0.0,1.0],[0.33203125,1.0],[0.6640625,1.0],[1.0,1.0],[1.0,0.6640625],[1.0,0.33203125],[1.0,0.0]]]	true	output/scratch-14/cell_local/proofs/54.json	0	4ed9cd801bdd70992a9b7bd090803ffae349515f87546f044b21157e68e99d72	disc-verified:resolved	0	2ee3456a9aeb8607b88be4edd989a2034dd7fdd6f7846369d9dbc4c8ff20e6ae	disc-verified:resolved	output/scratch-14/witnesses/0054_requirement.json	"{""background_ordinal"":0,""bbox_global_raw"":[3552051.1999999993,4015172.2622976005,2614886.399999999,2614886.399999999],""branch"":""b"",""length"":1688,""n_coords"":96,""offset"":1077826848,""source_cell"":[0,923,638],""source_cell_sha256"":""00f9a287813a6b0e751fec33e7a71d7138e70a5ff420a317a86ae1430a9db2e0"",""spool_data"":""output/extract_timing/spool/level_0.data"",""trigger"":{""cell_raw"":[148.70118400081992,1638.3999999989755],""global_raw"":[3821716.701184001,2614886.399999999],""lat_lon"":[-36.7,119.1573845],""vertex"":55}}"	b	[0,923,638]	96	[3552051.2,4015172.262,2614886.4,2614886.4]	3	0	False	encoder_drops_clipped_source_sliver	south_offshore
0	934	638	288	0	0	0	0	0	0	0	-1	-1	55	O01	1	1	[13]	[[-36.75,-36.666666666666664,119.125,119.25]]	[-36.75,-36.666666666666664,119.125,119.25]	c	"[{""bbox_cell"":[932,936,635,640],""branches"":[""c""],""leaf_path"":[1990],""n_coords"":13}]"	T1	[[[1.0,0.0],[0.6640625,0.0],[0.33203125,0.0],[0.0,0.0],[0.0,0.33203125],[0.0,0.6640625],[0.0,1.0],[0.33203125,1.0],[0.6640625,1.0],[1.0,1.0],[1.0,0.6640625],[1.0,0.33203125],[1.0,0.0]]]	true	output/scratch-14/cell_local/proofs/55.json	0	4ed9cd801bdd70992a9b7bd090803ffae349515f87546f044b21157e68e99d72	disc-verified:resolved	0	2ee3456a9aeb8607b88be4edd989a2034dd7fdd6f7846369d9dbc4c8ff20e6ae	disc-verified:resolved	output/scratch-14/witnesses/0055_requirement.json	"{""background_ordinal"":0,""bbox_global_raw"":[3552051.1999999993,4015172.2622976005,2614886.399999999,2614886.399999999],""branch"":""b"",""length"":1688,""n_coords"":96,""offset"":1077826848,""source_cell"":[0,923,638],""source_cell_sha256"":""00f9a287813a6b0e751fec33e7a71d7138e70a5ff420a317a86ae1430a9db2e0"",""spool_data"":""output/extract_timing/spool/level_0.data"",""trigger"":{""cell_raw"":[1915.0012416020036,1638.3999999989755],""global_raw"":[3827579.001241602,2614886.399999999],""lat_lon"":[-36.7,119.2021103],""vertex"":56}}"	b	[0,923,638]	96	[3552051.2,4015172.262,2614886.4,2614886.4]	3	0	False	encoder_drops_clipped_source_sliver	south_offshore
0	935	638	288	0	0	0	0	0	0	0	-1	-1	56	O01	1	1	[13]	[[-36.75,-36.666666666666664,119.125,119.25]]	[-36.75,-36.666666666666664,119.125,119.25]	c	"[{""bbox_cell"":[932,936,635,640],""branches"":[""c""],""leaf_path"":[1991],""n_coords"":13}]"	T1	[[[1.0,0.0],[0.6640625,0.0],[0.33203125,0.0],[0.0,0.0],[0.0,0.33203125],[0.0,0.6640625],[0.0,1.0],[0.33203125,1.0],[0.6640625,1.0],[1.0,1.0],[1.0,0.6640625],[1.0,0.33203125],[1.0,0.0]]]	true	output/scratch-14/cell_local/proofs/56.json	0	4ed9cd801bdd70992a9b7bd090803ffae349515f87546f044b21157e68e99d72	disc-verified:resolved	0	2ee3456a9aeb8607b88be4edd989a2034dd7fdd6f7846369d9dbc4c8ff20e6ae	disc-verified:resolved	output/scratch-14/witnesses/0056_requirement.json	"{""background_ordinal"":0,""bbox_global_raw"":[3552051.1999999993,4015172.2622976005,2614886.399999999,2614886.399999999],""branch"":""b"",""length"":1688,""n_coords"":96,""offset"":1077826848,""source_cell"":[0,923,638],""source_cell_sha256"":""00f9a287813a6b0e751fec33e7a71d7138e70a5ff420a317a86ae1430a9db2e0"",""spool_data"":""output/extract_timing/spool/level_0.data"",""trigger"":{""cell_raw"":[3681.28819200024,1638.3999999989755],""global_raw"":[3833441.2881920002,2614886.399999999],""lat_lon"":[-36.7,119.246836],""vertex"":57}}"	b	[0,923,638]	96	[3552051.2,4015172.262,2614886.4,2614886.4]	3	0	False	encoder_drops_clipped_source_sliver	south_offshore
0	937	638	288	0	0	0	0	0	0	0	-1	-1	57	O01	1	1	[13]	[[-36.75,-36.666666666666664,119.25,119.375]]	[-36.75,-36.666666666666664,119.25,119.375]	c	"[{""bbox_cell"":[936,940,635,640],""branches"":[""c""],""leaf_path"":[1993],""n_coords"":13}]"	T1	[[[1.0,0.0],[0.6640625,0.0],[0.33203125,0.0],[0.0,0.0],[0.0,0.33203125],[0.0,0.6640625],[0.0,1.0],[0.33203125,1.0],[0.6640625,1.0],[1.0,1.0],[1.0,0.6640625],[1.0,0.33203125],[1.0,0.0]]]	true	output/scratch-14/cell_local/proofs/57.json	0	4ed9cd801bdd70992a9b7bd090803ffae349515f87546f044b21157e68e99d72	disc-verified:resolved	0	2ee3456a9aeb8607b88be4edd989a2034dd7fdd6f7846369d9dbc4c8ff20e6ae	disc-verified:resolved	output/scratch-14/witnesses/0057_requirement.json	"{""background_ordinal"":0,""bbox_global_raw"":[3552051.1999999993,4015172.2622976005,2614886.399999999,2614886.399999999],""branch"":""b"",""length"":1688,""n_coords"":96,""offset"":1077826848,""source_cell"":[0,923,638],""source_cell_sha256"":""00f9a287813a6b0e751fec33e7a71d7138e70a5ff420a317a86ae1430a9db2e0"",""spool_data"":""output/extract_timing/spool/level_0.data"",""trigger"":{""cell_raw"":[1351.5882496014237,1638.3999999989755],""global_raw"":[3839303.5882496014,2614886.399999999],""lat_lon"":[-36.7,119.2915618],""vertex"":58}}"	b	[0,923,638]	96	[3552051.2,4015172.262,2614886.4,2614886.4]	3	0	False	encoder_drops_clipped_source_sliver	south_offshore
0	938	638	288	0	0	0	0	0	0	0	-1	-1	58	O01	1	1	[13]	[[-36.75,-36.666666666666664,119.25,119.375]]	[-36.75,-36.666666666666664,119.25,119.375]	c	"[{""bbox_cell"":[936,940,635,640],""branches"":[""c""],""leaf_path"":[1994],""n_coords"":13}]"	T1	[[[1.0,0.0],[0.6640625,0.0],[0.33203125,0.0],[0.0,0.0],[0.0,0.33203125],[0.0,0.6640625],[0.0,1.0],[0.33203125,1.0],[0.6640625,1.0],[1.0,1.0],[1.0,0.6640625],[1.0,0.33203125],[1.0,0.0]]]	true	output/scratch-14/cell_local/proofs/58.json	0	4ed9cd801bdd70992a9b7bd090803ffae349515f87546f044b21157e68e99d72	disc-verified:resolved	0	2ee3456a9aeb8607b88be4edd989a2034dd7fdd6f7846369d9dbc4c8ff20e6ae	disc-verified:resolved	output/scratch-14/witnesses/0058_requirement.json	"{""background_ordinal"":0,""bbox_global_raw"":[3552051.1999999993,4015172.2622976005,2614886.399999999,2614886.399999999],""branch"":""b"",""length"":1688,""n_coords"":96,""offset"":1077826848,""source_cell"":[0,923,638],""source_cell_sha256"":""00f9a287813a6b0e751fec33e7a71d7138e70a5ff420a317a86ae1430a9db2e0"",""spool_data"":""output/extract_timing/spool/level_0.data"",""trigger"":{""cell_raw"":[186.73827840015292,1638.3999999989755],""global_raw"":[3842234.7382784,2614886.399999999],""lat_lon"":[-36.7,119.3139247],""vertex"":59}}"	b	[0,923,638]	96	[3552051.2,4015172.262,2614886.4,2614886.4]	3	0	False	encoder_drops_clipped_source_sliver	south_offshore
0	939	638	288	0	0	0	0	0	0	0	-1	-1	59	O01	1	1	[13]	[[-36.75,-36.666666666666664,119.25,119.375]]	[-36.75,-36.666666666666664,119.25,119.375]	c	"[{""bbox_cell"":[936,940,635,640],""branches"":[""c""],""leaf_path"":[1995],""n_coords"":13}]"	T1	[[[1.0,0.0],[0.6640625,0.0],[0.33203125,0.0],[0.0,0.0],[0.0,0.33203125],[0.0,0.6640625],[0.0,1.0],[0.33203125,1.0],[0.6640625,1.0],[1.0,1.0],[1.0,0.6640625],[1.0,0.33203125],[1.0,0.0]]]	true	output/scratch-14/cell_local/proofs/59.json	0	4ed9cd801bdd70992a9b7bd090803ffae349515f87546f044b21157e68e99d72	disc-verified:resolved	0	2ee3456a9aeb8607b88be4edd989a2034dd7fdd6f7846369d9dbc4c8ff20e6ae	disc-verified:resolved	output/scratch-14/witnesses/0059_requirement.json	"{""background_ordinal"":0,""bbox_global_raw"":[3552051.1999999993,4015172.2622976005,2614886.399999999,2614886.399999999],""branch"":""b"",""length"":1688,""n_coords"":96,""offset"":1077826848,""source_cell"":[0,923,638],""source_cell_sha256"":""00f9a287813a6b0e751fec33e7a71d7138e70a5ff420a317a86ae1430a9db2e0"",""spool_data"":""output/extract_timing/spool/level_0.data"",""trigger"":{""cell_raw"":[1953.0383360013366,1638.3999999989755],""global_raw"":[3848097.0383360013,2614886.399999999],""lat_lon"":[-36.7,119.3586505],""vertex"":60}}"	b	[0,923,638]	96	[3552051.2,4015172.262,2614886.4,2614886.4]	3	0	False	encoder_drops_clipped_source_sliver	south_offshore
0	940	638	288	0	0	0	0	0	0	0	-1	-1	60	O01	1	1	[13]	[[-36.75,-36.666666666666664,119.375,119.5]]	[-36.75,-36.666666666666664,119.375,119.5]	c	"[{""bbox_cell"":[940,944,635,640],""branches"":[""c""],""leaf_path"":[1996],""n_coords"":13}]"	T1	[[[1.0,0.0],[0.6640625,0.0],[0.33203125,0.0],[0.0,0.0],[0.0,0.33203125],[0.0,0.6640625],[0.0,1.0],[0.33203125,1.0],[0.6640625,1.0],[1.0,1.0],[1.0,0.6640625],[1.0,0.33203125],[1.0,0.0]]]	true	output/scratch-14/cell_local/proofs/60.json	0	4ed9cd801bdd70992a9b7bd090803ffae349515f87546f044b21157e68e99d72	disc-verified:resolved	0	2ee3456a9aeb8607b88be4edd989a2034dd7fdd6f7846369d9dbc4c8ff20e6ae	disc-verified:resolved	output/scratch-14/witnesses/0060_requirement.json	"{""background_ordinal"":0,""bbox_global_raw"":[3552051.1999999993,4015172.2622976005,2614886.399999999,2614886.399999999],""branch"":""b"",""length"":1688,""n_coords"":96,""offset"":1077826848,""source_cell"":[0,923,638],""source_cell_sha256"":""00f9a287813a6b0e751fec33e7a71d7138e70a5ff420a317a86ae1430a9db2e0"",""spool_data"":""output/extract_timing/spool/level_0.data"",""trigger"":{""cell_raw"":[3719.338393598795,1638.3999999989755],""global_raw"":[3853959.338393599,2614886.399999999],""lat_lon"":[-36.7,119.4033763],""vertex"":61}}"	b	[0,923,638]	96	[3552051.2,4015172.262,2614886.4,2614886.4]	3	0	False	encoder_drops_clipped_source_sliver	south_offshore
0	942	638	288	0	0	0	0	0	0	0	-1	-1	61	O01	1	1	[13]	[[-36.75,-36.666666666666664,119.375,119.5]]	[-36.75,-36.666666666666664,119.375,119.5]	c	"[{""bbox_cell"":[940,944,635,640],""branches"":[""c""],""leaf_path"":[1998],""n_coords"":13}]"	T1	[[[1.0,0.0],[0.6640625,0.0],[0.33203125,0.0],[0.0,0.0],[0.0,0.33203125],[0.0,0.6640625],[0.0,1.0],[0.33203125,1.0],[0.6640625,1.0],[1.0,1.0],[1.0,0.6640625],[1.0,0.33203125],[1.0,0.0]]]	true	output/scratch-14/cell_local/proofs/61.json	0	4ed9cd801bdd70992a9b7bd090803ffae349515f87546f044b21157e68e99d72	disc-verified:resolved	0	2ee3456a9aeb8607b88be4edd989a2034dd7fdd6f7846369d9dbc4c8ff20e6ae	disc-verified:resolved	output/scratch-14/witnesses/0061_requirement.json	"{""background_ordinal"":0,""bbox_global_raw"":[3552051.1999999993,4015172.2622976005,2614886.399999999,2614886.399999999],""branch"":""b"",""length"":1688,""n_coords"":96,""offset"":1077826848,""source_cell"":[0,923,638],""source_cell_sha256"":""00f9a287813a6b0e751fec33e7a71d7138e70a5ff420a317a86ae1430a9db2e0"",""spool_data"":""output/extract_timing/spool/level_0.data"",""trigger"":{""cell_raw"":[1389.6253440007567,1638.3999999989755],""global_raw"":[3859821.6253440008,2614886.399999999],""lat_lon"":[-36.7,119.448102],""vertex"":62}}"	b	[0,923,638]	96	[3552051.2,4015172.262,2614886.4,2614886.4]	3	0	False	encoder_drops_clipped_source_sliver	south_offshore
0	943	638	288	0	0	0	0	0	0	0	-1	-1	62	O01	1	1	[13]	[[-36.75,-36.666666666666664,119.375,119.5]]	[-36.75,-36.666666666666664,119.375,119.5]	c	"[{""bbox_cell"":[940,944,635,640],""branches"":[""c""],""leaf_path"":[1999],""n_coords"":13}]"	T1	[[[1.0,0.0],[0.6640625,0.0],[0.33203125,0.0],[0.0,0.0],[0.0,0.33203125],[0.0,0.6640625],[0.0,1.0],[0.33203125,1.0],[0.6640625,1.0],[1.0,1.0],[1.0,0.6640625],[1.0,0.33203125],[1.0,0.0]]]	true	output/scratch-14/cell_local/proofs/62.json	0	4ed9cd801bdd70992a9b7bd090803ffae349515f87546f044b21157e68e99d72	disc-verified:resolved	0	2ee3456a9aeb8607b88be4edd989a2034dd7fdd6f7846369d9dbc4c8ff20e6ae	disc-verified:resolved	output/scratch-14/witnesses/0062_requirement.json	"{""background_ordinal"":0,""bbox_global_raw"":[3552051.1999999993,4015172.2622976005,2614886.399999999,2614886.399999999],""branch"":""b"",""length"":1688,""n_coords"":96,""offset"":1077826848,""source_cell"":[0,923,638],""source_cell_sha256"":""00f9a287813a6b0e751fec33e7a71d7138e70a5ff420a317a86ae1430a9db2e0"",""spool_data"":""output/extract_timing/spool/level_0.data"",""trigger"":{""cell_raw"":[224.77537279948592,1638.3999999989755],""global_raw"":[3862752.7753727995,2614886.399999999],""lat_lon"":[-36.7,119.4704649],""vertex"":63}}"	b	[0,923,638]	96	[3552051.2,4015172.262,2614886.4,2614886.4]	3	0	False	encoder_drops_clipped_source_sliver	south_offshore
0	944	638	288	0	0	0	0	0	0	0	-1	-1	63	O01	1	1	[13]	[[-36.75,-36.666666666666664,119.5,119.625]]	[-36.75,-36.666666666666664,119.5,119.625]	c	"[{""bbox_cell"":[944,948,635,640],""branches"":[""c""],""leaf_path"":[2000],""n_coords"":13}]"	T1	[[[1.0,0.0],[0.6640625,0.0],[0.33203125,0.0],[0.0,0.0],[0.0,0.33203125],[0.0,0.6640625],[0.0,1.0],[0.33203125,1.0],[0.6640625,1.0],[1.0,1.0],[1.0,0.6640625],[1.0,0.33203125],[1.0,0.0]]]	true	output/scratch-14/cell_local/proofs/63.json	0	4ed9cd801bdd70992a9b7bd090803ffae349515f87546f044b21157e68e99d72	disc-verified:resolved	0	2ee3456a9aeb8607b88be4edd989a2034dd7fdd6f7846369d9dbc4c8ff20e6ae	disc-verified:resolved	output/scratch-14/witnesses/0063_requirement.json	"{""background_ordinal"":0,""bbox_global_raw"":[3552051.1999999993,4015172.2622976005,2614886.399999999,2614886.399999999],""branch"":""b"",""length"":1688,""n_coords"":96,""offset"":1077826848,""source_cell"":[0,923,638],""source_cell_sha256"":""00f9a287813a6b0e751fec33e7a71d7138e70a5ff420a317a86ae1430a9db2e0"",""spool_data"":""output/extract_timing/spool/level_0.data"",""trigger"":{""cell_raw"":[1991.0754304006696,1638.3999999989755],""global_raw"":[3868615.0754304007,2614886.399999999],""lat_lon"":[-36.7,119.5151907],""vertex"":64}}"	b	[0,923,638]	96	[3552051.2,4015172.262,2614886.4,2614886.4]	3	0	False	encoder_drops_clipped_source_sliver	south_offshore
0	945	638	288	0	0	0	0	0	0	0	-1	-1	64	O01	1	1	[13]	[[-36.75,-36.666666666666664,119.5,119.625]]	[-36.75,-36.666666666666664,119.5,119.625]	c	"[{""bbox_cell"":[944,948,635,640],""branches"":[""c""],""leaf_path"":[2001],""n_coords"":13}]"	T1	[[[1.0,0.0],[0.6640625,0.0],[0.33203125,0.0],[0.0,0.0],[0.0,0.33203125],[0.0,0.6640625],[0.0,1.0],[0.33203125,1.0],[0.6640625,1.0],[1.0,1.0],[1.0,0.6640625],[1.0,0.33203125],[1.0,0.0]]]	true	output/scratch-14/cell_local/proofs/64.json	0	4ed9cd801bdd70992a9b7bd090803ffae349515f87546f044b21157e68e99d72	disc-verified:resolved	0	2ee3456a9aeb8607b88be4edd989a2034dd7fdd6f7846369d9dbc4c8ff20e6ae	disc-verified:resolved	output/scratch-14/witnesses/0064_requirement.json	"{""background_ordinal"":0,""bbox_global_raw"":[3552051.1999999993,4015172.2622976005,2614886.399999999,2614886.399999999],""branch"":""b"",""length"":1688,""n_coords"":96,""offset"":1077826848,""source_cell"":[0,923,638],""source_cell_sha256"":""00f9a287813a6b0e751fec33e7a71d7138e70a5ff420a317a86ae1430a9db2e0"",""spool_data"":""output/extract_timing/spool/level_0.data"",""trigger"":{""cell_raw"":[3757.375487998128,1638.3999999989755],""global_raw"":[3874477.375487998,2614886.399999999],""lat_lon"":[-36.7,119.5599165],""vertex"":65}}"	b	[0,923,638]	96	[3552051.2,4015172.262,2614886.4,2614886.4]	3	0	False	encoder_drops_clipped_source_sliver	south_offshore
0	946	638	288	0	0	0	0	0	0	0	-1	-1	65	O01	1	1	[13]	[[-36.75,-36.666666666666664,119.5,119.625]]	[-36.75,-36.666666666666664,119.5,119.625]	c	"[{""bbox_cell"":[944,948,635,640],""branches"":[""c""],""leaf_path"":[2002],""n_coords"":13}]"	T1	[[[1.0,0.0],[0.6640625,0.0],[0.33203125,0.0],[0.0,0.0],[0.0,0.33203125],[0.0,0.6640625],[0.0,1.0],[0.33203125,1.0],[0.6640625,1.0],[1.0,1.0],[1.0,0.6640625],[1.0,0.33203125],[1.0,0.0]]]	true	output/scratch-14/cell_local/proofs/65.json	0	4ed9cd801bdd70992a9b7bd090803ffae349515f87546f044b21157e68e99d72	disc-verified:resolved	0	2ee3456a9aeb8607b88be4edd989a2034dd7fdd6f7846369d9dbc4c8ff20e6ae	disc-verified:resolved	output/scratch-14/witnesses/0065_requirement.json	"{""background_ordinal"":0,""bbox_global_raw"":[3552051.1999999993,4015172.2622976005,2614886.399999999,2614886.399999999],""branch"":""b"",""length"":1688,""n_coords"":96,""offset"":1077826848,""source_cell"":[0,923,638],""source_cell_sha256"":""00f9a287813a6b0e751fec33e7a71d7138e70a5ff420a317a86ae1430a9db2e0"",""spool_data"":""output/extract_timing/spool/level_0.data"",""trigger"":{""cell_raw"":[2592.5255168005824,1638.3999999989755],""global_raw"":[3877408.5255168006,2614886.399999999],""lat_lon"":[-36.7,119.5822794],""vertex"":66}}"	b	[0,923,638]	96	[3552051.2,4015172.262,2614886.4,2614886.4]	3	0	False	encoder_drops_clipped_source_sliver	south_offshore
0	948	638	288	0	0	0	0	0	0	0	-1	-1	66	O01	1	1	[13]	[[-36.75,-36.666666666666664,119.625,119.75]]	[-36.75,-36.666666666666664,119.625,119.75]	c	"[{""bbox_cell"":[948,952,635,640],""branches"":[""c""],""leaf_path"":[2004],""n_coords"":13}]"	T1	[[[1.0,0.0],[0.6640625,0.0],[0.33203125,0.0],[0.0,0.0],[0.0,0.33203125],[0.0,0.6640625],[0.0,1.0],[0.33203125,1.0],[0.6640625,1.0],[1.0,1.0],[1.0,0.6640625],[1.0,0.33203125],[1.0,0.0]]]	true	output/scratch-14/cell_local/proofs/66.json	0	4ed9cd801bdd70992a9b7bd090803ffae349515f87546f044b21157e68e99d72	disc-verified:resolved	0	2ee3456a9aeb8607b88be4edd989a2034dd7fdd6f7846369d9dbc4c8ff20e6ae	disc-verified:resolved	output/scratch-14/witnesses/0066_requirement.json	"{""background_ordinal"":0,""bbox_global_raw"":[3552051.1999999993,4015172.2622976005,2614886.399999999,2614886.399999999],""branch"":""b"",""length"":1688,""n_coords"":96,""offset"":1077826848,""source_cell"":[0,923,638],""source_cell_sha256"":""00f9a287813a6b0e751fec33e7a71d7138e70a5ff420a317a86ae1430a9db2e0"",""spool_data"":""output/extract_timing/spool/level_0.data"",""trigger"":{""cell_raw"":[262.82557439804077,1638.3999999989755],""global_raw"":[3883270.825574398,2614886.399999999],""lat_lon"":[-36.7,119.6270052],""vertex"":67}}"	b	[0,923,638]	96	[3552051.2,4015172.262,2614886.4,2614886.4]	3	0	False	encoder_drops_clipped_source_sliver	south_offshore
0	949	638	288	0	0	0	0	0	0	0	-1	-1	67	O01	1	1	[13]	[[-36.75,-36.666666666666664,119.625,119.75]]	[-36.75,-36.666666666666664,119.625,119.75]	c	"[{""bbox_cell"":[948,952,635,640],""branches"":[""c""],""leaf_path"":[2005],""n_coords"":13}]"	T1	[[[1.0,0.0],[0.6640625,0.0],[0.33203125,0.0],[0.0,0.0],[0.0,0.33203125],[0.0,0.6640625],[0.0,1.0],[0.33203125,1.0],[0.6640625,1.0],[1.0,1.0],[1.0,0.6640625],[1.0,0.33203125],[1.0,0.0]]]	true	output/scratch-14/cell_local/proofs/67.json	0	4ed9cd801bdd70992a9b7bd090803ffae349515f87546f044b21157e68e99d72	disc-verified:resolved	0	2ee3456a9aeb8607b88be4edd989a2034dd7fdd6f7846369d9dbc4c8ff20e6ae	disc-verified:resolved	output/scratch-14/witnesses/0067_requirement.json	"{""background_ordinal"":0,""bbox_global_raw"":[3552051.1999999993,4015172.2622976005,2614886.399999999,2614886.399999999],""branch"":""b"",""length"":1688,""n_coords"":96,""offset"":1077826848,""source_cell"":[0,923,638],""source_cell_sha256"":""00f9a287813a6b0e751fec33e7a71d7138e70a5ff420a317a86ae1430a9db2e0"",""spool_data"":""output/extract_timing/spool/level_0.data"",""trigger"":{""cell_raw"":[2029.1125248000026,1638.3999999989755],""global_raw"":[3889133.1125248,2614886.399999999],""lat_lon"":[-36.7,119.6717309],""vertex"":68}}"	b	[0,923,638]	96	[3552051.2,4015172.262,2614886.4,2614886.4]	3	0	False	encoder_drops_clipped_source_sliver	south_offshore
0	950	638	288	0	0	0	0	0	0	0	-1	-1	68	O01	1	1	[13]	[[-36.75,-36.666666666666664,119.625,119.75]]	[-36.75,-36.666666666666664,119.625,119.75]	c	"[{""bbox_cell"":[948,952,635,640],""branches"":[""c""],""leaf_path"":[2006],""n_coords"":13}]"	T1	[[[1.0,0.0],[0.6640625,0.0],[0.33203125,0.0],[0.0,0.0],[0.0,0.33203125],[0.0,0.6640625],[0.0,1.0],[0.33203125,1.0],[0.6640625,1.0],[1.0,1.0],[1.0,0.6640625],[1.0,0.33203125],[1.0,0.0]]]	true	output/scratch-14/cell_local/proofs/68.json	0	4ed9cd801bdd70992a9b7bd090803ffae349515f87546f044b21157e68e99d72	disc-verified:resolved	0	2ee3456a9aeb8607b88be4edd989a2034dd7fdd6f7846369d9dbc4c8ff20e6ae	disc-verified:resolved	output/scratch-14/witnesses/0068_requirement.json	"{""background_ordinal"":0,""bbox_global_raw"":[3552051.1999999993,4015172.2622976005,2614886.399999999,2614886.399999999],""branch"":""b"",""length"":1688,""n_coords"":96,""offset"":1077826848,""source_cell"":[0,923,638],""source_cell_sha256"":""00f9a287813a6b0e751fec33e7a71d7138e70a5ff420a317a86ae1430a9db2e0"",""spool_data"":""output/extract_timing/spool/level_0.data"",""trigger"":{""cell_raw"":[3795.412582397461,1638.3999999989755],""global_raw"":[3894995.4125823975,2614886.399999999],""lat_lon"":[-36.7,119.7164567],""vertex"":69}}"	b	[0,923,638]	96	[3552051.2,4015172.262,2614886.4,2614886.4]	3	0	False	encoder_drops_clipped_source_sliver	south_offshore
0	951	638	288	0	0	0	0	0	0	0	-1	-1	69	O01	1	1	[13]	[[-36.75,-36.666666666666664,119.625,119.75]]	[-36.75,-36.666666666666664,119.625,119.75]	c	"[{""bbox_cell"":[948,952,635,640],""branches"":[""c""],""leaf_path"":[2007],""n_coords"":13}]"	T1	[[[1.0,0.0],[0.6640625,0.0],[0.33203125,0.0],[0.0,0.0],[0.0,0.33203125],[0.0,0.6640625],[0.0,1.0],[0.33203125,1.0],[0.6640625,1.0],[1.0,1.0],[1.0,0.6640625],[1.0,0.33203125],[1.0,0.0]]]	true	output/scratch-14/cell_local/proofs/69.json	0	4ed9cd801bdd70992a9b7bd090803ffae349515f87546f044b21157e68e99d72	disc-verified:resolved	0	2ee3456a9aeb8607b88be4edd989a2034dd7fdd6f7846369d9dbc4c8ff20e6ae	disc-verified:resolved	output/scratch-14/witnesses/0069_requirement.json	"{""background_ordinal"":0,""bbox_global_raw"":[3552051.1999999993,4015172.2622976005,2614886.399999999,2614886.399999999],""branch"":""b"",""length"":1688,""n_coords"":96,""offset"":1077826848,""source_cell"":[0,923,638],""source_cell_sha256"":""00f9a287813a6b0e751fec33e7a71d7138e70a5ff420a317a86ae1430a9db2e0"",""spool_data"":""output/extract_timing/spool/level_0.data"",""trigger"":{""cell_raw"":[2630.5626111999154,1638.3999999989755],""global_raw"":[3897926.5626112,2614886.399999999],""lat_lon"":[-36.7,119.7388196],""vertex"":70}}"	b	[0,923,638]	96	[3552051.2,4015172.262,2614886.4,2614886.4]	3	0	False	encoder_drops_clipped_source_sliver	south_offshore
0	953	638	288	0	0	0	0	0	0	0	-1	-1	70	O01	1	1	[13]	[[-36.75,-36.666666666666664,119.75,119.875]]	[-36.75,-36.666666666666664,119.75,119.875]	c	"[{""bbox_cell"":[952,956,635,640],""branches"":[""c""],""leaf_path"":[2009],""n_coords"":13}]"	T1	[[[1.0,0.0],[0.6640625,0.0],[0.33203125,0.0],[0.0,0.0],[0.0,0.33203125],[0.0,0.6640625],[0.0,1.0],[0.33203125,1.0],[0.6640625,1.0],[1.0,1.0],[1.0,0.6640625],[1.0,0.33203125],[1.0,0.0]]]	true	output/scratch-14/cell_local/proofs/70.json	0	4ed9cd801bdd70992a9b7bd090803ffae349515f87546f044b21157e68e99d72	disc-verified:resolved	0	2ee3456a9aeb8607b88be4edd989a2034dd7fdd6f7846369d9dbc4c8ff20e6ae	disc-verified:resolved	output/scratch-14/witnesses/0070_requirement.json	"{""background_ordinal"":0,""bbox_global_raw"":[3552051.1999999993,4015172.2622976005,2614886.399999999,2614886.399999999],""branch"":""b"",""length"":1688,""n_coords"":96,""offset"":1077826848,""source_cell"":[0,923,638],""source_cell_sha256"":""00f9a287813a6b0e751fec33e7a71d7138e70a5ff420a317a86ae1430a9db2e0"",""spool_data"":""output/extract_timing/spool/level_0.data"",""trigger"":{""cell_raw"":[300.8626687973738,1638.3999999989755],""global_raw"":[3903788.8626687974,2614886.399999999],""lat_lon"":[-36.7,119.7835454],""vertex"":71}}"	b	[0,923,638]	96	[3552051.2,4015172.262,2614886.4,2614886.4]	3	0	False	encoder_drops_clipped_source_sliver	south_offshore
0	954	638	288	0	0	0	0	0	0	0	-1	-1	71	O01	1	1	[13]	[[-36.75,-36.666666666666664,119.75,119.875]]	[-36.75,-36.666666666666664,119.75,119.875]	c	"[{""bbox_cell"":[952,956,635,640],""branches"":[""c""],""leaf_path"":[2010],""n_coords"":13}]"	T1	[[[1.0,0.0],[0.6640625,0.0],[0.33203125,0.0],[0.0,0.0],[0.0,0.33203125],[0.0,0.6640625],[0.0,1.0],[0.33203125,1.0],[0.6640625,1.0],[1.0,1.0],[1.0,0.6640625],[1.0,0.33203125],[1.0,0.0]]]	true	output/scratch-14/cell_local/proofs/71.json	0	4ed9cd801bdd70992a9b7bd090803ffae349515f87546f044b21157e68e99d72	disc-verified:resolved	0	2ee3456a9aeb8607b88be4edd989a2034dd7fdd6f7846369d9dbc4c8ff20e6ae	disc-verified:resolved	output/scratch-14/witnesses/0071_requirement.json	"{""background_ordinal"":0,""bbox_global_raw"":[3552051.1999999993,4015172.2622976005,2614886.399999999,2614886.399999999],""branch"":""b"",""length"":1688,""n_coords"":96,""offset"":1077826848,""source_cell"":[0,923,638],""source_cell_sha256"":""00f9a287813a6b0e751fec33e7a71d7138e70a5ff420a317a86ae1430a9db2e0"",""spool_data"":""output/extract_timing/spool/level_0.data"",""trigger"":{""cell_raw"":[2067.1627264022827,1638.3999999989755],""global_raw"":[3909651.1627264023,2614886.399999999],""lat_lon"":[-36.7,119.8282712],""vertex"":72}}"	b	[0,923,638]	96	[3552051.2,4015172.262,2614886.4,2614886.4]	3	0	False	encoder_drops_clipped_source_sliver	south_offshore
0	955	638	288	0	0	0	0	0	0	0	-1	-1	72	O01	1	1	[13]	[[-36.75,-36.666666666666664,119.75,119.875]]	[-36.75,-36.666666666666664,119.75,119.875]	c	"[{""bbox_cell"":[952,956,635,640],""branches"":[""c""],""leaf_path"":[2011],""n_coords"":13}]"	T1	[[[1.0,0.0],[0.6640625,0.0],[0.33203125,0.0],[0.0,0.0],[0.0,0.33203125],[0.0,0.6640625],[0.0,1.0],[0.33203125,1.0],[0.6640625,1.0],[1.0,1.0],[1.0,0.6640625],[1.0,0.33203125],[1.0,0.0]]]	true	output/scratch-14/cell_local/proofs/72.json	0	4ed9cd801bdd70992a9b7bd090803ffae349515f87546f044b21157e68e99d72	disc-verified:resolved	0	2ee3456a9aeb8607b88be4edd989a2034dd7fdd6f7846369d9dbc4c8ff20e6ae	disc-verified:resolved	output/scratch-14/witnesses/0072_requirement.json	"{""background_ordinal"":0,""bbox_global_raw"":[3552051.1999999993,4015172.2622976005,2614886.399999999,2614886.399999999],""branch"":""b"",""length"":1688,""n_coords"":96,""offset"":1077826848,""source_cell"":[0,923,638],""source_cell_sha256"":""00f9a287813a6b0e751fec33e7a71d7138e70a5ff420a317a86ae1430a9db2e0"",""spool_data"":""output/extract_timing/spool/level_0.data"",""trigger"":{""cell_raw"":[902.29964800179,1638.3999999989755],""global_raw"":[3912582.299648002,2614886.399999999],""lat_lon"":[-36.7,119.850634],""vertex"":73}}"	b	[0,923,638]	96	[3552051.2,4015172.262,2614886.4,2614886.4]	3	0	False	encoder_drops_clipped_source_sliver	south_offshore
0	956	638	288	0	0	0	0	0	0	0	-1	-1	73	O01	1	1	[13]	[[-36.75,-36.666666666666664,119.875,120.0]]	[-36.75,-36.666666666666664,119.875,120.0]	c	"[{""bbox_cell"":[956,960,635,640],""branches"":[""c""],""leaf_path"":[2012],""n_coords"":13}]"	T1	[[[1.0,0.0],[0.6640625,0.0],[0.33203125,0.0],[0.0,0.0],[0.0,0.33203125],[0.0,0.6640625],[0.0,1.0],[0.33203125,1.0],[0.6640625,1.0],[1.0,1.0],[1.0,0.6640625],[1.0,0.33203125],[1.0,0.0]]]	true	output/scratch-14/cell_local/proofs/73.json	0	4ed9cd801bdd70992a9b7bd090803ffae349515f87546f044b21157e68e99d72	disc-verified:resolved	0	2ee3456a9aeb8607b88be4edd989a2034dd7fdd6f7846369d9dbc4c8ff20e6ae	disc-verified:resolved	output/scratch-14/witnesses/0073_requirement.json	"{""background_ordinal"":0,""bbox_global_raw"":[3552051.1999999993,4015172.2622976005,2614886.399999999,2614886.399999999],""branch"":""b"",""length"":1688,""n_coords"":96,""offset"":1077826848,""source_cell"":[0,923,638],""source_cell_sha256"":""00f9a287813a6b0e751fec33e7a71d7138e70a5ff420a317a86ae1430a9db2e0"",""spool_data"":""output/extract_timing/spool/level_0.data"",""trigger"":{""cell_raw"":[2668.5997055992484,1638.3999999989755],""global_raw"":[3918444.5997055992,2614886.399999999],""lat_lon"":[-36.7,119.8953598],""vertex"":74}}"	b	[0,923,638]	96	[3552051.2,4015172.262,2614886.4,2614886.4]	3	0	False	encoder_drops_clipped_source_sliver	south_offshore
0	957	638	288	0	0	0	0	0	0	0	-1	-1	74	O01	1	1	[13]	[[-36.75,-36.666666666666664,119.875,120.0]]	[-36.75,-36.666666666666664,119.875,120.0]	c	"[{""bbox_cell"":[956,960,635,640],""branches"":[""c""],""leaf_path"":[2013],""n_coords"":13}]"	T1	[[[1.0,0.0],[0.6640625,0.0],[0.33203125,0.0],[0.0,0.0],[0.0,0.33203125],[0.0,0.6640625],[0.0,1.0],[0.33203125,1.0],[0.6640625,1.0],[1.0,1.0],[1.0,0.6640625],[1.0,0.33203125],[1.0,0.0]]]	true	output/scratch-14/cell_local/proofs/74.json	0	4ed9cd801bdd70992a9b7bd090803ffae349515f87546f044b21157e68e99d72	disc-verified:resolved	0	2ee3456a9aeb8607b88be4edd989a2034dd7fdd6f7846369d9dbc4c8ff20e6ae	disc-verified:resolved	output/scratch-14/witnesses/0074_requirement.json	"{""background_ordinal"":0,""bbox_global_raw"":[3552051.1999999993,4015172.2622976005,2614886.399999999,2614886.399999999],""branch"":""b"",""length"":1688,""n_coords"":96,""offset"":1077826848,""source_cell"":[0,923,638],""source_cell_sha256"":""00f9a287813a6b0e751fec33e7a71d7138e70a5ff420a317a86ae1430a9db2e0"",""spool_data"":""output/extract_timing/spool/level_0.data"",""trigger"":{""cell_raw"":[1503.7497344017029,1638.3999999989755],""global_raw"":[3921375.7497344017,2614886.399999999],""lat_lon"":[-36.7,119.9177227],""vertex"":75}}"	b	[0,923,638]	96	[3552051.2,4015172.262,2614886.4,2614886.4]	3	0	False	encoder_drops_clipped_source_sliver	south_offshore
0	958	638	288	0	0	0	0	0	0	0	-1	-1	75	O01	1	1	[13]	[[-36.75,-36.666666666666664,119.875,120.0]]	[-36.75,-36.666666666666664,119.875,120.0]	c	"[{""bbox_cell"":[956,960,635,640],""branches"":[""c""],""leaf_path"":[2014],""n_coords"":13}]"	T1	[[[1.0,0.0],[0.6640625,0.0],[0.33203125,0.0],[0.0,0.0],[0.0,0.33203125],[0.0,0.6640625],[0.0,1.0],[0.33203125,1.0],[0.6640625,1.0],[1.0,1.0],[1.0,0.6640625],[1.0,0.33203125],[1.0,0.0]]]	true	output/scratch-14/cell_local/proofs/75.json	0	4ed9cd801bdd70992a9b7bd090803ffae349515f87546f044b21157e68e99d72	disc-verified:resolved	0	2ee3456a9aeb8607b88be4edd989a2034dd7fdd6f7846369d9dbc4c8ff20e6ae	disc-verified:resolved	output/scratch-14/witnesses/0075_requirement.json	"{""background_ordinal"":0,""bbox_global_raw"":[3552051.1999999993,4015172.2622976005,2614886.399999999,2614886.399999999],""branch"":""b"",""length"":1688,""n_coords"":96,""offset"":1077826848,""source_cell"":[0,923,638],""source_cell_sha256"":""00f9a287813a6b0e751fec33e7a71d7138e70a5ff420a317a86ae1430a9db2e0"",""spool_data"":""output/extract_timing/spool/level_0.data"",""trigger"":{""cell_raw"":[3270.0497919991612,1638.3999999989755],""global_raw"":[3927238.049791999,2614886.399999999],""lat_lon"":[-36.7,119.9624485],""vertex"":76}}"	b	[0,923,638]	96	[3552051.2,4015172.262,2614886.4,2614886.4]	3	0	False	encoder_drops_clipped_source_sliver	south_offshore
0	960	638	288	0	0	0	0	0	0	0	-1	-1	76	O01	1	1	[13]	[[-36.75,-36.666666666666664,120.0,120.125]]	[-36.75,-36.666666666666664,120.0,120.125]	c	"[{""bbox_cell"":[960,964,635,640],""branches"":[""c""],""leaf_path"":[1984],""n_coords"":13}]"	T1	[[[1.0,0.0],[0.6640625,0.0],[0.33203125,0.0],[0.0,0.0],[0.0,0.33203125],[0.0,0.6640625],[0.0,1.0],[0.33203125,1.0],[0.6640625,1.0],[1.0,1.0],[1.0,0.6640625],[1.0,0.33203125],[1.0,0.0]]]	true	output/scratch-14/cell_local/proofs/76.json	0	4ed9cd801bdd70992a9b7bd090803ffae349515f87546f044b21157e68e99d72	disc-verified:resolved	0	2ee3456a9aeb8607b88be4edd989a2034dd7fdd6f7846369d9dbc4c8ff20e6ae	disc-verified:resolved	output/scratch-14/witnesses/0076_requirement.json	"{""background_ordinal"":0,""bbox_global_raw"":[3552051.1999999993,4015172.2622976005,2614886.399999999,2614886.399999999],""branch"":""b"",""length"":1688,""n_coords"":96,""offset"":1077826848,""source_cell"":[0,923,638],""source_cell_sha256"":""00f9a287813a6b0e751fec33e7a71d7138e70a5ff420a317a86ae1430a9db2e0"",""spool_data"":""output/extract_timing/spool/level_0.data"",""trigger"":{""cell_raw"":[940.3498496003449,1638.3999999989755],""global_raw"":[3933100.3498496003,2614886.399999999],""lat_lon"":[-36.7,120.0071743],""vertex"":77}}"	b	[0,923,638]	96	[3552051.2,4015172.262,2614886.4,2614886.4]	4	0	False	encoder_drops_clipped_source_sliver	south_offshore
0	962	638	288	0	0	0	0	0	0	0	-1	-1	77	O01	1	1	[13]	[[-36.75,-36.666666666666664,120.0,120.125]]	[-36.75,-36.666666666666664,120.0,120.125]	c	"[{""bbox_cell"":[960,964,635,640],""branches"":[""c""],""leaf_path"":[1986],""n_coords"":13}]"	T1	[[[1.0,0.0],[0.6640625,0.0],[0.33203125,0.0],[0.0,0.0],[0.0,0.33203125],[0.0,0.6640625],[0.0,1.0],[0.33203125,1.0],[0.6640625,1.0],[1.0,1.0],[1.0,0.6640625],[1.0,0.33203125],[1.0,0.0]]]	true	output/scratch-14/cell_local/proofs/77.json	0	4ed9cd801bdd70992a9b7bd090803ffae349515f87546f044b21157e68e99d72	disc-verified:resolved	0	2ee3456a9aeb8607b88be4edd989a2034dd7fdd6f7846369d9dbc4c8ff20e6ae	disc-verified:resolved	output/scratch-14/witnesses/0077_requirement.json	"{""background_ordinal"":0,""bbox_global_raw"":[3552051.1999999993,4015172.2622976005,2614886.399999999,2614886.399999999],""branch"":""b"",""length"":1688,""n_coords"":96,""offset"":1077826848,""source_cell"":[0,923,638],""source_cell_sha256"":""00f9a287813a6b0e751fec33e7a71d7138e70a5ff420a317a86ae1430a9db2e0"",""spool_data"":""output/extract_timing/spool/level_0.data"",""trigger"":{""cell_raw"":[1541.7868288010359,1638.3999999989755],""global_raw"":[3941893.786828801,2614886.399999999],""lat_lon"":[-36.7,120.0742629],""vertex"":79}}"	b	[0,923,638]	96	[3552051.2,4015172.262,2614886.4,2614886.4]	3	0	False	encoder_drops_clipped_source_sliver	south_offshore
0	963	638	288	0	0	0	0	0	0	0	-1	-1	78	O01	1	1	[13]	[[-36.75,-36.666666666666664,120.0,120.125]]	[-36.75,-36.666666666666664,120.0,120.125]	c	"[{""bbox_cell"":[960,964,635,640],""branches"":[""c""],""leaf_path"":[1987],""n_coords"":13}]"	T1	[[[1.0,0.0],[0.6640625,0.0],[0.33203125,0.0],[0.0,0.0],[0.0,0.33203125],[0.0,0.6640625],[0.0,1.0],[0.33203125,1.0],[0.6640625,1.0],[1.0,1.0],[1.0,0.6640625],[1.0,0.33203125],[1.0,0.0]]]	true	output/scratch-14/cell_local/proofs/78.json	0	4ed9cd801bdd70992a9b7bd090803ffae349515f87546f044b21157e68e99d72	disc-verified:resolved	0	2ee3456a9aeb8607b88be4edd989a2034dd7fdd6f7846369d9dbc4c8ff20e6ae	disc-verified:resolved	output/scratch-14/witnesses/0078_requirement.json	"{""background_ordinal"":0,""bbox_global_raw"":[3552051.1999999993,4015172.2622976005,2614886.399999999,2614886.399999999],""branch"":""b"",""length"":1688,""n_coords"":96,""offset"":1077826848,""source_cell"":[0,923,638],""source_cell_sha256"":""00f9a287813a6b0e751fec33e7a71d7138e70a5ff420a317a86ae1430a9db2e0"",""spool_data"":""output/extract_timing/spool/level_0.data"",""trigger"":{""cell_raw"":[3308.0868863984942,1638.3999999989755],""global_raw"":[3947756.0868863985,2614886.399999999],""lat_lon"":[-36.7,120.1189887],""vertex"":80}}"	b	[0,923,638]	96	[3552051.2,4015172.262,2614886.4,2614886.4]	3	0	False	encoder_drops_clipped_source_sliver	south_offshore
0	965	638	288	0	0	0	0	0	0	0	-1	-1	79	O01	1	1	[13]	[[-36.75,-36.666666666666664,120.125,120.25]]	[-36.75,-36.666666666666664,120.125,120.25]	c	"[{""bbox_cell"":[964,968,635,640],""branches"":[""c""],""leaf_path"":[1989],""n_coords"":13}]"	T1	[[[1.0,0.0],[0.6640625,0.0],[0.33203125,0.0],[0.0,0.0],[0.0,0.33203125],[0.0,0.6640625],[0.0,1.0],[0.33203125,1.0],[0.6640625,1.0],[1.0,1.0],[1.0,0.6640625],[1.0,0.33203125],[1.0,0.0]]]	true	output/scratch-14/cell_local/proofs/79.json	0	4ed9cd801bdd70992a9b7bd090803ffae349515f87546f044b21157e68e99d72	disc-verified:resolved	0	2ee3456a9aeb8607b88be4edd989a2034dd7fdd6f7846369d9dbc4c8ff20e6ae	disc-verified:resolved	output/scratch-14/witnesses/0079_requirement.json	"{""background_ordinal"":0,""bbox_global_raw"":[3552051.1999999993,4015172.2622976005,2614886.399999999,2614886.399999999],""branch"":""b"",""length"":1688,""n_coords"":96,""offset"":1077826848,""source_cell"":[0,923,638],""source_cell_sha256"":""00f9a287813a6b0e751fec33e7a71d7138e70a5ff420a317a86ae1430a9db2e0"",""spool_data"":""output/extract_timing/spool/level_0.data"",""trigger"":{""cell_raw"":[978.3869439996779,1638.3999999989755],""global_raw"":[3953618.3869439997,2614886.399999999],""lat_lon"":[-36.7,120.1637145],""vertex"":81}}"	b	[0,923,638]	96	[3552051.2,4015172.262,2614886.4,2614886.4]	4	0	False	encoder_drops_clipped_source_sliver	south_offshore
0	967	638	288	0	0	0	0	0	0	0	-1	-1	80	O01	1	1	[13]	[[-36.75,-36.666666666666664,120.125,120.25]]	[-36.75,-36.666666666666664,120.125,120.25]	c	"[{""bbox_cell"":[964,968,635,640],""branches"":[""c""],""leaf_path"":[1991],""n_coords"":13}]"	T1	[[[1.0,0.0],[0.6640625,0.0],[0.33203125,0.0],[0.0,0.0],[0.0,0.33203125],[0.0,0.6640625],[0.0,1.0],[0.33203125,1.0],[0.6640625,1.0],[1.0,1.0],[1.0,0.6640625],[1.0,0.33203125],[1.0,0.0]]]	true	output/scratch-14/cell_local/proofs/80.json	0	4ed9cd801bdd70992a9b7bd090803ffae349515f87546f044b21157e68e99d72	disc-verified:resolved	0	2ee3456a9aeb8607b88be4edd989a2034dd7fdd6f7846369d9dbc4c8ff20e6ae	disc-verified:resolved	output/scratch-14/witnesses/0080_requirement.json	"{""background_ordinal"":0,""bbox_global_raw"":[3552051.1999999993,4015172.2622976005,2614886.399999999,2614886.399999999],""branch"":""b"",""length"":1688,""n_coords"":96,""offset"":1077826848,""source_cell"":[0,923,638],""source_cell_sha256"":""00f9a287813a6b0e751fec33e7a71d7138e70a5ff420a317a86ae1430a9db2e0"",""spool_data"":""output/extract_timing/spool/level_0.data"",""trigger"":{""cell_raw"":[1579.8370303995907,1638.3999999989755],""global_raw"":[3962411.8370303996,2614886.399999999],""lat_lon"":[-36.7,120.2308032],""vertex"":83}}"	b	[0,923,638]	96	[3552051.2,4015172.262,2614886.4,2614886.4]	3	0	False	encoder_drops_clipped_source_sliver	south_offshore
0	968	638	288	0	0	0	0	0	0	0	-1	-1	81	O01	1	1	[13]	[[-36.75,-36.666666666666664,120.25,120.375]]	[-36.75,-36.666666666666664,120.25,120.375]	c	"[{""bbox_cell"":[968,972,635,640],""branches"":[""c""],""leaf_path"":[1992],""n_coords"":13}]"	T1	[[[1.0,0.0],[0.6640625,0.0],[0.33203125,0.0],[0.0,0.0],[0.0,0.33203125],[0.0,0.6640625],[0.0,1.0],[0.33203125,1.0],[0.6640625,1.0],[1.0,1.0],[1.0,0.6640625],[1.0,0.33203125],[1.0,0.0]]]	true	output/scratch-14/cell_local/proofs/81.json	0	4ed9cd801bdd70992a9b7bd090803ffae349515f87546f044b21157e68e99d72	disc-verified:resolved	0	2ee3456a9aeb8607b88be4edd989a2034dd7fdd6f7846369d9dbc4c8ff20e6ae	disc-verified:resolved	output/scratch-14/witnesses/0081_requirement.json	"{""background_ordinal"":0,""bbox_global_raw"":[3552051.1999999993,4015172.2622976005,2614886.399999999,2614886.399999999],""branch"":""b"",""length"":1688,""n_coords"":96,""offset"":1077826848,""source_cell"":[0,923,638],""source_cell_sha256"":""00f9a287813a6b0e751fec33e7a71d7138e70a5ff420a317a86ae1430a9db2e0"",""spool_data"":""output/extract_timing/spool/level_0.data"",""trigger"":{""cell_raw"":[414.97395199909806,1638.3999999989755],""global_raw"":[3965342.973951999,2614886.399999999],""lat_lon"":[-36.7,120.253166],""vertex"":84}}"	b	[0,923,638]	96	[3552051.2,4015172.262,2614886.4,2614886.4]	3	0	False	encoder_drops_clipped_source_sliver	south_offshore
0	969	638	288	0	0	0	0	0	0	0	-1	-1	82	O01	1	1	[13]	[[-36.75,-36.666666666666664,120.25,120.375]]	[-36.75,-36.666666666666664,120.25,120.375]	c	"[{""bbox_cell"":[968,972,635,640],""branches"":[""c""],""leaf_path"":[1993],""n_coords"":13}]"	T1	[[[1.0,0.0],[0.6640625,0.0],[0.33203125,0.0],[0.0,0.0],[0.0,0.33203125],[0.0,0.6640625],[0.0,1.0],[0.33203125,1.0],[0.6640625,1.0],[1.0,1.0],[1.0,0.6640625],[1.0,0.33203125],[1.0,0.0]]]	true	output/scratch-14/cell_local/proofs/82.json	0	4ed9cd801bdd70992a9b7bd090803ffae349515f87546f044b21157e68e99d72	disc-verified:resolved	0	2ee3456a9aeb8607b88be4edd989a2034dd7fdd6f7846369d9dbc4c8ff20e6ae	disc-verified:resolved	output/scratch-14/witnesses/0082_requirement.json	"{""background_ordinal"":0,""bbox_global_raw"":[3552051.1999999993,4015172.2622976005,2614886.399999999,2614886.399999999],""branch"":""b"",""length"":1688,""n_coords"":96,""offset"":1077826848,""source_cell"":[0,923,638],""source_cell_sha256"":""00f9a287813a6b0e751fec33e7a71d7138e70a5ff420a317a86ae1430a9db2e0"",""spool_data"":""output/extract_timing/spool/level_0.data"",""trigger"":{""cell_raw"":[2181.2740096002817,1638.3999999989755],""global_raw"":[3971205.2740096003,2614886.399999999],""lat_lon"":[-36.7,120.2978918],""vertex"":85}}"	b	[0,923,638]	96	[3552051.2,4015172.262,2614886.4,2614886.4]	3	0	False	encoder_drops_clipped_source_sliver	south_offshore
0	970	638	288	0	0	0	0	0	0	0	-1	-1	83	O01	1	1	[13]	[[-36.75,-36.666666666666664,120.25,120.375]]	[-36.75,-36.666666666666664,120.25,120.375]	c	"[{""bbox_cell"":[968,972,635,640],""branches"":[""c""],""leaf_path"":[1994],""n_coords"":13}]"	T1	[[[1.0,0.0],[0.6640625,0.0],[0.33203125,0.0],[0.0,0.0],[0.0,0.33203125],[0.0,0.6640625],[0.0,1.0],[0.33203125,1.0],[0.6640625,1.0],[1.0,1.0],[1.0,0.6640625],[1.0,0.33203125],[1.0,0.0]]]	true	output/scratch-14/cell_local/proofs/83.json	0	4ed9cd801bdd70992a9b7bd090803ffae349515f87546f044b21157e68e99d72	disc-verified:resolved	0	2ee3456a9aeb8607b88be4edd989a2034dd7fdd6f7846369d9dbc4c8ff20e6ae	disc-verified:resolved	output/scratch-14/witnesses/0083_requirement.json	"{""background_ordinal"":0,""bbox_global_raw"":[3552051.1999999993,4015172.2622976005,2614886.399999999,2614886.399999999],""branch"":""b"",""length"":1688,""n_coords"":96,""offset"":1077826848,""source_cell"":[0,923,638],""source_cell_sha256"":""00f9a287813a6b0e751fec33e7a71d7138e70a5ff420a317a86ae1430a9db2e0"",""spool_data"":""output/extract_timing/spool/level_0.data"",""trigger"":{""cell_raw"":[3947.57406719774,1638.3999999989755],""global_raw"":[3977067.5740671977,2614886.399999999],""lat_lon"":[-36.7,120.3426176],""vertex"":86}}"	b	[0,923,638]	96	[3552051.2,4015172.262,2614886.4,2614886.4]	3	0	False	encoder_drops_clipped_source_sliver	south_offshore
0	971	638	288	0	0	0	0	0	0	0	-1	-1	84	O01	1	1	[13]	[[-36.75,-36.666666666666664,120.25,120.375]]	[-36.75,-36.666666666666664,120.25,120.375]	c	"[{""bbox_cell"":[968,972,635,640],""branches"":[""c""],""leaf_path"":[1995],""n_coords"":13}]"	T1	[[[1.0,0.0],[0.6640625,0.0],[0.33203125,0.0],[0.0,0.0],[0.0,0.33203125],[0.0,0.6640625],[0.0,1.0],[0.33203125,1.0],[0.6640625,1.0],[1.0,1.0],[1.0,0.6640625],[1.0,0.33203125],[1.0,0.0]]]	true	output/scratch-14/cell_local/proofs/84.json	0	4ed9cd801bdd70992a9b7bd090803ffae349515f87546f044b21157e68e99d72	disc-verified:resolved	0	2ee3456a9aeb8607b88be4edd989a2034dd7fdd6f7846369d9dbc4c8ff20e6ae	disc-verified:resolved	output/scratch-14/witnesses/0084_requirement.json	"{""background_ordinal"":0,""bbox_global_raw"":[3552051.1999999993,4015172.2622976005,2614886.399999999,2614886.399999999],""branch"":""b"",""length"":1688,""n_coords"":96,""offset"":1077826848,""source_cell"":[0,923,638],""source_cell_sha256"":""00f9a287813a6b0e751fec33e7a71d7138e70a5ff420a317a86ae1430a9db2e0"",""spool_data"":""output/extract_timing/spool/level_0.data"",""trigger"":{""cell_raw"":[2782.7240960001945,1638.3999999989755],""global_raw"":[3979998.724096,2614886.399999999],""lat_lon"":[-36.7,120.3649805],""vertex"":87}}"	b	[0,923,638]	96	[3552051.2,4015172.262,2614886.4,2614886.4]	3	0	False	encoder_drops_clipped_source_sliver	south_offshore
0	973	638	288	0	0	0	0	0	0	0	-1	-1	85	O01	1	1	[13]	[[-36.75,-36.666666666666664,120.375,120.5]]	[-36.75,-36.666666666666664,120.375,120.5]	c	"[{""bbox_cell"":[972,976,635,640],""branches"":[""c""],""leaf_path"":[1997],""n_coords"":13}]"	T1	[[[1.0,0.0],[0.6640625,0.0],[0.33203125,0.0],[0.0,0.0],[0.0,0.33203125],[0.0,0.6640625],[0.0,1.0],[0.33203125,1.0],[0.6640625,1.0],[1.0,1.0],[1.0,0.6640625],[1.0,0.33203125],[1.0,0.0]]]	true	output/scratch-14/cell_local/proofs/85.json	0	4ed9cd801bdd70992a9b7bd090803ffae349515f87546f044b21157e68e99d72	disc-verified:resolved	0	2ee3456a9aeb8607b88be4edd989a2034dd7fdd6f7846369d9dbc4c8ff20e6ae	disc-verified:resolved	output/scratch-14/witnesses/0085_requirement.json	"{""background_ordinal"":0,""bbox_global_raw"":[3552051.1999999993,4015172.2622976005,2614886.399999999,2614886.399999999],""branch"":""b"",""length"":1688,""n_coords"":96,""offset"":1077826848,""source_cell"":[0,923,638],""source_cell_sha256"":""00f9a287813a6b0e751fec33e7a71d7138e70a5ff420a317a86ae1430a9db2e0"",""spool_data"":""output/extract_timing/spool/level_0.data"",""trigger"":{""cell_raw"":[453.0241535976529,1638.3999999989755],""global_raw"":[3985861.0241535977,2614886.399999999],""lat_lon"":[-36.7,120.4097063],""vertex"":88}}"	b	[0,923,638]	96	[3552051.2,4015172.262,2614886.4,2614886.4]	4	0	False	encoder_drops_clipped_source_sliver	south_offshore
0	975	638	288	0	0	0	0	0	0	0	-1	-1	86	O01	1	1	[13]	[[-36.75,-36.666666666666664,120.375,120.5]]	[-36.75,-36.666666666666664,120.375,120.5]	c	"[{""bbox_cell"":[972,976,635,640],""branches"":[""c""],""leaf_path"":[1999],""n_coords"":13}]"	T1	[[[1.0,0.0],[0.6640625,0.0],[0.33203125,0.0],[0.0,0.0],[0.0,0.33203125],[0.0,0.6640625],[0.0,1.0],[0.33203125,1.0],[0.6640625,1.0],[1.0,1.0],[1.0,0.6640625],[1.0,0.33203125],[1.0,0.0]]]	true	output/scratch-14/cell_local/proofs/86.json	0	4ed9cd801bdd70992a9b7bd090803ffae349515f87546f044b21157e68e99d72	disc-verified:resolved	0	2ee3456a9aeb8607b88be4edd989a2034dd7fdd6f7846369d9dbc4c8ff20e6ae	disc-verified:resolved	output/scratch-14/witnesses/0086_requirement.json	"{""background_ordinal"":0,""bbox_global_raw"":[3552051.1999999993,4015172.2622976005,2614886.399999999,2614886.399999999],""branch"":""b"",""length"":1688,""n_coords"":96,""offset"":1077826848,""source_cell"":[0,923,638],""source_cell_sha256"":""00f9a287813a6b0e751fec33e7a71d7138e70a5ff420a317a86ae1430a9db2e0"",""spool_data"":""output/extract_timing/spool/level_0.data"",""trigger"":{""cell_raw"":[1054.4611328020692,1638.3999999989755],""global_raw"":[3994654.461132802,2614886.399999999],""lat_lon"":[-36.7,120.4767949],""vertex"":90}}"	b	[0,923,638]	96	[3552051.2,4015172.262,2614886.4,2614886.4]	3	0	False	encoder_drops_clipped_source_sliver	south_offshore
0	976	638	288	0	0	0	0	0	0	0	-1	-1	87	O01	1	1	[13]	[[-36.75,-36.666666666666664,120.5,120.625]]	[-36.75,-36.666666666666664,120.5,120.625]	c	"[{""bbox_cell"":[976,980,635,640],""branches"":[""c""],""leaf_path"":[2000],""n_coords"":13}]"	T1	[[[1.0,0.0],[0.6640625,0.0],[0.33203125,0.0],[0.0,0.0],[0.0,0.33203125],[0.0,0.6640625],[0.0,1.0],[0.33203125,1.0],[0.6640625,1.0],[1.0,1.0],[1.0,0.6640625],[1.0,0.33203125],[1.0,0.0]]]	true	output/scratch-14/cell_local/proofs/87.json	0	4ed9cd801bdd70992a9b7bd090803ffae349515f87546f044b21157e68e99d72	disc-verified:resolved	0	2ee3456a9aeb8607b88be4edd989a2034dd7fdd6f7846369d9dbc4c8ff20e6ae	disc-verified:resolved	output/scratch-14/witnesses/0087_requirement.json	"{""background_ordinal"":0,""bbox_global_raw"":[3552051.1999999993,4015172.2622976005,2614886.399999999,2614886.399999999],""branch"":""b"",""length"":1688,""n_coords"":96,""offset"":1077826848,""source_cell"":[0,923,638],""source_cell_sha256"":""00f9a287813a6b0e751fec33e7a71d7138e70a5ff420a317a86ae1430a9db2e0"",""spool_data"":""output/extract_timing/spool/level_0.data"",""trigger"":{""cell_raw"":[2820.7611903995275,1638.3999999989755],""global_raw"":[4000516.7611903995,2614886.399999999],""lat_lon"":[-36.7,120.5215207],""vertex"":91}}"	b	[0,923,638]	96	[3552051.2,4015172.262,2614886.4,2614886.4]	3	0	False	encoder_drops_clipped_source_sliver	south_offshore
0	978	638	288	0	0	0	0	0	0	0	-1	-1	88	O01	1	1	[13]	[[-36.75,-36.666666666666664,120.5,120.625]]	[-36.75,-36.666666666666664,120.5,120.625]	c	"[{""bbox_cell"":[976,980,635,640],""branches"":[""c""],""leaf_path"":[2002],""n_coords"":13}]"	T1	[[[1.0,0.0],[0.6640625,0.0],[0.33203125,0.0],[0.0,0.0],[0.0,0.33203125],[0.0,0.6640625],[0.0,1.0],[0.33203125,1.0],[0.6640625,1.0],[1.0,1.0],[1.0,0.6640625],[1.0,0.33203125],[1.0,0.0]]]	true	output/scratch-14/cell_local/proofs/88.json	0	4ed9cd801bdd70992a9b7bd090803ffae349515f87546f044b21157e68e99d72	disc-verified:resolved	0	2ee3456a9aeb8607b88be4edd989a2034dd7fdd6f7846369d9dbc4c8ff20e6ae	disc-verified:resolved	output/scratch-14/witnesses/0088_requirement.json	"{""background_ordinal"":0,""bbox_global_raw"":[3552051.1999999993,4015172.2622976005,2614886.399999999,2614886.399999999],""branch"":""b"",""length"":1688,""n_coords"":96,""offset"":1077826848,""source_cell"":[0,923,638],""source_cell_sha256"":""00f9a287813a6b0e751fec33e7a71d7138e70a5ff420a317a86ae1430a9db2e0"",""spool_data"":""output/extract_timing/spool/level_0.data"",""trigger"":{""cell_raw"":[491.0612480007112,1638.3999999989755],""global_raw"":[4006379.0612480007,2614886.399999999],""lat_lon"":[-36.7,120.5662465],""vertex"":92}}"	b	[0,923,638]	96	[3552051.2,4015172.262,2614886.4,2614886.4]	4	0	False	encoder_drops_clipped_source_sliver	south_offshore
0	980	638	288	0	0	0	0	0	0	0	-1	-1	89	O01	1	1	[13]	[[-36.75,-36.666666666666664,120.625,120.75]]	[-36.75,-36.666666666666664,120.625,120.75]	c	"[{""bbox_cell"":[980,984,635,640],""branches"":[""c""],""leaf_path"":[2004],""n_coords"":13}]"	T1	[[[1.0,0.0],[0.6640625,0.0],[0.33203125,0.0],[0.0,0.0],[0.0,0.33203125],[0.0,0.6640625],[0.0,1.0],[0.33203125,1.0],[0.6640625,1.0],[1.0,1.0],[1.0,0.6640625],[1.0,0.33203125],[1.0,0.0]]]	true	output/scratch-14/cell_local/proofs/89.json	0	4ed9cd801bdd70992a9b7bd090803ffae349515f87546f044b21157e68e99d72	disc-verified:resolved	0	2ee3456a9aeb8607b88be4edd989a2034dd7fdd6f7846369d9dbc4c8ff20e6ae	disc-verified:resolved	output/scratch-14/witnesses/0089_requirement.json	"{""background_ordinal"":0,""bbox_global_raw"":[3552051.1999999993,4015172.2622976005,2614886.399999999,2614886.399999999],""branch"":""b"",""length"":1688,""n_coords"":96,""offset"":1077826848,""source_cell"":[0,923,638],""source_cell_sha256"":""00f9a287813a6b0e751fec33e7a71d7138e70a5ff420a317a86ae1430a9db2e0"",""spool_data"":""output/extract_timing/spool/level_0.data"",""trigger"":{""cell_raw"":[1092.2622976005077,1638.3999999989755],""global_raw"":[4015172.2622976005,2614886.399999999],""lat_lon"":[-36.7,120.6333333],""vertex"":94}}"	b	[0,923,638]	96	[3552051.2,4015172.262,2614886.4,2614886.4]	2	0	False	encoder_drops_clipped_source_sliver	south_offshore
0	982	638	288	0	0	0	0	0	0	0	-1	-1	90	O01	1	1	[13]	[[-36.75,-36.666666666666664,120.625,120.75]]	[-36.75,-36.666666666666664,120.625,120.75]	c	"[{""bbox_cell"":[980,984,635,640],""branches"":[""c""],""leaf_path"":[2006],""n_coords"":13}]"	T1	[[[1.0,0.0],[0.6640625,0.0],[0.33203125,0.0],[0.0,0.0],[0.0,0.33203125],[0.0,0.6640625],[0.0,1.0],[0.33203125,1.0],[0.6640625,1.0],[1.0,1.0],[1.0,0.6640625],[1.0,0.33203125],[1.0,0.0]]]	true	output/scratch-14/cell_local/proofs/90.json	0	4ed9cd801bdd70992a9b7bd090803ffae349515f87546f044b21157e68e99d72	disc-verified:resolved	0	2ee3456a9aeb8607b88be4edd989a2034dd7fdd6f7846369d9dbc4c8ff20e6ae	disc-verified:resolved	output/scratch-14/witnesses/0090_requirement.json	"{""background_ordinal"":0,""bbox_global_raw"":[4015172.2622976005,4194304.0,2614886.399999999,2614886.399999999],""branch"":""b"",""length"":712,""n_coords"":35,""offset"":1077828536,""source_cell"":[0,1003,638],""source_cell_sha256"":""8ff95100de8cbeabec4b0fd43a796d65e5e1937b39871fc15123fe9c6c4fd2f0"",""spool_data"":""output/extract_timing/spool/level_0.data"",""trigger"":{""cell_raw"":[1710.279884800315,1638.3999999989755],""global_raw"":[4023982.2798848003,2614886.399999999],""lat_lon"":[-36.7,120.7005484],""vertex"":31}}"	b	[0,1003,638]	35	[4015172.262,4194304.0,2614886.4,2614886.4]	3	0	False	encoder_drops_clipped_source_sliver	south_offshore
0	983	638	288	0	0	0	0	0	0	0	-1	-1	91	O01	1	1	[13]	[[-36.75,-36.666666666666664,120.625,120.75]]	[-36.75,-36.666666666666664,120.625,120.75]	c	"[{""bbox_cell"":[980,984,635,640],""branches"":[""c""],""leaf_path"":[2007],""n_coords"":13}]"	T1	[[[1.0,0.0],[0.6640625,0.0],[0.33203125,0.0],[0.0,0.0],[0.0,0.33203125],[0.0,0.6640625],[0.0,1.0],[0.33203125,1.0],[0.6640625,1.0],[1.0,1.0],[1.0,0.6640625],[1.0,0.33203125],[1.0,0.0]]]	true	output/scratch-14/cell_local/proofs/91.json	0	4ed9cd801bdd70992a9b7bd090803ffae349515f87546f044b21157e68e99d72	disc-verified:resolved	0	2ee3456a9aeb8607b88be4edd989a2034dd7fdd6f7846369d9dbc4c8ff20e6ae	disc-verified:resolved	output/scratch-14/witnesses/0091_requirement.json	"{""background_ordinal"":0,""bbox_global_raw"":[4015172.2622976005,4194304.0,2614886.399999999,2614886.399999999],""branch"":""b"",""length"":712,""n_coords"":35,""offset"":1077828536,""source_cell"":[0,1003,638],""source_cell_sha256"":""8ff95100de8cbeabec4b0fd43a796d65e5e1937b39871fc15123fe9c6c4fd2f0"",""spool_data"":""output/extract_timing/spool/level_0.data"",""trigger"":{""cell_raw"":[3487.445811200887,1638.3999999989755],""global_raw"":[4029855.445811201,2614886.399999999],""lat_lon"":[-36.7,120.7453571],""vertex"":30}}"	b	[0,1003,638]	35	[4015172.262,4194304.0,2614886.4,2614886.4]	3	0	False	encoder_drops_clipped_source_sliver	south_offshore
0	985	638	288	0	0	0	0	0	0	0	-1	-1	92	O01	1	1	[13]	[[-36.75,-36.666666666666664,120.75,120.875]]	[-36.75,-36.666666666666664,120.75,120.875]	c	"[{""bbox_cell"":[984,988,635,640],""branches"":[""c""],""leaf_path"":[2009],""n_coords"":13}]"	T1	[[[1.0,0.0],[0.6640625,0.0],[0.33203125,0.0],[0.0,0.0],[0.0,0.33203125],[0.0,0.6640625],[0.0,1.0],[0.33203125,1.0],[0.6640625,1.0],[1.0,1.0],[1.0,0.6640625],[1.0,0.33203125],[1.0,0.0]]]	true	output/scratch-14/cell_local/proofs/92.json	0	4ed9cd801bdd70992a9b7bd090803ffae349515f87546f044b21157e68e99d72	disc-verified:resolved	0	2ee3456a9aeb8607b88be4edd989a2034dd7fdd6f7846369d9dbc4c8ff20e6ae	disc-verified:resolved	output/scratch-14/witnesses/0092_requirement.json	"{""background_ordinal"":0,""bbox_global_raw"":[4015172.2622976005,4194304.0,2614886.399999999,2614886.399999999],""branch"":""b"",""length"":712,""n_coords"":35,""offset"":1077828536,""source_cell"":[0,1003,638],""source_cell_sha256"":""8ff95100de8cbeabec4b0fd43a796d65e5e1937b39871fc15123fe9c6c4fd2f0"",""spool_data"":""output/extract_timing/spool/level_0.data"",""trigger"":{""cell_raw"":[1168.6248448006809,1638.3999999989755],""global_raw"":[4035728.6248448007,2614886.399999999],""lat_lon"":[-36.7,120.7901659],""vertex"":29}}"	b	[0,1003,638]	35	[4015172.262,4194304.0,2614886.4,2614886.4]	3	0	False	encoder_drops_clipped_source_sliver	south_offshore
0	986	638	288	0	0	0	0	0	0	0	-1	-1	93	O01	1	1	[13]	[[-36.75,-36.666666666666664,120.75,120.875]]	[-36.75,-36.666666666666664,120.75,120.875]	c	"[{""bbox_cell"":[984,988,635,640],""branches"":[""c""],""leaf_path"":[2010],""n_coords"":13}]"	T1	[[[1.0,0.0],[0.6640625,0.0],[0.33203125,0.0],[0.0,0.0],[0.0,0.33203125],[0.0,0.6640625],[0.0,1.0],[0.33203125,1.0],[0.6640625,1.0],[1.0,1.0],[1.0,0.6640625],[1.0,0.33203125],[1.0,0.0]]]	true	output/scratch-14/cell_local/proofs/93.json	0	4ed9cd801bdd70992a9b7bd090803ffae349515f87546f044b21157e68e99d72	disc-verified:resolved	0	2ee3456a9aeb8607b88be4edd989a2034dd7fdd6f7846369d9dbc4c8ff20e6ae	disc-verified:resolved	output/scratch-14/witnesses/0093_requirement.json	"{""background_ordinal"":0,""bbox_global_raw"":[4015172.2622976005,4194304.0,2614886.399999999,2614886.399999999],""branch"":""b"",""length"":712,""n_coords"":35,""offset"":1077828536,""source_cell"":[0,1003,638],""source_cell_sha256"":""8ff95100de8cbeabec4b0fd43a796d65e5e1937b39871fc15123fe9c6c4fd2f0"",""spool_data"":""output/extract_timing/spool/level_0.data"",""trigger"":{""cell_raw"":[2945.803878400475,1638.3999999989755],""global_raw"":[4041601.8038784005,2614886.399999999],""lat_lon"":[-36.7,120.8349747],""vertex"":28}}"	b	[0,1003,638]	35	[4015172.262,4194304.0,2614886.4,2614886.4]	3	0	False	encoder_drops_clipped_source_sliver	south_offshore
0	988	638	288	0	0	0	0	0	0	0	-1	-1	94	O01	1	1	[13]	[[-36.75,-36.666666666666664,120.875,121.0]]	[-36.75,-36.666666666666664,120.875,121.0]	c	"[{""bbox_cell"":[988,992,635,640],""branches"":[""c""],""leaf_path"":[2012],""n_coords"":13}]"	T1	[[[1.0,0.0],[0.6640625,0.0],[0.33203125,0.0],[0.0,0.0],[0.0,0.33203125],[0.0,0.6640625],[0.0,1.0],[0.33203125,1.0],[0.6640625,1.0],[1.0,1.0],[1.0,0.6640625],[1.0,0.33203125],[1.0,0.0]]]	true	output/scratch-14/cell_local/proofs/94.json	0	4ed9cd801bdd70992a9b7bd090803ffae349515f87546f044b21157e68e99d72	disc-verified:resolved	0	2ee3456a9aeb8607b88be4edd989a2034dd7fdd6f7846369d9dbc4c8ff20e6ae	disc-verified:resolved	output/scratch-14/witnesses/0094_requirement.json	"{""background_ordinal"":0,""bbox_global_raw"":[4015172.2622976005,4194304.0,2614886.399999999,2614886.399999999],""branch"":""b"",""length"":712,""n_coords"":35,""offset"":1077828536,""source_cell"":[0,1003,638],""source_cell_sha256"":""8ff95100de8cbeabec4b0fd43a796d65e5e1937b39871fc15123fe9c6c4fd2f0"",""spool_data"":""output/extract_timing/spool/level_0.data"",""trigger"":{""cell_raw"":[626.9829120002687,1638.3999999989755],""global_raw"":[4047474.9829120003,2614886.399999999],""lat_lon"":[-36.7,120.8797835],""vertex"":27}}"	b	[0,1003,638]	35	[4015172.262,4194304.0,2614886.4,2614886.4]	3	0	False	encoder_drops_clipped_source_sliver	south_offshore
0	989	638	288	0	0	0	0	0	0	0	-1	-1	95	O01	1	1	[13]	[[-36.75,-36.666666666666664,120.875,121.0]]	[-36.75,-36.666666666666664,120.875,121.0]	c	"[{""bbox_cell"":[988,992,635,640],""branches"":[""c""],""leaf_path"":[2013],""n_coords"":13}]"	T1	[[[1.0,0.0],[0.6640625,0.0],[0.33203125,0.0],[0.0,0.0],[0.0,0.33203125],[0.0,0.6640625],[0.0,1.0],[0.33203125,1.0],[0.6640625,1.0],[1.0,1.0],[1.0,0.6640625],[1.0,0.33203125],[1.0,0.0]]]	true	output/scratch-14/cell_local/proofs/95.json	0	4ed9cd801bdd70992a9b7bd090803ffae349515f87546f044b21157e68e99d72	disc-verified:resolved	0	2ee3456a9aeb8607b88be4edd989a2034dd7fdd6f7846369d9dbc4c8ff20e6ae	disc-verified:resolved	output/scratch-14/witnesses/0095_requirement.json	"{""background_ordinal"":0,""bbox_global_raw"":[4015172.2622976005,4194304.0,2614886.399999999,2614886.399999999],""branch"":""b"",""length"":712,""n_coords"":35,""offset"":1077828536,""source_cell"":[0,1003,638],""source_cell_sha256"":""8ff95100de8cbeabec4b0fd43a796d65e5e1937b39871fc15123fe9c6c4fd2f0"",""spool_data"":""output/extract_timing/spool/level_0.data"",""trigger"":{""cell_raw"":[2404.1619456000626,1638.3999999989755],""global_raw"":[4053348.1619456,2614886.399999999],""lat_lon"":[-36.7,120.9245923],""vertex"":26}}"	b	[0,1003,638]	35	[4015172.262,4194304.0,2614886.4,2614886.4]	3	0	False	encoder_drops_clipped_source_sliver	south_offshore
0	991	638	288	0	0	0	0	0	0	0	-1	-1	96	O01	1	1	[13]	[[-36.75,-36.666666666666664,120.875,121.0]]	[-36.75,-36.666666666666664,120.875,121.0]	c	"[{""bbox_cell"":[988,992,635,640],""branches"":[""c""],""leaf_path"":[2015],""n_coords"":13}]"	T1	[[[1.0,0.0],[0.6640625,0.0],[0.33203125,0.0],[0.0,0.0],[0.0,0.33203125],[0.0,0.6640625],[0.0,1.0],[0.33203125,1.0],[0.6640625,1.0],[1.0,1.0],[1.0,0.6640625],[1.0,0.33203125],[1.0,0.0]]]	true	output/scratch-14/cell_local/proofs/96.json	0	4ed9cd801bdd70992a9b7bd090803ffae349515f87546f044b21157e68e99d72	disc-verified:resolved	0	2ee3456a9aeb8607b88be4edd989a2034dd7fdd6f7846369d9dbc4c8ff20e6ae	disc-verified:resolved	output/scratch-14/witnesses/0096_requirement.json	"{""background_ordinal"":0,""bbox_global_raw"":[4015172.2622976005,4194304.0,2614886.399999999,2614886.399999999],""branch"":""b"",""length"":712,""n_coords"":35,""offset"":1077828536,""source_cell"":[0,1003,638],""source_cell_sha256"":""8ff95100de8cbeabec4b0fd43a796d65e5e1937b39871fc15123fe9c6c4fd2f0"",""spool_data"":""output/extract_timing/spool/level_0.data"",""trigger"":{""cell_raw"":[85.34097919985652,1638.3999999989755],""global_raw"":[4059221.3409792,2614886.399999999],""lat_lon"":[-36.7,120.9694011],""vertex"":25}}"	b	[0,1003,638]	35	[4015172.262,4194304.0,2614886.4,2614886.4]	3	0	False	encoder_drops_clipped_source_sliver	south_offshore
0	992	638	288	0	0	0	0	0	0	0	-1	-1	97	O01	1	1	[13]	[[-36.75,-36.666666666666664,121.0,121.125]]	[-36.75,-36.666666666666664,121.0,121.125]	c	"[{""bbox_cell"":[992,996,635,640],""branches"":[""c""],""leaf_path"":[1984],""n_coords"":13}]"	T1	[[[1.0,0.0],[0.6640625,0.0],[0.33203125,0.0],[0.0,0.0],[0.0,0.33203125],[0.0,0.6640625],[0.0,1.0],[0.33203125,1.0],[0.6640625,1.0],[1.0,1.0],[1.0,0.6640625],[1.0,0.33203125],[1.0,0.0]]]	true	output/scratch-14/cell_local/proofs/97.json	0	4ed9cd801bdd70992a9b7bd090803ffae349515f87546f044b21157e68e99d72	disc-verified:resolved	0	2ee3456a9aeb8607b88be4edd989a2034dd7fdd6f7846369d9dbc4c8ff20e6ae	disc-verified:resolved	output/scratch-14/witnesses/0097_requirement.json	"{""background_ordinal"":0,""bbox_global_raw"":[4015172.2622976005,4194304.0,2614886.399999999,2614886.399999999],""branch"":""b"",""length"":712,""n_coords"":35,""offset"":1077828536,""source_cell"":[0,1003,638],""source_cell_sha256"":""8ff95100de8cbeabec4b0fd43a796d65e5e1937b39871fc15123fe9c6c4fd2f0"",""spool_data"":""output/extract_timing/spool/level_0.data"",""trigger"":{""cell_raw"":[1862.5200127996504,1638.3999999989755],""global_raw"":[4065094.5200127997,2614886.399999999],""lat_lon"":[-36.7,121.0142099],""vertex"":24}}"	b	[0,1003,638]	35	[4015172.262,4194304.0,2614886.4,2614886.4]	3	0	False	encoder_drops_clipped_source_sliver	south_offshore
0	993	638	288	0	0	0	0	0	0	0	-1	-1	98	O01	1	1	[13]	[[-36.75,-36.666666666666664,121.0,121.125]]	[-36.75,-36.666666666666664,121.0,121.125]	c	"[{""bbox_cell"":[992,996,635,640],""branches"":[""c""],""leaf_path"":[1985],""n_coords"":13}]"	T1	[[[1.0,0.0],[0.6640625,0.0],[0.33203125,0.0],[0.0,0.0],[0.0,0.33203125],[0.0,0.6640625],[0.0,1.0],[0.33203125,1.0],[0.6640625,1.0],[1.0,1.0],[1.0,0.6640625],[1.0,0.33203125],[1.0,0.0]]]	true	output/scratch-14/cell_local/proofs/98.json	0	4ed9cd801bdd70992a9b7bd090803ffae349515f87546f044b21157e68e99d72	disc-verified:resolved	0	2ee3456a9aeb8607b88be4edd989a2034dd7fdd6f7846369d9dbc4c8ff20e6ae	disc-verified:resolved	output/scratch-14/witnesses/0098_requirement.json	"{""background_ordinal"":0,""bbox_global_raw"":[4015172.2622976005,4194304.0,2614886.399999999,2614886.399999999],""branch"":""b"",""length"":712,""n_coords"":35,""offset"":1077828536,""source_cell"":[0,1003,638],""source_cell_sha256"":""8ff95100de8cbeabec4b0fd43a796d65e5e1937b39871fc15123fe9c6c4fd2f0"",""spool_data"":""output/extract_timing/spool/level_0.data"",""trigger"":{""cell_raw"":[3639.6990463994443,1638.3999999989755],""global_raw"":[4070967.6990463994,2614886.399999999],""lat_lon"":[-36.7,121.0590187],""vertex"":23}}"	b	[0,1003,638]	35	[4015172.262,4194304.0,2614886.4,2614886.4]	3	0	False	encoder_drops_clipped_source_sliver	south_offshore
0	995	638	288	0	0	0	0	0	0	0	-1	-1	99	O01	1	1	[13]	[[-36.75,-36.666666666666664,121.0,121.125]]	[-36.75,-36.666666666666664,121.0,121.125]	c	"[{""bbox_cell"":[992,996,635,640],""branches"":[""c""],""leaf_path"":[1987],""n_coords"":13}]"	T1	[[[1.0,0.0],[0.6640625,0.0],[0.33203125,0.0],[0.0,0.0],[0.0,0.33203125],[0.0,0.6640625],[0.0,1.0],[0.33203125,1.0],[0.6640625,1.0],[1.0,1.0],[1.0,0.6640625],[1.0,0.33203125],[1.0,0.0]]]	true	output/scratch-14/cell_local/proofs/99.json	0	4ed9cd801bdd70992a9b7bd090803ffae349515f87546f044b21157e68e99d72	disc-verified:resolved	0	2ee3456a9aeb8607b88be4edd989a2034dd7fdd6f7846369d9dbc4c8ff20e6ae	disc-verified:resolved	output/scratch-14/witnesses/0099_requirement.json	"{""background_ordinal"":0,""bbox_global_raw"":[4015172.2622976005,4194304.0,2614886.399999999,2614886.399999999],""branch"":""b"",""length"":712,""n_coords"":35,""offset"":1077828536,""source_cell"":[0,1003,638],""source_cell_sha256"":""8ff95100de8cbeabec4b0fd43a796d65e5e1937b39871fc15123fe9c6c4fd2f0"",""spool_data"":""output/extract_timing/spool/level_0.data"",""trigger"":{""cell_raw"":[1320.8780799992383,1638.3999999989755],""global_raw"":[4076840.8780799992,2614886.399999999],""lat_lon"":[-36.7,121.1038275],""vertex"":22}}"	b	[0,1003,638]	35	[4015172.262,4194304.0,2614886.4,2614886.4]	3	0	False	encoder_drops_clipped_source_sliver	south_offshore
0	996	638	288	0	0	0	0	0	0	0	-1	-1	100	O01	1	1	[13]	[[-36.75,-36.666666666666664,121.125,121.25]]	[-36.75,-36.666666666666664,121.125,121.25]	c	"[{""bbox_cell"":[996,1000,635,640],""branches"":[""c""],""leaf_path"":[1988],""n_coords"":13}]"	T1	[[[1.0,0.0],[0.6640625,0.0],[0.33203125,0.0],[0.0,0.0],[0.0,0.33203125],[0.0,0.6640625],[0.0,1.0],[0.33203125,1.0],[0.6640625,1.0],[1.0,1.0],[1.0,0.6640625],[1.0,0.33203125],[1.0,0.0]]]	true	output/scratch-14/cell_local/proofs/100.json	0	4ed9cd801bdd70992a9b7bd090803ffae349515f87546f044b21157e68e99d72	disc-verified:resolved	0	2ee3456a9aeb8607b88be4edd989a2034dd7fdd6f7846369d9dbc4c8ff20e6ae	disc-verified:resolved	output/scratch-14/witnesses/0100_requirement.json	"{""background_ordinal"":0,""bbox_global_raw"":[4015172.2622976005,4194304.0,2614886.399999999,2614886.399999999],""branch"":""b"",""length"":712,""n_coords"":35,""offset"":1077828536,""source_cell"":[0,1003,638],""source_cell_sha256"":""8ff95100de8cbeabec4b0fd43a796d65e5e1937b39871fc15123fe9c6c4fd2f0"",""spool_data"":""output/extract_timing/spool/level_0.data"",""trigger"":{""cell_raw"":[3098.0571136027575,1638.3999999989755],""global_raw"":[4082714.0571136028,2614886.399999999],""lat_lon"":[-36.7,121.1486363],""vertex"":21}}"	b	[0,1003,638]	35	[4015172.262,4194304.0,2614886.4,2614886.4]	3	0	False	encoder_drops_clipped_source_sliver	south_offshore
0	997	638	288	0	0	0	0	0	0	0	-1	-1	101	O01	1	1	[13]	[[-36.75,-36.666666666666664,121.125,121.25]]	[-36.75,-36.666666666666664,121.125,121.25]	c	"[{""bbox_cell"":[996,1000,635,640],""branches"":[""c""],""leaf_path"":[1989],""n_coords"":13}]"	T1	[[[1.0,0.0],[0.6640625,0.0],[0.33203125,0.0],[0.0,0.0],[0.0,0.33203125],[0.0,0.6640625],[0.0,1.0],[0.33203125,1.0],[0.6640625,1.0],[1.0,1.0],[1.0,0.6640625],[1.0,0.33203125],[1.0,0.0]]]	true	output/scratch-14/cell_local/proofs/101.json	0	4ed9cd801bdd70992a9b7bd090803ffae349515f87546f044b21157e68e99d72	disc-verified:resolved	0	2ee3456a9aeb8607b88be4edd989a2034dd7fdd6f7846369d9dbc4c8ff20e6ae	disc-verified:resolved	output/scratch-14/witnesses/0101_requirement.json	"{""background_ordinal"":0,""bbox_global_raw"":[4015172.2622976005,4194304.0,2614886.399999999,2614886.399999999],""branch"":""b"",""length"":712,""n_coords"":35,""offset"":1077828536,""source_cell"":[0,1003,638],""source_cell_sha256"":""8ff95100de8cbeabec4b0fd43a796d65e5e1937b39871fc15123fe9c6c4fd2f0"",""spool_data"":""output/extract_timing/spool/level_0.data"",""trigger"":{""cell_raw"":[1938.6466303989291,1638.3999999989755],""global_raw"":[4085650.646630399,2614886.399999999],""lat_lon"":[-36.7,121.1710407],""vertex"":20}}"	b	[0,1003,638]	35	[4015172.262,4194304.0,2614886.4,2614886.4]	3	0	False	encoder_drops_clipped_source_sliver	south_offshore
0	998	638	288	0	0	0	0	0	0	0	-1	-1	102	O01	1	1	[13]	[[-36.75,-36.666666666666664,121.125,121.25]]	[-36.75,-36.666666666666664,121.125,121.25]	c	"[{""bbox_cell"":[996,1000,635,640],""branches"":[""c""],""leaf_path"":[1990],""n_coords"":13}]"	T1	[[[1.0,0.0],[0.6640625,0.0],[0.33203125,0.0],[0.0,0.0],[0.0,0.33203125],[0.0,0.6640625],[0.0,1.0],[0.33203125,1.0],[0.6640625,1.0],[1.0,1.0],[1.0,0.6640625],[1.0,0.33203125],[1.0,0.0]]]	true	output/scratch-14/cell_local/proofs/102.json	0	4ed9cd801bdd70992a9b7bd090803ffae349515f87546f044b21157e68e99d72	disc-verified:resolved	0	2ee3456a9aeb8607b88be4edd989a2034dd7fdd6f7846369d9dbc4c8ff20e6ae	disc-verified:resolved	output/scratch-14/witnesses/0102_requirement.json	"{""background_ordinal"":0,""bbox_global_raw"":[4015172.2622976005,4194304.0,2614886.399999999,2614886.399999999],""branch"":""b"",""length"":712,""n_coords"":35,""offset"":1077828536,""source_cell"":[0,1003,638],""source_cell_sha256"":""8ff95100de8cbeabec4b0fd43a796d65e5e1937b39871fc15123fe9c6c4fd2f0"",""spool_data"":""output/extract_timing/spool/level_0.data"",""trigger"":{""cell_raw"":[3715.825663998723,1638.3999999989755],""global_raw"":[4091523.8256639987,2614886.399999999],""lat_lon"":[-36.7,121.2158495],""vertex"":19}}"	b	[0,1003,638]	35	[4015172.262,4194304.0,2614886.4,2614886.4]	3	0	False	encoder_drops_clipped_source_sliver	south_offshore
0	1000	638	288	0	0	0	0	0	0	0	-1	-1	103	O01	1	1	[13]	[[-36.75,-36.666666666666664,121.25,121.375]]	[-36.75,-36.666666666666664,121.25,121.375]	c	"[{""bbox_cell"":[1000,1004,635,640],""branches"":[""c""],""leaf_path"":[1992],""n_coords"":13}]"	T1	[[[1.0,0.0],[0.6640625,0.0],[0.33203125,0.0],[0.0,0.0],[0.0,0.33203125],[0.0,0.6640625],[0.0,1.0],[0.33203125,1.0],[0.6640625,1.0],[1.0,1.0],[1.0,0.6640625],[1.0,0.33203125],[1.0,0.0]]]	true	output/scratch-14/cell_local/proofs/103.json	0	4ed9cd801bdd70992a9b7bd090803ffae349515f87546f044b21157e68e99d72	disc-verified:resolved	0	2ee3456a9aeb8607b88be4edd989a2034dd7fdd6f7846369d9dbc4c8ff20e6ae	disc-verified:resolved	output/scratch-14/witnesses/0103_requirement.json	"{""background_ordinal"":0,""bbox_global_raw"":[4015172.2622976005,4194304.0,2614886.399999999,2614886.399999999],""branch"":""b"",""length"":712,""n_coords"":35,""offset"":1077828536,""source_cell"":[0,1003,638],""source_cell_sha256"":""8ff95100de8cbeabec4b0fd43a796d65e5e1937b39871fc15123fe9c6c4fd2f0"",""spool_data"":""output/extract_timing/spool/level_0.data"",""trigger"":{""cell_raw"":[1397.004697598517,1638.3999999989755],""global_raw"":[4097397.0046975985,2614886.399999999],""lat_lon"":[-36.7,121.2606583],""vertex"":18}}"	b	[0,1003,638]	35	[4015172.262,4194304.0,2614886.4,2614886.4]	3	0	False	encoder_drops_clipped_source_sliver	south_offshore
0	1001	638	288	0	0	0	0	0	0	0	-1	-1	104	O01	1	1	[13]	[[-36.75,-36.666666666666664,121.25,121.375]]	[-36.75,-36.666666666666664,121.25,121.375]	c	"[{""bbox_cell"":[1000,1004,635,640],""branches"":[""c""],""leaf_path"":[1993],""n_coords"":13}]"	T1	[[[1.0,0.0],[0.6640625,0.0],[0.33203125,0.0],[0.0,0.0],[0.0,0.33203125],[0.0,0.6640625],[0.0,1.0],[0.33203125,1.0],[0.6640625,1.0],[1.0,1.0],[1.0,0.6640625],[1.0,0.33203125],[1.0,0.0]]]	true	output/scratch-14/cell_local/proofs/104.json	0	4ed9cd801bdd70992a9b7bd090803ffae349515f87546f044b21157e68e99d72	disc-verified:resolved	0	2ee3456a9aeb8607b88be4edd989a2034dd7fdd6f7846369d9dbc4c8ff20e6ae	disc-verified:resolved	output/scratch-14/witnesses/0104_requirement.json	"{""background_ordinal"":0,""bbox_global_raw"":[4015172.2622976005,4194304.0,2614886.399999999,2614886.399999999],""branch"":""b"",""length"":712,""n_coords"":35,""offset"":1077828536,""source_cell"":[0,1003,638],""source_cell_sha256"":""8ff95100de8cbeabec4b0fd43a796d65e5e1937b39871fc15123fe9c6c4fd2f0"",""spool_data"":""output/extract_timing/spool/level_0.data"",""trigger"":{""cell_raw"":[3174.170623999089,1638.3999999989755],""global_raw"":[4103270.170623999,2614886.399999999],""lat_lon"":[-36.7,121.305467],""vertex"":17}}"	b	[0,1003,638]	35	[4015172.262,4194304.0,2614886.4,2614886.4]	3	0	False	encoder_drops_clipped_source_sliver	south_offshore
0	1003	638	288	0	0	0	0	0	0	0	-1	-1	105	O01	1	1	[13]	[[-36.75,-36.666666666666664,121.25,121.375]]	[-36.75,-36.666666666666664,121.25,121.375]	c	"[{""bbox_cell"":[1000,1004,635,640],""branches"":[""c""],""leaf_path"":[1995],""n_coords"":13}]"	T1	[[[1.0,0.0],[0.6640625,0.0],[0.33203125,0.0],[0.0,0.0],[0.0,0.33203125],[0.0,0.6640625],[0.0,1.0],[0.33203125,1.0],[0.6640625,1.0],[1.0,1.0],[1.0,0.6640625],[1.0,0.33203125],[1.0,0.0]]]	true	output/scratch-14/cell_local/proofs/105.json	0	4ed9cd801bdd70992a9b7bd090803ffae349515f87546f044b21157e68e99d72	disc-verified:resolved	0	2ee3456a9aeb8607b88be4edd989a2034dd7fdd6f7846369d9dbc4c8ff20e6ae	disc-verified:resolved	output/scratch-14/witnesses/0105_requirement.json	"{""background_ordinal"":0,""bbox_global_raw"":[4015172.2622976005,4194304.0,2614886.399999999,2614886.399999999],""branch"":""b"",""length"":712,""n_coords"":35,""offset"":1077828536,""source_cell"":[0,1003,638],""source_cell_sha256"":""8ff95100de8cbeabec4b0fd43a796d65e5e1937b39871fc15123fe9c6c4fd2f0"",""spool_data"":""output/extract_timing/spool/level_0.data"",""trigger"":{""cell_raw"":[855.3496576026082,1638.3999999989755],""global_raw"":[4109143.3496576026,2614886.399999999],""lat_lon"":[-36.7,121.3502758],""vertex"":16}}"	b	[0,1003,638]	35	[4015172.262,4194304.0,2614886.4,2614886.4]	3	0	False	encoder_drops_clipped_source_sliver	south_offshore
0	1004	638	288	0	0	0	0	0	0	0	-1	-1	106	O01	1	1	[13]	[[-36.75,-36.666666666666664,121.375,121.5]]	[-36.75,-36.666666666666664,121.375,121.5]	c	"[{""bbox_cell"":[1004,1008,635,640],""branches"":[""c""],""leaf_path"":[1996],""n_coords"":13}]"	T1	[[[1.0,0.0],[0.6640625,0.0],[0.33203125,0.0],[0.0,0.0],[0.0,0.33203125],[0.0,0.6640625],[0.0,1.0],[0.33203125,1.0],[0.6640625,1.0],[1.0,1.0],[1.0,0.6640625],[1.0,0.33203125],[1.0,0.0]]]	true	output/scratch-14/cell_local/proofs/106.json	0	4ed9cd801bdd70992a9b7bd090803ffae349515f87546f044b21157e68e99d72	disc-verified:resolved	0	2ee3456a9aeb8607b88be4edd989a2034dd7fdd6f7846369d9dbc4c8ff20e6ae	disc-verified:resolved	output/scratch-14/witnesses/0106_requirement.json	"{""background_ordinal"":0,""bbox_global_raw"":[4015172.2622976005,4194304.0,2614886.399999999,2614886.399999999],""branch"":""b"",""length"":712,""n_coords"":35,""offset"":1077828536,""source_cell"":[0,1003,638],""source_cell_sha256"":""8ff95100de8cbeabec4b0fd43a796d65e5e1937b39871fc15123fe9c6c4fd2f0"",""spool_data"":""output/extract_timing/spool/level_0.data"",""trigger"":{""cell_raw"":[2632.528691202402,1638.3999999989755],""global_raw"":[4115016.5286912024,2614886.399999999],""lat_lon"":[-36.7,121.3950846],""vertex"":15}}"	b	[0,1003,638]	35	[4015172.262,4194304.0,2614886.4,2614886.4]	3	0	False	encoder_drops_clipped_source_sliver	south_offshore
0	1006	638	288	0	0	0	0	0	0	0	-1	-1	107	O01	1	1	[13]	[[-36.75,-36.666666666666664,121.375,121.5]]	[-36.75,-36.666666666666664,121.375,121.5]	c	"[{""bbox_cell"":[1004,1008,635,640],""branches"":[""c""],""leaf_path"":[1998],""n_coords"":13}]"	T1	[[[1.0,0.0],[0.6640625,0.0],[0.33203125,0.0],[0.0,0.0],[0.0,0.33203125],[0.0,0.6640625],[0.0,1.0],[0.33203125,1.0],[0.6640625,1.0],[1.0,1.0],[1.0,0.6640625],[1.0,0.33203125],[1.0,0.0]]]	true	output/scratch-14/cell_local/proofs/107.json	0	4ed9cd801bdd70992a9b7bd090803ffae349515f87546f044b21157e68e99d72	disc-verified:resolved	0	2ee3456a9aeb8607b88be4edd989a2034dd7fdd6f7846369d9dbc4c8ff20e6ae	disc-verified:resolved	output/scratch-14/witnesses/0107_requirement.json	"{""background_ordinal"":0,""bbox_global_raw"":[4015172.2622976005,4194304.0,2614886.399999999,2614886.399999999],""branch"":""b"",""length"":712,""n_coords"":35,""offset"":1077828536,""source_cell"":[0,1003,638],""source_cell_sha256"":""8ff95100de8cbeabec4b0fd43a796d65e5e1937b39871fc15123fe9c6c4fd2f0"",""spool_data"":""output/extract_timing/spool/level_0.data"",""trigger"":{""cell_raw"":[313.707724802196,1638.3999999989755],""global_raw"":[4120889.707724802,2614886.399999999],""lat_lon"":[-36.7,121.4398934],""vertex"":14}}"	b	[0,1003,638]	35	[4015172.262,4194304.0,2614886.4,2614886.4]	3	0	False	encoder_drops_clipped_source_sliver	south_offshore
0	1007	638	288	0	0	0	0	0	0	0	-1	-1	108	O01	1	1	[13]	[[-36.75,-36.666666666666664,121.375,121.5]]	[-36.75,-36.666666666666664,121.375,121.5]	c	"[{""bbox_cell"":[1004,1008,635,640],""branches"":[""c""],""leaf_path"":[1999],""n_coords"":13}]"	T1	[[[1.0,0.0],[0.6640625,0.0],[0.33203125,0.0],[0.0,0.0],[0.0,0.33203125],[0.0,0.6640625],[0.0,1.0],[0.33203125,1.0],[0.6640625,1.0],[1.0,1.0],[1.0,0.6640625],[1.0,0.33203125],[1.0,0.0]]]	true	output/scratch-14/cell_local/proofs/108.json	0	4ed9cd801bdd70992a9b7bd090803ffae349515f87546f044b21157e68e99d72	disc-verified:resolved	0	2ee3456a9aeb8607b88be4edd989a2034dd7fdd6f7846369d9dbc4c8ff20e6ae	disc-verified:resolved	output/scratch-14/witnesses/0108_requirement.json	"{""background_ordinal"":0,""bbox_global_raw"":[4015172.2622976005,4194304.0,2614886.399999999,2614886.399999999],""branch"":""b"",""length"":712,""n_coords"":35,""offset"":1077828536,""source_cell"":[0,1003,638],""source_cell_sha256"":""8ff95100de8cbeabec4b0fd43a796d65e5e1937b39871fc15123fe9c6c4fd2f0"",""spool_data"":""output/extract_timing/spool/level_0.data"",""trigger"":{""cell_raw"":[2090.88675840199,1638.3999999989755],""global_raw"":[4126762.886758402,2614886.399999999],""lat_lon"":[-36.7,121.4847022],""vertex"":13}}"	b	[0,1003,638]	35	[4015172.262,4194304.0,2614886.4,2614886.4]	3	0	False	encoder_drops_clipped_source_sliver	south_offshore
0	1008	638	288	0	0	0	0	0	0	0	-1	-1	109	O01	1	1	[13]	[[-36.75,-36.666666666666664,121.5,121.625]]	[-36.75,-36.666666666666664,121.5,121.625]	c	"[{""bbox_cell"":[1008,1012,635,640],""branches"":[""c""],""leaf_path"":[2000],""n_coords"":13}]"	T1	[[[1.0,0.0],[0.6640625,0.0],[0.33203125,0.0],[0.0,0.0],[0.0,0.33203125],[0.0,0.6640625],[0.0,1.0],[0.33203125,1.0],[0.6640625,1.0],[1.0,1.0],[1.0,0.6640625],[1.0,0.33203125],[1.0,0.0]]]	true	output/scratch-14/cell_local/proofs/109.json	0	4ed9cd801bdd70992a9b7bd090803ffae349515f87546f044b21157e68e99d72	disc-verified:resolved	0	2ee3456a9aeb8607b88be4edd989a2034dd7fdd6f7846369d9dbc4c8ff20e6ae	disc-verified:resolved	output/scratch-14/witnesses/0109_requirement.json	"{""background_ordinal"":0,""bbox_global_raw"":[4015172.2622976005,4194304.0,2614886.399999999,2614886.399999999],""branch"":""b"",""length"":712,""n_coords"":35,""offset"":1077828536,""source_cell"":[0,1003,638],""source_cell_sha256"":""8ff95100de8cbeabec4b0fd43a796d65e5e1937b39871fc15123fe9c6c4fd2f0"",""spool_data"":""output/extract_timing/spool/level_0.data"",""trigger"":{""cell_raw"":[3868.065792001784,1638.3999999989755],""global_raw"":[4132636.065792002,2614886.399999999],""lat_lon"":[-36.7,121.529511],""vertex"":12}}"	b	[0,1003,638]	35	[4015172.262,4194304.0,2614886.4,2614886.4]	3	0	False	encoder_drops_clipped_source_sliver	south_offshore
0	1009	638	288	0	0	0	0	0	0	0	-1	-1	110	O01	1	1	[13]	[[-36.75,-36.666666666666664,121.5,121.625]]	[-36.75,-36.666666666666664,121.5,121.625]	c	"[{""bbox_cell"":[1008,1012,635,640],""branches"":[""c""],""leaf_path"":[2001],""n_coords"":13}]"	T1	[[[1.0,0.0],[0.6640625,0.0],[0.33203125,0.0],[0.0,0.0],[0.0,0.33203125],[0.0,0.6640625],[0.0,1.0],[0.33203125,1.0],[0.6640625,1.0],[1.0,1.0],[1.0,0.6640625],[1.0,0.33203125],[1.0,0.0]]]	true	output/scratch-14/cell_local/proofs/110.json	0	4ed9cd801bdd70992a9b7bd090803ffae349515f87546f044b21157e68e99d72	disc-verified:resolved	0	2ee3456a9aeb8607b88be4edd989a2034dd7fdd6f7846369d9dbc4c8ff20e6ae	disc-verified:resolved	output/scratch-14/witnesses/0110_requirement.json	"{""background_ordinal"":0,""bbox_global_raw"":[4015172.2622976005,4194304.0,2614886.399999999,2614886.399999999],""branch"":""b"",""length"":712,""n_coords"":35,""offset"":1077828536,""source_cell"":[0,1003,638],""source_cell_sha256"":""8ff95100de8cbeabec4b0fd43a796d65e5e1937b39871fc15123fe9c6c4fd2f0"",""spool_data"":""output/extract_timing/spool/level_0.data"",""trigger"":{""cell_raw"":[2708.6553087979555,1638.3999999989755],""global_raw"":[4135572.655308798,2614886.399999999],""lat_lon"":[-36.7,121.5519154],""vertex"":11}}"	b	[0,1003,638]	35	[4015172.262,4194304.0,2614886.4,2614886.4]	3	0	False	encoder_drops_clipped_source_sliver	south_offshore
0	1011	638	288	0	0	0	0	0	0	0	-1	-1	111	O01	1	1	[13]	[[-36.75,-36.666666666666664,121.5,121.625]]	[-36.75,-36.666666666666664,121.5,121.625]	c	"[{""bbox_cell"":[1008,1012,635,640],""branches"":[""c""],""leaf_path"":[2003],""n_coords"":13}]"	T1	[[[1.0,0.0],[0.6640625,0.0],[0.33203125,0.0],[0.0,0.0],[0.0,0.33203125],[0.0,0.6640625],[0.0,1.0],[0.33203125,1.0],[0.6640625,1.0],[1.0,1.0],[1.0,0.6640625],[1.0,0.33203125],[1.0,0.0]]]	true	output/scratch-14/cell_local/proofs/111.json	0	4ed9cd801bdd70992a9b7bd090803ffae349515f87546f044b21157e68e99d72	disc-verified:resolved	0	2ee3456a9aeb8607b88be4edd989a2034dd7fdd6f7846369d9dbc4c8ff20e6ae	disc-verified:resolved	output/scratch-14/witnesses/0111_requirement.json	"{""background_ordinal"":0,""bbox_global_raw"":[4015172.2622976005,4194304.0,2614886.399999999,2614886.399999999],""branch"":""b"",""length"":712,""n_coords"":35,""offset"":1077828536,""source_cell"":[0,1003,638],""source_cell_sha256"":""8ff95100de8cbeabec4b0fd43a796d65e5e1937b39871fc15123fe9c6c4fd2f0"",""spool_data"":""output/extract_timing/spool/level_0.data"",""trigger"":{""cell_raw"":[389.8343423977494,1638.3999999989755],""global_raw"":[4141445.8343423977,2614886.399999999],""lat_lon"":[-36.7,121.5967242],""vertex"":10}}"	b	[0,1003,638]	35	[4015172.262,4194304.0,2614886.4,2614886.4]	3	0	False	encoder_drops_clipped_source_sliver	south_offshore
0	1012	638	288	0	0	0	0	0	0	0	-1	-1	112	O01	1	1	[13]	[[-36.75,-36.666666666666664,121.625,121.75]]	[-36.75,-36.666666666666664,121.625,121.75]	c	"[{""bbox_cell"":[1012,1016,635,640],""branches"":[""c""],""leaf_path"":[2004],""n_coords"":13}]"	T1	[[[1.0,0.0],[0.6640625,0.0],[0.33203125,0.0],[0.0,0.0],[0.0,0.33203125],[0.0,0.6640625],[0.0,1.0],[0.33203125,1.0],[0.6640625,1.0],[1.0,1.0],[1.0,0.6640625],[1.0,0.33203125],[1.0,0.0]]]	true	output/scratch-14/cell_local/proofs/112.json	0	4ed9cd801bdd70992a9b7bd090803ffae349515f87546f044b21157e68e99d72	disc-verified:resolved	0	2ee3456a9aeb8607b88be4edd989a2034dd7fdd6f7846369d9dbc4c8ff20e6ae	disc-verified:resolved	output/scratch-14/witnesses/0112_requirement.json	"{""background_ordinal"":0,""bbox_global_raw"":[4015172.2622976005,4194304.0,2614886.399999999,2614886.399999999],""branch"":""b"",""length"":712,""n_coords"":35,""offset"":1077828536,""source_cell"":[0,1003,638],""source_cell_sha256"":""8ff95100de8cbeabec4b0fd43a796d65e5e1937b39871fc15123fe9c6c4fd2f0"",""spool_data"":""output/extract_timing/spool/level_0.data"",""trigger"":{""cell_raw"":[2167.0133759975433,1638.3999999989755],""global_raw"":[4147319.0133759975,2614886.399999999],""lat_lon"":[-36.7,121.641533],""vertex"":9}}"	b	[0,1003,638]	35	[4015172.262,4194304.0,2614886.4,2614886.4]	3	0	False	encoder_drops_clipped_source_sliver	south_offshore
0	1013	638	288	0	0	0	0	0	0	0	-1	-1	113	O01	1	1	[13]	[[-36.75,-36.666666666666664,121.625,121.75]]	[-36.75,-36.666666666666664,121.625,121.75]	c	"[{""bbox_cell"":[1012,1016,635,640],""branches"":[""c""],""leaf_path"":[2005],""n_coords"":13}]"	T1	[[[1.0,0.0],[0.6640625,0.0],[0.33203125,0.0],[0.0,0.0],[0.0,0.33203125],[0.0,0.6640625],[0.0,1.0],[0.33203125,1.0],[0.6640625,1.0],[1.0,1.0],[1.0,0.6640625],[1.0,0.33203125],[1.0,0.0]]]	true	output/scratch-14/cell_local/proofs/113.json	0	4ed9cd801bdd70992a9b7bd090803ffae349515f87546f044b21157e68e99d72	disc-verified:resolved	0	2ee3456a9aeb8607b88be4edd989a2034dd7fdd6f7846369d9dbc4c8ff20e6ae	disc-verified:resolved	output/scratch-14/witnesses/0113_requirement.json	"{""background_ordinal"":0,""bbox_global_raw"":[4015172.2622976005,4194304.0,2614886.399999999,2614886.399999999],""branch"":""b"",""length"":712,""n_coords"":35,""offset"":1077828536,""source_cell"":[0,1003,638],""source_cell_sha256"":""8ff95100de8cbeabec4b0fd43a796d65e5e1937b39871fc15123fe9c6c4fd2f0"",""spool_data"":""output/extract_timing/spool/level_0.data"",""trigger"":{""cell_raw"":[3944.1924095973372,1638.3999999989755],""global_raw"":[4153192.1924095973,2614886.399999999],""lat_lon"":[-36.7,121.6863418],""vertex"":8}}"	b	[0,1003,638]	35	[4015172.262,4194304.0,2614886.4,2614886.4]	3	0	False	encoder_drops_clipped_source_sliver	south_offshore
0	1015	638	288	0	0	0	0	0	0	0	-1	-1	114	O01	1	1	[13]	[[-36.75,-36.666666666666664,121.625,121.75]]	[-36.75,-36.666666666666664,121.625,121.75]	c	"[{""bbox_cell"":[1012,1016,635,640],""branches"":[""c""],""leaf_path"":[2007],""n_coords"":13}]"	T1	[[[1.0,0.0],[0.6640625,0.0],[0.33203125,0.0],[0.0,0.0],[0.0,0.33203125],[0.0,0.6640625],[0.0,1.0],[0.33203125,1.0],[0.6640625,1.0],[1.0,1.0],[1.0,0.6640625],[1.0,0.33203125],[1.0,0.0]]]	true	output/scratch-14/cell_local/proofs/114.json	0	4ed9cd801bdd70992a9b7bd090803ffae349515f87546f044b21157e68e99d72	disc-verified:resolved	0	2ee3456a9aeb8607b88be4edd989a2034dd7fdd6f7846369d9dbc4c8ff20e6ae	disc-verified:resolved	output/scratch-14/witnesses/0114_requirement.json	"{""background_ordinal"":0,""bbox_global_raw"":[4015172.2622976005,4194304.0,2614886.399999999,2614886.399999999],""branch"":""b"",""length"":712,""n_coords"":35,""offset"":1077828536,""source_cell"":[0,1003,638],""source_cell_sha256"":""8ff95100de8cbeabec4b0fd43a796d65e5e1937b39871fc15123fe9c6c4fd2f0"",""spool_data"":""output/extract_timing/spool/level_0.data"",""trigger"":{""cell_raw"":[1625.3714432008564,1638.3999999989755],""global_raw"":[4159065.371443201,2614886.399999999],""lat_lon"":[-36.7,121.7311506],""vertex"":7}}"	b	[0,1003,638]	35	[4015172.262,4194304.0,2614886.4,2614886.4]	3	0	False	encoder_drops_clipped_source_sliver	south_offshore
0	1016	638	288	0	0	0	0	0	0	0	-1	-1	115	O01	1	1	[13]	[[-36.75,-36.666666666666664,121.75,121.875]]	[-36.75,-36.666666666666664,121.75,121.875]	c	"[{""bbox_cell"":[1016,1020,635,640],""branches"":[""c""],""leaf_path"":[2008],""n_coords"":13}]"	T1	[[[1.0,0.0],[0.6640625,0.0],[0.33203125,0.0],[0.0,0.0],[0.0,0.33203125],[0.0,0.6640625],[0.0,1.0],[0.33203125,1.0],[0.6640625,1.0],[1.0,1.0],[1.0,0.6640625],[1.0,0.33203125],[1.0,0.0]]]	true	output/scratch-14/cell_local/proofs/115.json	0	4ed9cd801bdd70992a9b7bd090803ffae349515f87546f044b21157e68e99d72	disc-verified:resolved	0	2ee3456a9aeb8607b88be4edd989a2034dd7fdd6f7846369d9dbc4c8ff20e6ae	disc-verified:resolved	output/scratch-14/witnesses/0115_requirement.json	"{""background_ordinal"":0,""bbox_global_raw"":[4015172.2622976005,4194304.0,2614886.399999999,2614886.399999999],""branch"":""b"",""length"":712,""n_coords"":35,""offset"":1077828536,""source_cell"":[0,1003,638],""source_cell_sha256"":""8ff95100de8cbeabec4b0fd43a796d65e5e1937b39871fc15123fe9c6c4fd2f0"",""spool_data"":""output/extract_timing/spool/level_0.data"",""trigger"":{""cell_raw"":[3402.5504768006504,1638.3999999989755],""global_raw"":[4164938.5504768007,2614886.399999999],""lat_lon"":[-36.7,121.7759594],""vertex"":6}}"	b	[0,1003,638]	35	[4015172.262,4194304.0,2614886.4,2614886.4]	3	0	False	encoder_drops_clipped_source_sliver	south_offshore
0	1018	638	288	0	0	0	0	0	0	0	-1	-1	116	O01	1	1	[13]	[[-36.75,-36.666666666666664,121.75,121.875]]	[-36.75,-36.666666666666664,121.75,121.875]	c	"[{""bbox_cell"":[1016,1020,635,640],""branches"":[""c""],""leaf_path"":[2010],""n_coords"":13}]"	T1	[[[1.0,0.0],[0.6640625,0.0],[0.33203125,0.0],[0.0,0.0],[0.0,0.33203125],[0.0,0.6640625],[0.0,1.0],[0.33203125,1.0],[0.6640625,1.0],[1.0,1.0],[1.0,0.6640625],[1.0,0.33203125],[1.0,0.0]]]	true	output/scratch-14/cell_local/proofs/116.json	0	4ed9cd801bdd70992a9b7bd090803ffae349515f87546f044b21157e68e99d72	disc-verified:resolved	0	2ee3456a9aeb8607b88be4edd989a2034dd7fdd6f7846369d9dbc4c8ff20e6ae	disc-verified:resolved	output/scratch-14/witnesses/0116_requirement.json	"{""background_ordinal"":0,""bbox_global_raw"":[4015172.2622976005,4194304.0,2614886.399999999,2614886.399999999],""branch"":""b"",""length"":712,""n_coords"":35,""offset"":1077828536,""source_cell"":[0,1003,638],""source_cell_sha256"":""8ff95100de8cbeabec4b0fd43a796d65e5e1937b39871fc15123fe9c6c4fd2f0"",""spool_data"":""output/extract_timing/spool/level_0.data"",""trigger"":{""cell_raw"":[1083.7295104004443,1638.3999999989755],""global_raw"":[4170811.7295104004,2614886.399999999],""lat_lon"":[-36.7,121.8207682],""vertex"":5}}"	b	[0,1003,638]	35	[4015172.262,4194304.0,2614886.4,2614886.4]	3	0	False	encoder_drops_clipped_source_sliver	south_offshore
0	1019	638	288	0	0	0	0	0	0	0	-1	-1	117	O01	1	1	[13]	[[-36.75,-36.666666666666664,121.75,121.875]]	[-36.75,-36.666666666666664,121.75,121.875]	c	"[{""bbox_cell"":[1016,1020,635,640],""branches"":[""c""],""leaf_path"":[2011],""n_coords"":13}]"	T1	[[[1.0,0.0],[0.6640625,0.0],[0.33203125,0.0],[0.0,0.0],[0.0,0.33203125],[0.0,0.6640625],[0.0,1.0],[0.33203125,1.0],[0.6640625,1.0],[1.0,1.0],[1.0,0.6640625],[1.0,0.33203125],[1.0,0.0]]]	true	output/scratch-14/cell_local/proofs/117.json	0	4ed9cd801bdd70992a9b7bd090803ffae349515f87546f044b21157e68e99d72	disc-verified:resolved	0	2ee3456a9aeb8607b88be4edd989a2034dd7fdd6f7846369d9dbc4c8ff20e6ae	disc-verified:resolved	output/scratch-14/witnesses/0117_requirement.json	"{""background_ordinal"":0,""bbox_global_raw"":[4015172.2622976005,4194304.0,2614886.399999999,2614886.399999999],""branch"":""b"",""length"":712,""n_coords"":35,""offset"":1077828536,""source_cell"":[0,1003,638],""source_cell_sha256"":""8ff95100de8cbeabec4b0fd43a796d65e5e1937b39871fc15123fe9c6c4fd2f0"",""spool_data"":""output/extract_timing/spool/level_0.data"",""trigger"":{""cell_raw"":[2860.908544000238,1638.3999999989755],""global_raw"":[4176684.9085440002,2614886.399999999],""lat_lon"":[-36.7,121.865577],""vertex"":4}}"	b	[0,1003,638]	35	[4015172.262,4194304.0,2614886.4,2614886.4]	3	0	False	encoder_drops_clipped_source_sliver	south_offshore
0	1021	638	288	0	0	0	0	0	0	0	-1	-1	118	O01	1	1	[13]	[[-36.75,-36.666666666666664,121.875,122.0]]	[-36.75,-36.666666666666664,121.875,122.0]	c	"[{""bbox_cell"":[1020,1024,635,640],""branches"":[""c""],""leaf_path"":[2013],""n_coords"":13}]"	T1	[[[1.0,0.0],[0.6640625,0.0],[0.33203125,0.0],[0.0,0.0],[0.0,0.33203125],[0.0,0.6640625],[0.0,1.0],[0.33203125,1.0],[0.6640625,1.0],[1.0,1.0],[1.0,0.6640625],[1.0,0.33203125],[1.0,0.0]]]	true	output/scratch-14/cell_local/proofs/118.json	0	4ed9cd801bdd70992a9b7bd090803ffae349515f87546f044b21157e68e99d72	disc-verified:resolved	0	2ee3456a9aeb8607b88be4edd989a2034dd7fdd6f7846369d9dbc4c8ff20e6ae	disc-verified:resolved	output/scratch-14/witnesses/0118_requirement.json	"{""background_ordinal"":0,""bbox_global_raw"":[4015172.2622976005,4194304.0,2614886.399999999,2614886.399999999],""branch"":""b"",""length"":712,""n_coords"":35,""offset"":1077828536,""source_cell"":[0,1003,638],""source_cell_sha256"":""8ff95100de8cbeabec4b0fd43a796d65e5e1937b39871fc15123fe9c6c4fd2f0"",""spool_data"":""output/extract_timing/spool/level_0.data"",""trigger"":{""cell_raw"":[3478.663987200707,1638.3999999989755],""global_raw"":[4185494.6639872007,2614886.399999999],""lat_lon"":[-36.7,121.9327901],""vertex"":2}}"	b	[0,1003,638]	35	[4015172.262,4194304.0,2614886.4,2614886.4]	4	0	False	encoder_drops_clipped_source_sliver	south_offshore
0	851	639	288	0	0	0	0	0	0	0	-1	-1	119	O01	1	1	[13]	[[-36.75,-36.666666666666664,116.5,116.625]]	[-36.75,-36.666666666666664,116.5,116.625]	c	"[{""bbox_cell"":[848,852,635,640],""branches"":[""c""],""leaf_path"":[2035],""n_coords"":13}]"	T1	[[[1.0,0.0],[0.6640625,0.0],[0.33203125,0.0],[0.0,0.0],[0.0,0.33203125],[0.0,0.6640625],[0.0,1.0],[0.33203125,1.0],[0.6640625,1.0],[1.0,1.0],[1.0,0.6640625],[1.0,0.33203125],[1.0,0.0]]]	true	output/scratch-14/cell_local/proofs/119.json	0	4ed9cd801bdd70992a9b7bd090803ffae349515f87546f044b21157e68e99d72	disc-verified:resolved	0	2ee3456a9aeb8607b88be4edd989a2034dd7fdd6f7846369d9dbc4c8ff20e6ae	disc-verified:resolved	output/scratch-14/witnesses/0119_requirement.json	"{""background_ordinal"":0,""bbox_global_raw"":[3486515.1999999993,3486515.1999999993,2614886.399999999,2849177.6065536],""branch"":""b"",""length"":216,""n_coords"":4,""offset"":1138890128,""source_cell"":[0,851,652],""source_cell_sha256"":""56578f3a0546347423e05438b4707fd748dc420707a873218eac6f02d776a7b9"",""spool_data"":""output/extract_timing/spool/level_0.data"",""trigger"":{""cell_raw"":[819.1999999992549,1897.0509311999194],""global_raw"":[3486515.1999999993,2619241.0509312],""lat_lon"":[-36.6778511,116.6],""vertex"":1}}"	b	[0,851,652]	4	[3486515.2,3486515.2,2614886.4,2849177.607]	3	0	False	encoder_drops_clipped_source_sliver	south_offshore
0	980	639	288	0	0	0	0	0	0	0	-1	-1	120	O01	1	1	[13]	[[-36.75,-36.666666666666664,120.625,120.75]]	[-36.75,-36.666666666666664,120.625,120.75]	c	"[{""bbox_cell"":[980,984,635,640],""branches"":[""c""],""leaf_path"":[2036],""n_coords"":13}]"	T1	[[[1.0,0.0],[0.6640625,0.0],[0.33203125,0.0],[0.0,0.0],[0.0,0.33203125],[0.0,0.6640625],[0.0,1.0],[0.33203125,1.0],[0.6640625,1.0],[1.0,1.0],[1.0,0.6640625],[1.0,0.33203125],[1.0,0.0]]]	true	output/scratch-14/cell_local/proofs/120.json	0	4ed9cd801bdd70992a9b7bd090803ffae349515f87546f044b21157e68e99d72	disc-verified:resolved	0	2ee3456a9aeb8607b88be4edd989a2034dd7fdd6f7846369d9dbc4c8ff20e6ae	disc-verified:resolved	output/scratch-14/witnesses/0120_requirement.json	"{""background_ordinal"":0,""bbox_global_raw"":[4015172.2622976005,4015172.2622976005,2614886.399999999,2877030.393446399],""branch"":""b"",""length"":216,""n_coords"":4,""offset"":1150453784,""source_cell"":[0,980,654],""source_cell_sha256"":""4132b27266a42dc97d786b0402c542e8bb77f8cfec6415315f55114239d2c04b"",""spool_data"":""output/extract_timing/spool/level_0.data"",""trigger"":{""cell_raw"":[1092.2622976005077,1895.8712832001038],""global_raw"":[4015172.2622976005,2619239.8712832],""lat_lon"":[-36.6778571,120.6333333],""vertex"":1}}"	b	[0,980,654]	4	[4015172.262,4015172.262,2614886.4,2877030.393]	3	0	False	encoder_drops_clipped_source_sliver	south_offshore
0	855	695	288	0	0	0	0	0	0	0	-1	-1	128	O01	1	1	[13]	[[-35.58333333333333,-35.49999999999999,116.625,116.75]]	[-35.58333333333333,-35.49999999999999,116.625,116.75]	c	"[{""bbox_cell"":[852,856,692,696],""branches"":[""c""],""leaf_path"":[1783],""n_coords"":13}]"	T2	[[[0.0,0.0],[0.0,0.33203125],[0.0,0.6640625],[0.0,1.0],[0.33203125,1.0],[0.6640625,1.0],[1.0,1.0],[1.0,0.6640625],[1.0,0.33203125],[1.0,0.0],[0.6640625,0.0],[0.33203125,0.0],[0.0,0.0]]]	true	output/scratch-14/cell_local/proofs/128.json	0	4ed9cd801bdd70992a9b7bd090803ffae349515f87546f044b21157e68e99d72	disc-verified:resolved	0	2ee3456a9aeb8607b88be4edd989a2034dd7fdd6f7846369d9dbc4c8ff20e6ae	disc-verified:resolved	output/scratch-14/witnesses/0128_requirement.json	"{""background_ordinal"":0,""bbox_global_raw"":[3486515.1999999993,3552051.1999999993,2849177.6065536,2849177.6065536],""branch"":""b"",""length"":424,""n_coords"":17,""offset"":1341130944,""source_cell"":[0,858,695],""source_cell_sha256"":""9617d9347c18b7fb9b74bb8ddd475a962e0c3f648821762dec33ba4596904768"",""spool_data"":""output/extract_timing/spool/level_0.data"",""trigger"":{""cell_raw"":[1535.0890496000648,2457.6065536001697],""global_raw"":[3503615.0890496,2849177.6065536],""lat_lon"":[-35.5083333,116.7304618],""vertex"":4}}"	b	[0,858,695]	17	[3486515.2,3552051.2,2849177.607,2849177.607]	3	0	False	encoder_drops_clipped_source_sliver	south_offshore
0	856	695	288	0	0	0	0	0	0	0	-1	-1	129	O01	1	1	[13]	[[-35.58333333333333,-35.49999999999999,116.75,116.875]]	[-35.58333333333333,-35.49999999999999,116.75,116.875]	c	"[{""bbox_cell"":[856,860,692,696],""branches"":[""c""],""leaf_path"":[1784],""n_coords"":13}]"	T2	[[[0.0,0.0],[0.0,0.33203125],[0.0,0.6640625],[0.0,1.0],[0.33203125,1.0],[0.6640625,1.0],[1.0,1.0],[1.0,0.6640625],[1.0,0.33203125],[1.0,0.0],[0.6640625,0.0],[0.33203125,0.0],[0.0,0.0]]]	true	output/scratch-14/cell_local/proofs/129.json	0	4ed9cd801bdd70992a9b7bd090803ffae349515f87546f044b21157e68e99d72	disc-verified:resolved	0	2ee3456a9aeb8607b88be4edd989a2034dd7fdd6f7846369d9dbc4c8ff20e6ae	disc-verified:resolved	output/scratch-14/witnesses/0129_requirement.json	"{""background_ordinal"":0,""bbox_global_raw"":[3486515.1999999993,3552051.1999999993,2849177.6065536,2849177.6065536],""branch"":""b"",""length"":424,""n_coords"":17,""offset"":1341130944,""source_cell"":[0,858,695],""source_cell_sha256"":""9617d9347c18b7fb9b74bb8ddd475a962e0c3f648821762dec33ba4596904768"",""spool_data"":""output/extract_timing/spool/level_0.data"",""trigger"":{""cell_raw"":[3139.2268287986517,2457.6065536001697],""global_raw"":[3509315.2268287987,2849177.6065536],""lat_lon"":[-35.5083333,116.7739504],""vertex"":5}}"	b	[0,858,695]	17	[3486515.2,3552051.2,2849177.607,2849177.607]	3	0	False	encoder_drops_clipped_source_sliver	south_offshore
0	857	695	288	0	0	0	0	0	0	0	-1	-1	130	O01	1	1	[13]	[[-35.58333333333333,-35.49999999999999,116.75,116.875]]	[-35.58333333333333,-35.49999999999999,116.75,116.875]	c	"[{""bbox_cell"":[856,860,692,696],""branches"":[""c""],""leaf_path"":[1785],""n_coords"":13}]"	T2	[[[0.0,0.0],[0.0,0.33203125],[0.0,0.6640625],[0.0,1.0],[0.33203125,1.0],[0.6640625,1.0],[1.0,1.0],[1.0,0.6640625],[1.0,0.33203125],[1.0,0.0],[0.6640625,0.0],[0.33203125,0.0],[0.0,0.0]]]	true	output/scratch-14/cell_local/proofs/130.json	0	4ed9cd801bdd70992a9b7bd090803ffae349515f87546f044b21157e68e99d72	disc-verified:resolved	0	2ee3456a9aeb8607b88be4edd989a2034dd7fdd6f7846369d9dbc4c8ff20e6ae	disc-verified:resolved	output/scratch-14/witnesses/0130_requirement.json	"{""background_ordinal"":0,""bbox_global_raw"":[3486515.1999999993,3552051.1999999993,2849177.6065536,2849177.6065536],""branch"":""b"",""length"":424,""n_coords"":17,""offset"":1341130944,""source_cell"":[0,858,695],""source_cell_sha256"":""9617d9347c18b7fb9b74bb8ddd475a962e0c3f648821762dec33ba4596904768"",""spool_data"":""output/extract_timing/spool/level_0.data"",""trigger"":{""cell_raw"":[1893.2957184016705,2457.6065536001697],""global_raw"":[3512165.2957184017,2849177.6065536],""lat_lon"":[-35.5083333,116.7956947],""vertex"":6}}"	b	[0,858,695]	17	[3486515.2,3552051.2,2849177.607,2849177.607]	3	0	False	encoder_drops_clipped_source_sliver	south_offshore
0	858	695	288	0	0	0	0	0	0	0	-1	-1	131	O01	1	1	[13]	[[-35.58333333333333,-35.49999999999999,116.75,116.875]]	[-35.58333333333333,-35.49999999999999,116.75,116.875]	c	"[{""bbox_cell"":[856,860,692,696],""branches"":[""c""],""leaf_path"":[1786],""n_coords"":13}]"	T2	[[[0.0,0.0],[0.0,0.33203125],[0.0,0.6640625],[0.0,1.0],[0.33203125,1.0],[0.6640625,1.0],[1.0,1.0],[1.0,0.6640625],[1.0,0.33203125],[1.0,0.0],[0.6640625,0.0],[0.33203125,0.0],[0.0,0.0]]]	true	output/scratch-14/cell_local/proofs/131.json	0	4ed9cd801bdd70992a9b7bd090803ffae349515f87546f044b21157e68e99d72	disc-verified:resolved	0	2ee3456a9aeb8607b88be4edd989a2034dd7fdd6f7846369d9dbc4c8ff20e6ae	disc-verified:resolved	output/scratch-14/witnesses/0131_requirement.json	"{""background_ordinal"":0,""bbox_global_raw"":[3486515.1999999993,3552051.1999999993,2849177.6065536,2849177.6065536],""branch"":""b"",""length"":424,""n_coords"":17,""offset"":1341130944,""source_cell"":[0,858,695],""source_cell_sha256"":""9617d9347c18b7fb9b74bb8ddd475a962e0c3f648821762dec33ba4596904768"",""spool_data"":""output/extract_timing/spool/level_0.data"",""trigger"":{""cell_raw"":[647.3646079972386,2457.6065536001697],""global_raw"":[3515015.3646079972,2849177.6065536],""lat_lon"":[-35.5083333,116.817439],""vertex"":7}}"	b	[0,858,695]	17	[3486515.2,3552051.2,2849177.607,2849177.607]	3	0	False	encoder_drops_clipped_source_sliver	south_offshore
0	859	695	288	0	0	0	0	0	0	0	-1	-1	132	O01	1	1	[13]	[[-35.58333333333333,-35.49999999999999,116.75,116.875]]	[-35.58333333333333,-35.49999999999999,116.75,116.875]	c	"[{""bbox_cell"":[856,860,692,696],""branches"":[""c""],""leaf_path"":[1787],""n_coords"":13}]"	T2	[[[0.0,0.0],[0.0,0.33203125],[0.0,0.6640625],[0.0,1.0],[0.33203125,1.0],[0.6640625,1.0],[1.0,1.0],[1.0,0.6640625],[1.0,0.33203125],[1.0,0.0],[0.6640625,0.0],[0.33203125,0.0],[0.0,0.0]]]	true	output/scratch-14/cell_local/proofs/132.json	0	4ed9cd801bdd70992a9b7bd090803ffae349515f87546f044b21157e68e99d72	disc-verified:resolved	0	2ee3456a9aeb8607b88be4edd989a2034dd7fdd6f7846369d9dbc4c8ff20e6ae	disc-verified:resolved	output/scratch-14/witnesses/0132_requirement.json	"{""background_ordinal"":0,""bbox_global_raw"":[3486515.1999999993,3552051.1999999993,2849177.6065536,2849177.6065536],""branch"":""b"",""length"":424,""n_coords"":17,""offset"":1341130944,""source_cell"":[0,858,695],""source_cell_sha256"":""9617d9347c18b7fb9b74bb8ddd475a962e0c3f648821762dec33ba4596904768"",""spool_data"":""output/extract_timing/spool/level_0.data"",""trigger"":{""cell_raw"":[2251.502387199551,2457.6065536001697],""global_raw"":[3520715.5023871996,2849177.6065536],""lat_lon"":[-35.5083333,116.8609276],""vertex"":8}}"	b	[0,858,695]	17	[3486515.2,3552051.2,2849177.607,2849177.607]	3	0	False	encoder_drops_clipped_source_sliver	south_offshore
0	860	695	288	0	0	0	0	0	0	0	-1	-1	133	O01	1	1	[13]	[[-35.58333333333333,-35.49999999999999,116.875,117.0]]	[-35.58333333333333,-35.49999999999999,116.875,117.0]	c	"[{""bbox_cell"":[860,864,692,696],""branches"":[""c""],""leaf_path"":[1788],""n_coords"":13}]"	T1	[[[1.0,0.0],[0.6640625,0.0],[0.33203125,0.0],[0.0,0.0],[0.0,0.33203125],[0.0,0.6640625],[0.0,1.0],[0.33203125,1.0],[0.6640625,1.0],[1.0,1.0],[1.0,0.6640625],[1.0,0.33203125],[1.0,0.0]]]	true	output/scratch-14/cell_local/proofs/133.json	0	4ed9cd801bdd70992a9b7bd090803ffae349515f87546f044b21157e68e99d72	disc-verified:resolved	0	2ee3456a9aeb8607b88be4edd989a2034dd7fdd6f7846369d9dbc4c8ff20e6ae	disc-verified:resolved	output/scratch-14/witnesses/0133_requirement.json	"{""background_ordinal"":0,""bbox_global_raw"":[3486515.1999999993,3552051.1999999993,2849177.6065536,2849177.6065536],""branch"":""b"",""length"":424,""n_coords"":17,""offset"":1341130944,""source_cell"":[0,858,695],""source_cell_sha256"":""9617d9347c18b7fb9b74bb8ddd475a962e0c3f648821762dec33ba4596904768"",""spool_data"":""output/extract_timing/spool/level_0.data"",""trigger"":{""cell_raw"":[3855.627059198916,2457.6065536001697],""global_raw"":[3526415.627059199,2849177.6065536],""lat_lon"":[-35.5083333,116.9044161],""vertex"":9}}"	b	[0,858,695]	17	[3486515.2,3552051.2,2849177.607,2849177.607]	3	0	False	encoder_drops_clipped_source_sliver	south_offshore
0	862	695	288	0	0	0	0	0	0	0	-1	-1	134	O01	1	1	[13]	[[-35.58333333333333,-35.49999999999999,116.875,117.0]]	[-35.58333333333333,-35.49999999999999,116.875,117.0]	c	"[{""bbox_cell"":[860,864,692,696],""branches"":[""c""],""leaf_path"":[1790],""n_coords"":13}]"	T1	[[[1.0,0.0],[0.6640625,0.0],[0.33203125,0.0],[0.0,0.0],[0.0,0.33203125],[0.0,0.6640625],[0.0,1.0],[0.33203125,1.0],[0.6640625,1.0],[1.0,1.0],[1.0,0.6640625],[1.0,0.33203125],[1.0,0.0]]]	true	output/scratch-14/cell_local/proofs/134.json	0	4ed9cd801bdd70992a9b7bd090803ffae349515f87546f044b21157e68e99d72	disc-verified:resolved	0	2ee3456a9aeb8607b88be4edd989a2034dd7fdd6f7846369d9dbc4c8ff20e6ae	disc-verified:resolved	output/scratch-14/witnesses/0134_requirement.json	"{""background_ordinal"":0,""bbox_global_raw"":[3486515.1999999993,3552051.1999999993,2849177.6065536,2849177.6065536],""branch"":""b"",""length"":424,""n_coords"":17,""offset"":1341130944,""source_cell"":[0,858,695],""source_cell_sha256"":""9617d9347c18b7fb9b74bb8ddd475a962e0c3f648821762dec33ba4596904768"",""spool_data"":""output/extract_timing/spool/level_0.data"",""trigger"":{""cell_raw"":[1363.764838397503,2457.6065536001697],""global_raw"":[3532115.7648383975,2849177.6065536],""lat_lon"":[-35.5083333,116.9479047],""vertex"":10}}"	b	[0,858,695]	17	[3486515.2,3552051.2,2849177.607,2849177.607]	3	0	False	encoder_drops_clipped_source_sliver	south_offshore
0	863	695	288	0	0	0	0	0	0	0	-1	-1	135	O01	1	1	[13]	[[-35.58333333333333,-35.49999999999999,116.875,117.0]]	[-35.58333333333333,-35.49999999999999,116.875,117.0]	c	"[{""bbox_cell"":[860,864,692,696],""branches"":[""c""],""leaf_path"":[1791],""n_coords"":13}]"	T1	[[[1.0,0.0],[0.6640625,0.0],[0.33203125,0.0],[0.0,0.0],[0.0,0.33203125],[0.0,0.6640625],[0.0,1.0],[0.33203125,1.0],[0.6640625,1.0],[1.0,1.0],[1.0,0.6640625],[1.0,0.33203125],[1.0,0.0]]]	true	output/scratch-14/cell_local/proofs/135.json	0	4ed9cd801bdd70992a9b7bd090803ffae349515f87546f044b21157e68e99d72	disc-verified:resolved	0	2ee3456a9aeb8607b88be4edd989a2034dd7fdd6f7846369d9dbc4c8ff20e6ae	disc-verified:resolved	output/scratch-14/witnesses/0135_requirement.json	"{""background_ordinal"":0,""bbox_global_raw"":[3486515.1999999993,3552051.1999999993,2849177.6065536,2849177.6065536],""branch"":""b"",""length"":424,""n_coords"":17,""offset"":1341130944,""source_cell"":[0,858,695],""source_cell_sha256"":""9617d9347c18b7fb9b74bb8ddd475a962e0c3f648821762dec33ba4596904768"",""spool_data"":""output/extract_timing/spool/level_0.data"",""trigger"":{""cell_raw"":[117.83372800052166,2457.6065536001697],""global_raw"":[3534965.8337280005,2849177.6065536],""lat_lon"":[-35.5083333,116.969649],""vertex"":11}}"	b	[0,858,695]	17	[3486515.2,3552051.2,2849177.607,2849177.607]	4	0	False	encoder_drops_clipped_source_sliver	south_offshore
0	865	695	288	0	0	0	0	0	0	0	-1	-1	136	O01	1	1	[13]	[[-35.58333333333333,-35.49999999999999,117.0,117.125]]	[-35.58333333333333,-35.49999999999999,117.0,117.125]	c	"[{""bbox_cell"":[864,868,692,696],""branches"":[""c""],""leaf_path"":[1761],""n_coords"":13}]"	T1	[[[1.0,0.0],[0.6640625,0.0],[0.33203125,0.0],[0.0,0.0],[0.0,0.33203125],[0.0,0.6640625],[0.0,1.0],[0.33203125,1.0],[0.6640625,1.0],[1.0,1.0],[1.0,0.6640625],[1.0,0.33203125],[1.0,0.0]]]	true	output/scratch-14/cell_local/proofs/136.json	0	4ed9cd801bdd70992a9b7bd090803ffae349515f87546f044b21157e68e99d72	disc-verified:resolved	0	2ee3456a9aeb8607b88be4edd989a2034dd7fdd6f7846369d9dbc4c8ff20e6ae	disc-verified:resolved	output/scratch-14/witnesses/0136_requirement.json	"{""background_ordinal"":0,""bbox_global_raw"":[3486515.1999999993,3552051.1999999993,2849177.6065536,2849177.6065536],""branch"":""b"",""length"":424,""n_coords"":17,""offset"":1341130944,""source_cell"":[0,858,695],""source_cell_sha256"":""9617d9347c18b7fb9b74bb8ddd475a962e0c3f648821762dec33ba4596904768"",""spool_data"":""output/extract_timing/spool/level_0.data"",""trigger"":{""cell_raw"":[476.04039680212736,2457.6065536001697],""global_raw"":[3543516.040396802,2849177.6065536],""lat_lon"":[-35.5083333,117.0348819],""vertex"":13}}"	b	[0,858,695]	17	[3486515.2,3552051.2,2849177.607,2849177.607]	4	0	False	encoder_drops_clipped_source_sliver	south_offshore
0	867	695	288	0	0	0	0	0	0	0	-1	-1	137	O01	1	1	[13]	[[-35.58333333333333,-35.49999999999999,117.0,117.125]]	[-35.58333333333333,-35.49999999999999,117.0,117.125]	c	"[{""bbox_cell"":[864,868,692,696],""branches"":[""c""],""leaf_path"":[1763],""n_coords"":13}]"	T1	[[[1.0,0.0],[0.6640625,0.0],[0.33203125,0.0],[0.0,0.0],[0.0,0.33203125],[0.0,0.6640625],[0.0,1.0],[0.33203125,1.0],[0.6640625,1.0],[1.0,1.0],[1.0,0.6640625],[1.0,0.33203125],[1.0,0.0]]]	true	output/scratch-14/cell_local/proofs/137.json	0	4ed9cd801bdd70992a9b7bd090803ffae349515f87546f044b21157e68e99d72	disc-verified:resolved	0	2ee3456a9aeb8607b88be4edd989a2034dd7fdd6f7846369d9dbc4c8ff20e6ae	disc-verified:resolved	output/scratch-14/witnesses/0137_requirement.json	"{""background_ordinal"":0,""bbox_global_raw"":[3552051.1999999993,3552051.1999999993,2614886.399999999,2849177.6065536],""branch"":""b"",""length"":216,""n_coords"":4,""offset"":1274319824,""source_cell"":[0,867,681],""source_cell_sha256"":""86a1150ee431356c8e8be9dc5f2e94e8a83eaf7792128e048ae57f0c2dc1ef30"",""spool_data"":""output/extract_timing/spool/level_0.data"",""trigger"":{""cell_raw"":[819.1999999992549,2457.6065536001697],""global_raw"":[3552051.1999999993,2849177.6065536],""lat_lon"":[-35.5083333,117.1],""vertex"":0}}"	b	[0,867,681]	4	[3552051.2,3552051.2,2614886.4,2849177.607]	3	0	False	encoder_drops_clipped_source_sliver	south_offshore
0	694	710	288	0	0	0	0	0	0	0	-1	-1	140	O01	1	1	[13]	[[-35.24999999999999,-35.16666666666666,111.625,111.75]]	[-35.24999999999999,-35.16666666666666,111.625,111.75]	c	"[{""bbox_cell"":[692,696,708,712],""branches"":[""c""],""leaf_path"":[214],""n_coords"":13}]"	T2	[[[0.0,0.0],[0.0,0.33203125],[0.0,0.6640625],[0.0,1.0],[0.33203125,1.0],[0.6640625,1.0],[1.0,1.0],[1.0,0.6640625],[1.0,0.33203125],[1.0,0.0],[0.6640625,0.0],[0.33203125,0.0],[0.0,0.0]]]	true	output/scratch-14/cell_local/proofs/140.json	0	4ed9cd801bdd70992a9b7bd090803ffae349515f87546f044b21157e68e99d72	disc-verified:resolved	0	2ee3456a9aeb8607b88be4edd989a2034dd7fdd6f7846369d9dbc4c8ff20e6ae	disc-verified:resolved	output/scratch-14/witnesses/0140_requirement.json	"{""background_ordinal"":0,""bbox_global_raw"":[2844262.3999999985,2844262.3999999985,2706641.7217536,2909798.399999999],""branch"":""b"",""length"":216,""n_coords"":4,""offset"":1240297240,""source_cell"":[0,694,673],""source_cell_sha256"":""c47e3b2a92cd4e3941eda08675ee700c922df2c0e3e8b22bbfc9b009a23a3350"",""spool_data"":""output/extract_timing/spool/level_0.data"",""trigger"":{""cell_raw"":[1638.3999999985099,1638.3999999989755],""global_raw"":[2844262.3999999985,2909798.399999999],""lat_lon"":[-35.2,111.7],""vertex"":2}}"	b	[0,694,673]	4	[2844262.4,2844262.4,2706641.722,2909798.4]	2	0	False	encoder_drops_clipped_source_sliver	west
0	695	710	288	0	0	0	0	0	0	0	-1	-1	141	O01	1	1	[13]	[[-35.24999999999999,-35.16666666666666,111.625,111.75]]	[-35.24999999999999,-35.16666666666666,111.625,111.75]	c	"[{""bbox_cell"":[692,696,708,712],""branches"":[""c""],""leaf_path"":[215],""n_coords"":13}]"	T2	[[[0.0,0.0],[0.0,0.33203125],[0.0,0.6640625],[0.0,1.0],[0.33203125,1.0],[0.6640625,1.0],[1.0,1.0],[1.0,0.6640625],[1.0,0.33203125],[1.0,0.0],[0.6640625,0.0],[0.33203125,0.0],[0.0,0.0]]]	true	output/scratch-14/cell_local/proofs/141.json	0	4ed9cd801bdd70992a9b7bd090803ffae349515f87546f044b21157e68e99d72	disc-verified:resolved	0	2ee3456a9aeb8607b88be4edd989a2034dd7fdd6f7846369d9dbc4c8ff20e6ae	disc-verified:resolved	output/scratch-14/witnesses/0141_requirement.json	"{""background_ordinal"":0,""bbox_global_raw"":[2844262.3999999985,3027763.1999999993,2909798.399999999,2909798.399999999],""branch"":""b"",""length"":712,""n_coords"":35,""offset"":1455121768,""source_cell"":[0,715,710],""source_cell_sha256"":""a42181965b4327088adef21dabbe40d5213ff400b6552ed73d237b2e77b41e73"",""spool_data"":""output/extract_timing/spool/level_0.data"",""trigger"":{""cell_raw"":[285.0291711986065,1638.3999999989755],""global_raw"":[2847005.0291711986,2909798.399999999],""lat_lon"":[-35.2,111.7209246],""vertex"":1}}"	b	[0,715,710]	35	[2844262.4,3027763.2,2909798.4,2909798.4]	3	0	False	encoder_drops_clipped_source_sliver	west
0	696	710	288	0	0	0	0	0	0	0	-1	-1	142	O01	1	1	[13]	[[-35.24999999999999,-35.16666666666666,111.75,111.875]]	[-35.24999999999999,-35.16666666666666,111.75,111.875]	c	"[{""bbox_cell"":[696,700,708,712],""branches"":[""c""],""leaf_path"":[216],""n_coords"":13}]"	T2	[[[0.0,0.0],[0.0,0.33203125],[0.0,0.6640625],[0.0,1.0],[0.33203125,1.0],[0.6640625,1.0],[1.0,1.0],[1.0,0.6640625],[1.0,0.33203125],[1.0,0.0],[0.6640625,0.0],[0.33203125,0.0],[0.0,0.0]]]	true	output/scratch-14/cell_local/proofs/142.json	0	4ed9cd801bdd70992a9b7bd090803ffae349515f87546f044b21157e68e99d72	disc-verified:resolved	0	2ee3456a9aeb8607b88be4edd989a2034dd7fdd6f7846369d9dbc4c8ff20e6ae	disc-verified:resolved	output/scratch-14/witnesses/0142_requirement.json	"{""background_ordinal"":0,""bbox_global_raw"":[2844262.3999999985,3027763.1999999993,2909798.399999999,2909798.399999999],""branch"":""b"",""length"":712,""n_coords"":35,""offset"":1455121768,""source_cell"":[0,715,710],""source_cell_sha256"":""a42181965b4327088adef21dabbe40d5213ff400b6552ed73d237b2e77b41e73"",""spool_data"":""output/extract_timing/spool/level_0.data"",""trigger"":{""cell_raw"":[2019.9505920000374,1638.3999999989755],""global_raw"":[2852835.950592,2909798.399999999],""lat_lon"":[-35.2,111.765411],""vertex"":2}}"	b	[0,715,710]	35	[2844262.4,3027763.2,2909798.4,2909798.4]	3	0	False	encoder_drops_clipped_source_sliver	west
0	697	710	288	0	0	0	0	0	0	0	-1	-1	143	O01	1	1	[13]	[[-35.24999999999999,-35.16666666666666,111.75,111.875]]	[-35.24999999999999,-35.16666666666666,111.75,111.875]	c	"[{""bbox_cell"":[696,700,708,712],""branches"":[""c""],""leaf_path"":[217],""n_coords"":13}]"	T2	[[[0.0,0.0],[0.0,0.33203125],[0.0,0.6640625],[0.0,1.0],[0.33203125,1.0],[0.6640625,1.0],[1.0,1.0],[1.0,0.6640625],[1.0,0.33203125],[1.0,0.0],[0.6640625,0.0],[0.33203125,0.0],[0.0,0.0]]]	true	output/scratch-14/cell_local/proofs/143.json	0	4ed9cd801bdd70992a9b7bd090803ffae349515f87546f044b21157e68e99d72	disc-verified:resolved	0	2ee3456a9aeb8607b88be4edd989a2034dd7fdd6f7846369d9dbc4c8ff20e6ae	disc-verified:resolved	output/scratch-14/witnesses/0143_requirement.json	"{""background_ordinal"":0,""bbox_global_raw"":[2844262.3999999985,3027763.1999999993,2909798.399999999,2909798.399999999],""branch"":""b"",""length"":712,""n_coords"":35,""offset"":1455121768,""source_cell"":[0,715,710],""source_cell_sha256"":""a42181965b4327088adef21dabbe40d5213ff400b6552ed73d237b2e77b41e73"",""spool_data"":""output/extract_timing/spool/level_0.data"",""trigger"":{""cell_raw"":[3754.88512000069,1638.3999999989755],""global_raw"":[2858666.8851200007,2909798.399999999],""lat_lon"":[-35.2,111.8098975],""vertex"":3}}"	b	[0,715,710]	35	[2844262.4,3027763.2,2909798.4,2909798.4]	3	0	False	encoder_drops_clipped_source_sliver	west
0	699	710	288	0	0	0	0	0	0	0	-1	-1	144	O01	1	1	[13]	[[-35.24999999999999,-35.16666666666666,111.75,111.875]]	[-35.24999999999999,-35.16666666666666,111.75,111.875]	c	"[{""bbox_cell"":[696,700,708,712],""branches"":[""c""],""leaf_path"":[219],""n_coords"":13}]"	T2	[[[0.0,0.0],[0.0,0.33203125],[0.0,0.6640625],[0.0,1.0],[0.33203125,1.0],[0.6640625,1.0],[1.0,1.0],[1.0,0.6640625],[1.0,0.33203125],[1.0,0.0],[0.6640625,0.0],[0.33203125,0.0],[0.0,0.0]]]	true	output/scratch-14/cell_local/proofs/144.json	0	4ed9cd801bdd70992a9b7bd090803ffae349515f87546f044b21157e68e99d72	disc-verified:resolved	0	2ee3456a9aeb8607b88be4edd989a2034dd7fdd6f7846369d9dbc4c8ff20e6ae	disc-verified:resolved	output/scratch-14/witnesses/0144_requirement.json	"{""background_ordinal"":0,""bbox_global_raw"":[2844262.3999999985,3027763.1999999993,2909798.399999999,2909798.399999999],""branch"":""b"",""length"":712,""n_coords"":35,""offset"":1455121768,""source_cell"":[0,715,710],""source_cell_sha256"":""a42181965b4327088adef21dabbe40d5213ff400b6552ed73d237b2e77b41e73"",""spool_data"":""output/extract_timing/spool/level_0.data"",""trigger"":{""cell_raw"":[1393.8065408021212,1638.3999999989755],""global_raw"":[2864497.806540802,2909798.399999999],""lat_lon"":[-35.2,111.8543839],""vertex"":4}}"	b	[0,715,710]	35	[2844262.4,3027763.2,2909798.4,2909798.4]	3	0	False	encoder_drops_clipped_source_sliver	west
0	700	710	288	0	0	0	0	0	0	0	-1	-1	145	O01	1	1	[13]	[[-35.24999999999999,-35.16666666666666,111.875,112.0]]	[-35.24999999999999,-35.16666666666666,111.875,112.0]	c	"[{""bbox_cell"":[700,704,708,712],""branches"":[""c""],""leaf_path"":[220],""n_coords"":13}]"	T1	[[[1.0,0.0],[0.6640625,0.0],[0.33203125,0.0],[0.0,0.0],[0.0,0.33203125],[0.0,0.6640625],[0.0,1.0],[0.33203125,1.0],[0.6640625,1.0],[1.0,1.0],[1.0,0.6640625],[1.0,0.33203125],[1.0,0.0]]]	true	output/scratch-14/cell_local/proofs/145.json	0	4ed9cd801bdd70992a9b7bd090803ffae349515f87546f044b21157e68e99d72	disc-verified:resolved	0	2ee3456a9aeb8607b88be4edd989a2034dd7fdd6f7846369d9dbc4c8ff20e6ae	disc-verified:resolved	output/scratch-14/witnesses/0145_requirement.json	"{""background_ordinal"":0,""bbox_global_raw"":[2844262.3999999985,3027763.1999999993,2909798.399999999,2909798.399999999],""branch"":""b"",""length"":712,""n_coords"":35,""offset"":1455121768,""source_cell"":[0,715,710],""source_cell_sha256"":""a42181965b4327088adef21dabbe40d5213ff400b6552ed73d237b2e77b41e73"",""spool_data"":""output/extract_timing/spool/level_0.data"",""trigger"":{""cell_raw"":[3128.727961599827,1638.3999999989755],""global_raw"":[2870328.7279616,2909798.399999999],""lat_lon"":[-35.2,111.8988703],""vertex"":5}}"	b	[0,715,710]	35	[2844262.4,3027763.2,2909798.4,2909798.4]	3	0	False	encoder_drops_clipped_source_sliver	west
0	702	710	288	0	0	0	0	0	0	0	-1	-1	146	O01	1	1	[13]	[[-35.24999999999999,-35.16666666666666,111.875,112.0]]	[-35.24999999999999,-35.16666666666666,111.875,112.0]	c	"[{""bbox_cell"":[700,704,708,712],""branches"":[""c""],""leaf_path"":[222],""n_coords"":13}]"	T1	[[[1.0,0.0],[0.6640625,0.0],[0.33203125,0.0],[0.0,0.0],[0.0,0.33203125],[0.0,0.6640625],[0.0,1.0],[0.33203125,1.0],[0.6640625,1.0],[1.0,1.0],[1.0,0.6640625],[1.0,0.33203125],[1.0,0.0]]]	true	output/scratch-14/cell_local/proofs/146.json	0	4ed9cd801bdd70992a9b7bd090803ffae349515f87546f044b21157e68e99d72	disc-verified:resolved	0	2ee3456a9aeb8607b88be4edd989a2034dd7fdd6f7846369d9dbc4c8ff20e6ae	disc-verified:resolved	output/scratch-14/witnesses/0146_requirement.json	"{""background_ordinal"":0,""bbox_global_raw"":[2844262.3999999985,3027763.1999999993,2909798.399999999,2909798.399999999],""branch"":""b"",""length"":712,""n_coords"":35,""offset"":1455121768,""source_cell"":[0,715,710],""source_cell_sha256"":""a42181965b4327088adef21dabbe40d5213ff400b6552ed73d237b2e77b41e73"",""spool_data"":""output/extract_timing/spool/level_0.data"",""trigger"":{""cell_raw"":[767.6493823975325,1638.3999999989755],""global_raw"":[2876159.6493823975,2909798.399999999],""lat_lon"":[-35.2,111.9433567],""vertex"":6}}"	b	[0,715,710]	35	[2844262.4,3027763.2,2909798.4,2909798.4]	3	0	False	encoder_drops_clipped_source_sliver	west
0	703	710	288	0	0	0	0	0	0	0	-1	-1	147	O01	1	1	[13]	[[-35.24999999999999,-35.16666666666666,111.875,112.0]]	[-35.24999999999999,-35.16666666666666,111.875,112.0]	c	"[{""bbox_cell"":[700,704,708,712],""branches"":[""c""],""leaf_path"":[223],""n_coords"":13}]"	T1	[[[1.0,0.0],[0.6640625,0.0],[0.33203125,0.0],[0.0,0.0],[0.0,0.33203125],[0.0,0.6640625],[0.0,1.0],[0.33203125,1.0],[0.6640625,1.0],[1.0,1.0],[1.0,0.6640625],[1.0,0.33203125],[1.0,0.0]]]	true	output/scratch-14/cell_local/proofs/147.json	0	4ed9cd801bdd70992a9b7bd090803ffae349515f87546f044b21157e68e99d72	disc-verified:resolved	0	2ee3456a9aeb8607b88be4edd989a2034dd7fdd6f7846369d9dbc4c8ff20e6ae	disc-verified:resolved	output/scratch-14/witnesses/0147_requirement.json	"{""background_ordinal"":0,""bbox_global_raw"":[2844262.3999999985,3027763.1999999993,2909798.399999999,2909798.399999999],""branch"":""b"",""length"":712,""n_coords"":35,""offset"":1455121768,""source_cell"":[0,715,710],""source_cell_sha256"":""a42181965b4327088adef21dabbe40d5213ff400b6552ed73d237b2e77b41e73"",""spool_data"":""output/extract_timing/spool/level_0.data"",""trigger"":{""cell_raw"":[2502.5839103981853,1638.3999999989755],""global_raw"":[2881990.583910398,2909798.399999999],""lat_lon"":[-35.2,111.9878432],""vertex"":7}}"	b	[0,715,710]	35	[2844262.4,3027763.2,2909798.4,2909798.4]	3	0	False	encoder_drops_clipped_source_sliver	west
0	705	710	288	0	0	0	0	0	0	0	-1	-1	148	O01	1	1	[13]	[[-35.24999999999999,-35.16666666666666,112.0,112.125]]	[-35.24999999999999,-35.16666666666666,112.0,112.125]	c	"[{""bbox_cell"":[704,708,708,712],""branches"":[""c""],""leaf_path"":[193],""n_coords"":13}]"	T1	[[[1.0,0.0],[0.6640625,0.0],[0.33203125,0.0],[0.0,0.0],[0.0,0.33203125],[0.0,0.6640625],[0.0,1.0],[0.33203125,1.0],[0.6640625,1.0],[1.0,1.0],[1.0,0.6640625],[1.0,0.33203125],[1.0,0.0]]]	true	output/scratch-14/cell_local/proofs/148.json	0	4ed9cd801bdd70992a9b7bd090803ffae349515f87546f044b21157e68e99d72	disc-verified:resolved	0	2ee3456a9aeb8607b88be4edd989a2034dd7fdd6f7846369d9dbc4c8ff20e6ae	disc-verified:resolved	output/scratch-14/witnesses/0148_requirement.json	"{""background_ordinal"":0,""bbox_global_raw"":[2844262.3999999985,3027763.1999999993,2909798.399999999,2909798.399999999],""branch"":""b"",""length"":712,""n_coords"":35,""offset"":1455121768,""source_cell"":[0,715,710],""source_cell_sha256"":""a42181965b4327088adef21dabbe40d5213ff400b6552ed73d237b2e77b41e73"",""spool_data"":""output/extract_timing/spool/level_0.data"",""trigger"":{""cell_raw"":[141.5053311996162,1638.3999999989755],""global_raw"":[2887821.5053311996,2909798.399999999],""lat_lon"":[-35.2,112.0323296],""vertex"":8}}"	b	[0,715,710]	35	[2844262.4,3027763.2,2909798.4,2909798.4]	3	0	False	encoder_drops_clipped_source_sliver	west
0	706	710	288	0	0	0	0	0	0	0	-1	-1	149	O01	1	1	[13]	[[-35.24999999999999,-35.16666666666666,112.0,112.125]]	[-35.24999999999999,-35.16666666666666,112.0,112.125]	c	"[{""bbox_cell"":[704,708,708,712],""branches"":[""c""],""leaf_path"":[194],""n_coords"":13}]"	T1	[[[1.0,0.0],[0.6640625,0.0],[0.33203125,0.0],[0.0,0.0],[0.0,0.33203125],[0.0,0.6640625],[0.0,1.0],[0.33203125,1.0],[0.6640625,1.0],[1.0,1.0],[1.0,0.6640625],[1.0,0.33203125],[1.0,0.0]]]	true	output/scratch-14/cell_local/proofs/149.json	0	4ed9cd801bdd70992a9b7bd090803ffae349515f87546f044b21157e68e99d72	disc-verified:resolved	0	2ee3456a9aeb8607b88be4edd989a2034dd7fdd6f7846369d9dbc4c8ff20e6ae	disc-verified:resolved	output/scratch-14/witnesses/0149_requirement.json	"{""background_ordinal"":0,""bbox_global_raw"":[2844262.3999999985,3027763.1999999993,2909798.399999999,2909798.399999999],""branch"":""b"",""length"":712,""n_coords"":35,""offset"":1455121768,""source_cell"":[0,715,710],""source_cell_sha256"":""a42181965b4327088adef21dabbe40d5213ff400b6552ed73d237b2e77b41e73"",""spool_data"":""output/extract_timing/spool/level_0.data"",""trigger"":{""cell_raw"":[1876.4267520010471,1638.3999999989755],""global_raw"":[2893652.426752001,2909798.399999999],""lat_lon"":[-35.2,112.076816],""vertex"":9}}"	b	[0,715,710]	35	[2844262.4,3027763.2,2909798.4,2909798.4]	3	0	False	encoder_drops_clipped_source_sliver	west
0	707	710	288	0	0	0	0	0	0	0	-1	-1	150	O01	1	1	[13]	[[-35.24999999999999,-35.16666666666666,112.0,112.125]]	[-35.24999999999999,-35.16666666666666,112.0,112.125]	c	"[{""bbox_cell"":[704,708,708,712],""branches"":[""c""],""leaf_path"":[195],""n_coords"":13}]"	T1	[[[1.0,0.0],[0.6640625,0.0],[0.33203125,0.0],[0.0,0.0],[0.0,0.33203125],[0.0,0.6640625],[0.0,1.0],[0.33203125,1.0],[0.6640625,1.0],[1.0,1.0],[1.0,0.6640625],[1.0,0.33203125],[1.0,0.0]]]	true	output/scratch-14/cell_local/proofs/150.json	0	4ed9cd801bdd70992a9b7bd090803ffae349515f87546f044b21157e68e99d72	disc-verified:resolved	0	2ee3456a9aeb8607b88be4edd989a2034dd7fdd6f7846369d9dbc4c8ff20e6ae	disc-verified:resolved	output/scratch-14/witnesses/0150_requirement.json	"{""background_ordinal"":0,""bbox_global_raw"":[2844262.3999999985,3027763.1999999993,2909798.399999999,2909798.399999999],""branch"":""b"",""length"":712,""n_coords"":35,""offset"":1455121768,""source_cell"":[0,715,710],""source_cell_sha256"":""a42181965b4327088adef21dabbe40d5213ff400b6552ed73d237b2e77b41e73"",""spool_data"":""output/extract_timing/spool/level_0.data"",""trigger"":{""cell_raw"":[695.8874623999,1638.3999999989755],""global_raw"":[2896567.8874624,2909798.399999999],""lat_lon"":[-35.2,112.0990592],""vertex"":10}}"	b	[0,715,710]	35	[2844262.4,3027763.2,2909798.4,2909798.4]	3	0	False	encoder_drops_clipped_source_sliver	west
0	708	710	288	0	0	0	0	0	0	0	-1	-1	151	O01	1	1	[13]	[[-35.24999999999999,-35.16666666666666,112.125,112.25]]	[-35.24999999999999,-35.16666666666666,112.125,112.25]	c	"[{""bbox_cell"":[708,712,708,712],""branches"":[""c""],""leaf_path"":[196],""n_coords"":13}]"	T2	[[[0.0,0.0],[0.0,0.33203125],[0.0,0.6640625],[0.0,1.0],[0.33203125,1.0],[0.6640625,1.0],[1.0,1.0],[1.0,0.6640625],[1.0,0.33203125],[1.0,0.0],[0.6640625,0.0],[0.33203125,0.0],[0.0,0.0]]]	true	output/scratch-14/cell_local/proofs/151.json	0	4ed9cd801bdd70992a9b7bd090803ffae349515f87546f044b21157e68e99d72	disc-verified:resolved	0	2ee3456a9aeb8607b88be4edd989a2034dd7fdd6f7846369d9dbc4c8ff20e6ae	disc-verified:resolved	output/scratch-14/witnesses/0151_requirement.json	"{""background_ordinal"":0,""bbox_global_raw"":[2844262.3999999985,3027763.1999999993,2909798.399999999,2909798.399999999],""branch"":""b"",""length"":712,""n_coords"":35,""offset"":1455121768,""source_cell"":[0,715,710],""source_cell_sha256"":""a42181965b4327088adef21dabbe40d5213ff400b6552ed73d237b2e77b41e73"",""spool_data"":""output/extract_timing/spool/level_0.data"",""trigger"":{""cell_raw"":[2430.8219904005527,1638.3999999989755],""global_raw"":[2902398.8219904006,2909798.399999999],""lat_lon"":[-35.2,112.1435457],""vertex"":11}}"	b	[0,715,710]	35	[2844262.4,3027763.2,2909798.4,2909798.4]	3	0	False	encoder_drops_clipped_source_sliver	west
0	710	710	288	0	0	0	0	0	0	0	-1	-1	152	O01	1	1	[13]	[[-35.24999999999999,-35.16666666666666,112.125,112.25]]	[-35.24999999999999,-35.16666666666666,112.125,112.25]	c	"[{""bbox_cell"":[708,712,708,712],""branches"":[""c""],""leaf_path"":[198],""n_coords"":13}]"	T2	[[[0.0,0.0],[0.0,0.33203125],[0.0,0.6640625],[0.0,1.0],[0.33203125,1.0],[0.6640625,1.0],[1.0,1.0],[1.0,0.6640625],[1.0,0.33203125],[1.0,0.0],[0.6640625,0.0],[0.33203125,0.0],[0.0,0.0]]]	true	output/scratch-14/cell_local/proofs/152.json	0	4ed9cd801bdd70992a9b7bd090803ffae349515f87546f044b21157e68e99d72	disc-verified:resolved	0	2ee3456a9aeb8607b88be4edd989a2034dd7fdd6f7846369d9dbc4c8ff20e6ae	disc-verified:resolved	output/scratch-14/witnesses/0152_requirement.json	"{""background_ordinal"":0,""bbox_global_raw"":[2844262.3999999985,3027763.1999999993,2909798.399999999,2909798.399999999],""branch"":""b"",""length"":712,""n_coords"":35,""offset"":1455121768,""source_cell"":[0,715,710],""source_cell_sha256"":""a42181965b4327088adef21dabbe40d5213ff400b6552ed73d237b2e77b41e73"",""spool_data"":""output/extract_timing/spool/level_0.data"",""trigger"":{""cell_raw"":[69.7434111982584,1638.3999999989755],""global_raw"":[2908229.7434111983,2909798.399999999],""lat_lon"":[-35.2,112.1880321],""vertex"":12}}"	b	[0,715,710]	35	[2844262.4,3027763.2,2909798.4,2909798.4]	3	0	False	encoder_drops_clipped_source_sliver	west
0	711	710	288	0	0	0	0	0	0	0	-1	-1	153	O01	1	1	[13]	[[-35.24999999999999,-35.16666666666666,112.125,112.25]]	[-35.24999999999999,-35.16666666666666,112.125,112.25]	c	"[{""bbox_cell"":[708,712,708,712],""branches"":[""c""],""leaf_path"":[199],""n_coords"":13}]"	T2	[[[0.0,0.0],[0.0,0.33203125],[0.0,0.6640625],[0.0,1.0],[0.33203125,1.0],[0.6640625,1.0],[1.0,1.0],[1.0,0.6640625],[1.0,0.33203125],[1.0,0.0],[0.6640625,0.0],[0.33203125,0.0],[0.0,0.0]]]	true	output/scratch-14/cell_local/proofs/153.json	0	4ed9cd801bdd70992a9b7bd090803ffae349515f87546f044b21157e68e99d72	disc-verified:resolved	0	2ee3456a9aeb8607b88be4edd989a2034dd7fdd6f7846369d9dbc4c8ff20e6ae	disc-verified:resolved	output/scratch-14/witnesses/0153_requirement.json	"{""background_ordinal"":0,""bbox_global_raw"":[2844262.3999999985,3027763.1999999993,2909798.399999999,2909798.399999999],""branch"":""b"",""length"":712,""n_coords"":35,""offset"":1455121768,""source_cell"":[0,715,710],""source_cell_sha256"":""a42181965b4327088adef21dabbe40d5213ff400b6552ed73d237b2e77b41e73"",""spool_data"":""output/extract_timing/spool/level_0.data"",""trigger"":{""cell_raw"":[1804.6648319996893,1638.3999999989755],""global_raw"":[2914060.6648319997,2909798.399999999],""lat_lon"":[-35.2,112.2325185],""vertex"":13}}"	b	[0,715,710]	35	[2844262.4,3027763.2,2909798.4,2909798.4]	3	0	False	encoder_drops_clipped_source_sliver	west
0	712	710	288	0	0	0	0	0	0	0	-1	-1	154	O01	1	1	[13]	[[-35.24999999999999,-35.16666666666666,112.25,112.375]]	[-35.24999999999999,-35.16666666666666,112.25,112.375]	c	"[{""bbox_cell"":[712,716,708,712],""branches"":[""c""],""leaf_path"":[200],""n_coords"":13}]"	T2	[[[0.0,0.0],[0.0,0.33203125],[0.0,0.6640625],[0.0,1.0],[0.33203125,1.0],[0.6640625,1.0],[1.0,1.0],[1.0,0.6640625],[1.0,0.33203125],[1.0,0.0],[0.6640625,0.0],[0.33203125,0.0],[0.0,0.0]]]	true	output/scratch-14/cell_local/proofs/154.json	0	4ed9cd801bdd70992a9b7bd090803ffae349515f87546f044b21157e68e99d72	disc-verified:resolved	0	2ee3456a9aeb8607b88be4edd989a2034dd7fdd6f7846369d9dbc4c8ff20e6ae	disc-verified:resolved	output/scratch-14/witnesses/0154_requirement.json	"{""background_ordinal"":0,""bbox_global_raw"":[2844262.3999999985,3027763.1999999993,2909798.399999999,2909798.399999999],""branch"":""b"",""length"":712,""n_coords"":35,""offset"":1455121768,""source_cell"":[0,715,710],""source_cell_sha256"":""a42181965b4327088adef21dabbe40d5213ff400b6552ed73d237b2e77b41e73"",""spool_data"":""output/extract_timing/spool/level_0.data"",""trigger"":{""cell_raw"":[3539.5862528011203,1638.3999999989755],""global_raw"":[2919891.586252801,2909798.399999999],""lat_lon"":[-35.2,112.2770049],""vertex"":14}}"	b	[0,715,710]	35	[2844262.4,3027763.2,2909798.4,2909798.4]	3	0	False	encoder_drops_clipped_source_sliver	west
0	714	710	288	0	0	0	0	0	0	0	-1	-1	155	O01	1	1	[13]	[[-35.24999999999999,-35.16666666666666,112.25,112.375]]	[-35.24999999999999,-35.16666666666666,112.25,112.375]	c	"[{""bbox_cell"":[712,716,708,712],""branches"":[""c""],""leaf_path"":[202],""n_coords"":13}]"	T2	[[[0.0,0.0],[0.0,0.33203125],[0.0,0.6640625],[0.0,1.0],[0.33203125,1.0],[0.6640625,1.0],[1.0,1.0],[1.0,0.6640625],[1.0,0.33203125],[1.0,0.0],[0.6640625,0.0],[0.33203125,0.0],[0.0,0.0]]]	true	output/scratch-14/cell_local/proofs/155.json	0	4ed9cd801bdd70992a9b7bd090803ffae349515f87546f044b21157e68e99d72	disc-verified:resolved	0	2ee3456a9aeb8607b88be4edd989a2034dd7fdd6f7846369d9dbc4c8ff20e6ae	disc-verified:resolved	output/scratch-14/witnesses/0155_requirement.json	"{""background_ordinal"":0,""bbox_global_raw"":[2844262.3999999985,3027763.1999999993,2909798.399999999,2909798.399999999],""branch"":""b"",""length"":712,""n_coords"":35,""offset"":1455121768,""source_cell"":[0,715,710],""source_cell_sha256"":""a42181965b4327088adef21dabbe40d5213ff400b6552ed73d237b2e77b41e73"",""spool_data"":""output/extract_timing/spool/level_0.data"",""trigger"":{""cell_raw"":[1178.520780801773,1638.3999999989755],""global_raw"":[2925722.520780802,2909798.399999999],""lat_lon"":[-35.2,112.3214914],""vertex"":15}}"	b	[0,715,710]	35	[2844262.4,3027763.2,2909798.4,2909798.4]	3	0	False	encoder_drops_clipped_source_sliver	west
0	715	710	288	0	0	0	0	0	0	0	-1	-1	156	O01	1	1	[13]	[[-35.24999999999999,-35.16666666666666,112.25,112.375]]	[-35.24999999999999,-35.16666666666666,112.25,112.375]	c	"[{""bbox_cell"":[712,716,708,712],""branches"":[""c""],""leaf_path"":[203],""n_coords"":13}]"	T2	[[[0.0,0.0],[0.0,0.33203125],[0.0,0.6640625],[0.0,1.0],[0.33203125,1.0],[0.6640625,1.0],[1.0,1.0],[1.0,0.6640625],[1.0,0.33203125],[1.0,0.0],[0.6640625,0.0],[0.33203125,0.0],[0.0,0.0]]]	true	output/scratch-14/cell_local/proofs/156.json	0	4ed9cd801bdd70992a9b7bd090803ffae349515f87546f044b21157e68e99d72	disc-verified:resolved	0	2ee3456a9aeb8607b88be4edd989a2034dd7fdd6f7846369d9dbc4c8ff20e6ae	disc-verified:resolved	output/scratch-14/witnesses/0156_requirement.json	"{""background_ordinal"":0,""bbox_global_raw"":[2844262.3999999985,3027763.1999999993,2909798.399999999,2909798.399999999],""branch"":""b"",""length"":712,""n_coords"":35,""offset"":1455121768,""source_cell"":[0,715,710],""source_cell_sha256"":""a42181965b4327088adef21dabbe40d5213ff400b6552ed73d237b2e77b41e73"",""spool_data"":""output/extract_timing/spool/level_0.data"",""trigger"":{""cell_raw"":[2913.4422015994787,1638.3999999989755],""global_raw"":[2931553.4422015995,2909798.399999999],""lat_lon"":[-35.2,112.3659778],""vertex"":16}}"	b	[0,715,710]	35	[2844262.4,3027763.2,2909798.4,2909798.4]	3	0	False	encoder_drops_clipped_source_sliver	west
0	717	710	288	0	0	0	0	0	0	0	-1	-1	157	O01	1	1	[13]	[[-35.24999999999999,-35.16666666666666,112.375,112.5]]	[-35.24999999999999,-35.16666666666666,112.375,112.5]	c	"[{""bbox_cell"":[716,720,708,712],""branches"":[""c""],""leaf_path"":[205],""n_coords"":13}]"	T2	[[[0.0,0.0],[0.0,0.33203125],[0.0,0.6640625],[0.0,1.0],[0.33203125,1.0],[0.6640625,1.0],[1.0,1.0],[1.0,0.6640625],[1.0,0.33203125],[1.0,0.0],[0.6640625,0.0],[0.33203125,0.0],[0.0,0.0]]]	true	output/scratch-14/cell_local/proofs/157.json	0	4ed9cd801bdd70992a9b7bd090803ffae349515f87546f044b21157e68e99d72	disc-verified:resolved	0	2ee3456a9aeb8607b88be4edd989a2034dd7fdd6f7846369d9dbc4c8ff20e6ae	disc-verified:resolved	output/scratch-14/witnesses/0157_requirement.json	"{""background_ordinal"":0,""bbox_global_raw"":[2844262.3999999985,3027763.1999999993,2909798.399999999,2909798.399999999],""branch"":""b"",""length"":712,""n_coords"":35,""offset"":1455121768,""source_cell"":[0,715,710],""source_cell_sha256"":""a42181965b4327088adef21dabbe40d5213ff400b6552ed73d237b2e77b41e73"",""spool_data"":""output/extract_timing/spool/level_0.data"",""trigger"":{""cell_raw"":[552.3636224009097,1638.3999999989755],""global_raw"":[2937384.363622401,2909798.399999999],""lat_lon"":[-35.2,112.4104642],""vertex"":17}}"	b	[0,715,710]	35	[2844262.4,3027763.2,2909798.4,2909798.4]	3	0	False	encoder_drops_clipped_source_sliver	west
0	718	710	288	0	0	0	0	0	0	0	-1	-1	158	O01	1	1	[13]	[[-35.24999999999999,-35.16666666666666,112.375,112.5]]	[-35.24999999999999,-35.16666666666666,112.375,112.5]	c	"[{""bbox_cell"":[716,720,708,712],""branches"":[""c""],""leaf_path"":[206],""n_coords"":13}]"	T2	[[[0.0,0.0],[0.0,0.33203125],[0.0,0.6640625],[0.0,1.0],[0.33203125,1.0],[0.6640625,1.0],[1.0,1.0],[1.0,0.6640625],[1.0,0.33203125],[1.0,0.0],[0.6640625,0.0],[0.33203125,0.0],[0.0,0.0]]]	true	output/scratch-14/cell_local/proofs/158.json	0	4ed9cd801bdd70992a9b7bd090803ffae349515f87546f044b21157e68e99d72	disc-verified:resolved	0	2ee3456a9aeb8607b88be4edd989a2034dd7fdd6f7846369d9dbc4c8ff20e6ae	disc-verified:resolved	output/scratch-14/witnesses/0158_requirement.json	"{""background_ordinal"":0,""bbox_global_raw"":[2844262.3999999985,3027763.1999999993,2909798.399999999,2909798.399999999],""branch"":""b"",""length"":712,""n_coords"":35,""offset"":1455121768,""source_cell"":[0,715,710],""source_cell_sha256"":""a42181965b4327088adef21dabbe40d5213ff400b6552ed73d237b2e77b41e73"",""spool_data"":""output/extract_timing/spool/level_0.data"",""trigger"":{""cell_raw"":[2287.2850432023406,1638.3999999989755],""global_raw"":[2943215.2850432023,2909798.399999999],""lat_lon"":[-35.2,112.4549506],""vertex"":18}}"	b	[0,715,710]	35	[2844262.4,3027763.2,2909798.4,2909798.4]	3	0	False	encoder_drops_clipped_source_sliver	west
0	719	710	288	0	0	0	0	0	0	0	-1	-1	159	O01	1	1	[13]	[[-35.24999999999999,-35.16666666666666,112.375,112.5]]	[-35.24999999999999,-35.16666666666666,112.375,112.5]	c	"[{""bbox_cell"":[716,720,708,712],""branches"":[""c""],""leaf_path"":[207],""n_coords"":13}]"	T2	[[[0.0,0.0],[0.0,0.33203125],[0.0,0.6640625],[0.0,1.0],[0.33203125,1.0],[0.6640625,1.0],[1.0,1.0],[1.0,0.6640625],[1.0,0.33203125],[1.0,0.0],[0.6640625,0.0],[0.33203125,0.0],[0.0,0.0]]]	true	output/scratch-14/cell_local/proofs/159.json	0	4ed9cd801bdd70992a9b7bd090803ffae349515f87546f044b21157e68e99d72	disc-verified:resolved	0	2ee3456a9aeb8607b88be4edd989a2034dd7fdd6f7846369d9dbc4c8ff20e6ae	disc-verified:resolved	output/scratch-14/witnesses/0159_requirement.json	"{""background_ordinal"":0,""bbox_global_raw"":[2844262.3999999985,3027763.1999999993,2909798.399999999,2909798.399999999],""branch"":""b"",""length"":712,""n_coords"":35,""offset"":1455121768,""source_cell"":[0,715,710],""source_cell_sha256"":""a42181965b4327088adef21dabbe40d5213ff400b6552ed73d237b2e77b41e73"",""spool_data"":""output/extract_timing/spool/level_0.data"",""trigger"":{""cell_raw"":[4022.219571199268,1638.3999999989755],""global_raw"":[2949046.2195711993,2909798.399999999],""lat_lon"":[-35.2,112.4994371],""vertex"":19}}"	b	[0,715,710]	35	[2844262.4,3027763.2,2909798.4,2909798.4]	3	0	False	encoder_drops_clipped_source_sliver	west
0	721	710	288	0	0	0	0	0	0	0	-1	-1	160	O01	1	1	[13]	[[-35.24999999999999,-35.16666666666666,112.5,112.625]]	[-35.24999999999999,-35.16666666666666,112.5,112.625]	c	"[{""bbox_cell"":[720,724,708,712],""branches"":[""c""],""leaf_path"":[209],""n_coords"":13}]"	T2	[[[0.0,0.0],[0.0,0.33203125],[0.0,0.6640625],[0.0,1.0],[0.33203125,1.0],[0.6640625,1.0],[1.0,1.0],[1.0,0.6640625],[1.0,0.33203125],[1.0,0.0],[0.6640625,0.0],[0.33203125,0.0],[0.0,0.0]]]	true	output/scratch-14/cell_local/proofs/160.json	0	4ed9cd801bdd70992a9b7bd090803ffae349515f87546f044b21157e68e99d72	disc-verified:resolved	0	2ee3456a9aeb8607b88be4edd989a2034dd7fdd6f7846369d9dbc4c8ff20e6ae	disc-verified:resolved	output/scratch-14/witnesses/0160_requirement.json	"{""background_ordinal"":0,""bbox_global_raw"":[2844262.3999999985,3027763.1999999993,2909798.399999999,2909798.399999999],""branch"":""b"",""length"":712,""n_coords"":35,""offset"":1455121768,""source_cell"":[0,715,710],""source_cell_sha256"":""a42181965b4327088adef21dabbe40d5213ff400b6552ed73d237b2e77b41e73"",""spool_data"":""output/extract_timing/spool/level_0.data"",""trigger"":{""cell_raw"":[1661.140992000699,1638.3999999989755],""global_raw"":[2954877.1409920007,2909798.399999999],""lat_lon"":[-35.2,112.5439235],""vertex"":20}}"	b	[0,715,710]	35	[2844262.4,3027763.2,2909798.4,2909798.4]	3	0	False	encoder_drops_clipped_source_sliver	west
0	722	710	288	0	0	0	0	0	0	0	-1	-1	161	O01	1	1	[13]	[[-35.24999999999999,-35.16666666666666,112.5,112.625]]	[-35.24999999999999,-35.16666666666666,112.5,112.625]	c	"[{""bbox_cell"":[720,724,708,712],""branches"":[""c""],""leaf_path"":[210],""n_coords"":13}]"	T2	[[[0.0,0.0],[0.0,0.33203125],[0.0,0.6640625],[0.0,1.0],[0.33203125,1.0],[0.6640625,1.0],[1.0,1.0],[1.0,0.6640625],[1.0,0.33203125],[1.0,0.0],[0.6640625,0.0],[0.33203125,0.0],[0.0,0.0]]]	true	output/scratch-14/cell_local/proofs/161.json	0	4ed9cd801bdd70992a9b7bd090803ffae349515f87546f044b21157e68e99d72	disc-verified:resolved	0	2ee3456a9aeb8607b88be4edd989a2034dd7fdd6f7846369d9dbc4c8ff20e6ae	disc-verified:resolved	output/scratch-14/witnesses/0161_requirement.json	"{""background_ordinal"":0,""bbox_global_raw"":[2844262.3999999985,3027763.1999999993,2909798.399999999,2909798.399999999],""branch"":""b"",""length"":712,""n_coords"":35,""offset"":1455121768,""source_cell"":[0,715,710],""source_cell_sha256"":""a42181965b4327088adef21dabbe40d5213ff400b6552ed73d237b2e77b41e73"",""spool_data"":""output/extract_timing/spool/level_0.data"",""trigger"":{""cell_raw"":[3396.0624127984047,1638.3999999989755],""global_raw"":[2960708.0624127984,2909798.399999999],""lat_lon"":[-35.2,112.5884099],""vertex"":21}}"	b	[0,715,710]	35	[2844262.4,3027763.2,2909798.4,2909798.4]	3	0	False	encoder_drops_clipped_source_sliver	west
0	723	710	288	0	0	0	0	0	0	0	-1	-1	162	O01	1	1	[13]	[[-35.24999999999999,-35.16666666666666,112.5,112.625]]	[-35.24999999999999,-35.16666666666666,112.5,112.625]	c	"[{""bbox_cell"":[720,724,708,712],""branches"":[""c""],""leaf_path"":[211],""n_coords"":13}]"	T2	[[[0.0,0.0],[0.0,0.33203125],[0.0,0.6640625],[0.0,1.0],[0.33203125,1.0],[0.6640625,1.0],[1.0,1.0],[1.0,0.6640625],[1.0,0.33203125],[1.0,0.0],[0.6640625,0.0],[0.33203125,0.0],[0.0,0.0]]]	true	output/scratch-14/cell_local/proofs/162.json	0	4ed9cd801bdd70992a9b7bd090803ffae349515f87546f044b21157e68e99d72	disc-verified:resolved	0	2ee3456a9aeb8607b88be4edd989a2034dd7fdd6f7846369d9dbc4c8ff20e6ae	disc-verified:resolved	output/scratch-14/witnesses/0162_requirement.json	"{""background_ordinal"":0,""bbox_global_raw"":[2844262.3999999985,3027763.1999999993,2909798.399999999,2909798.399999999],""branch"":""b"",""length"":712,""n_coords"":35,""offset"":1455121768,""source_cell"":[0,715,710],""source_cell_sha256"":""a42181965b4327088adef21dabbe40d5213ff400b6552ed73d237b2e77b41e73"",""spool_data"":""output/extract_timing/spool/level_0.data"",""trigger"":{""cell_raw"":[2215.5231231972575,1638.3999999989755],""global_raw"":[2963623.5231231973,2909798.399999999],""lat_lon"":[-35.2,112.6106531],""vertex"":22}}"	b	[0,715,710]	35	[2844262.4,3027763.2,2909798.4,2909798.4]	3	0	False	encoder_drops_clipped_source_sliver	west
0	724	710	288	0	0	0	0	0	0	0	-1	-1	163	O01	1	1	[13]	[[-35.24999999999999,-35.16666666666666,112.625,112.75]]	[-35.24999999999999,-35.16666666666666,112.625,112.75]	c	"[{""bbox_cell"":[724,728,708,712],""branches"":[""c""],""leaf_path"":[212],""n_coords"":13}]"	T2	[[[0.0,0.0],[0.0,0.33203125],[0.0,0.6640625],[0.0,1.0],[0.33203125,1.0],[0.6640625,1.0],[1.0,1.0],[1.0,0.6640625],[1.0,0.33203125],[1.0,0.0],[0.6640625,0.0],[0.33203125,0.0],[0.0,0.0]]]	true	output/scratch-14/cell_local/proofs/163.json	0	4ed9cd801bdd70992a9b7bd090803ffae349515f87546f044b21157e68e99d72	disc-verified:resolved	0	2ee3456a9aeb8607b88be4edd989a2034dd7fdd6f7846369d9dbc4c8ff20e6ae	disc-verified:resolved	output/scratch-14/witnesses/0163_requirement.json	"{""background_ordinal"":0,""bbox_global_raw"":[2844262.3999999985,3027763.1999999993,2909798.399999999,2909798.399999999],""branch"":""b"",""length"":712,""n_coords"":35,""offset"":1455121768,""source_cell"":[0,715,710],""source_cell_sha256"":""a42181965b4327088adef21dabbe40d5213ff400b6552ed73d237b2e77b41e73"",""spool_data"":""output/extract_timing/spool/level_0.data"",""trigger"":{""cell_raw"":[3950.4576511979103,1638.3999999989755],""global_raw"":[2969454.457651198,2909798.399999999],""lat_lon"":[-35.2,112.6551396],""vertex"":23}}"	b	[0,715,710]	35	[2844262.4,3027763.2,2909798.4,2909798.4]	3	0	False	encoder_drops_clipped_source_sliver	west
0	726	710	288	0	0	0	0	0	0	0	-1	-1	164	O01	1	1	[13]	[[-35.24999999999999,-35.16666666666666,112.625,112.75]]	[-35.24999999999999,-35.16666666666666,112.625,112.75]	c	"[{""bbox_cell"":[724,728,708,712],""branches"":[""c""],""leaf_path"":[214],""n_coords"":13}]"	T2	[[[0.0,0.0],[0.0,0.33203125],[0.0,0.6640625],[0.0,1.0],[0.33203125,1.0],[0.6640625,1.0],[1.0,1.0],[1.0,0.6640625],[1.0,0.33203125],[1.0,0.0],[0.6640625,0.0],[0.33203125,0.0],[0.0,0.0]]]	true	output/scratch-14/cell_local/proofs/164.json	0	4ed9cd801bdd70992a9b7bd090803ffae349515f87546f044b21157e68e99d72	disc-verified:resolved	0	2ee3456a9aeb8607b88be4edd989a2034dd7fdd6f7846369d9dbc4c8ff20e6ae	disc-verified:resolved	output/scratch-14/witnesses/0164_requirement.json	"{""background_ordinal"":0,""bbox_global_raw"":[2844262.3999999985,3027763.1999999993,2909798.399999999,2909798.399999999],""branch"":""b"",""length"":712,""n_coords"":35,""offset"":1455121768,""source_cell"":[0,715,710],""source_cell_sha256"":""a42181965b4327088adef21dabbe40d5213ff400b6552ed73d237b2e77b41e73"",""spool_data"":""output/extract_timing/spool/level_0.data"",""trigger"":{""cell_raw"":[1589.3790719993412,1638.3999999989755],""global_raw"":[2975285.3790719993,2909798.399999999],""lat_lon"":[-35.2,112.699626],""vertex"":24}}"	b	[0,715,710]	35	[2844262.4,3027763.2,2909798.4,2909798.4]	3	0	False	encoder_drops_clipped_source_sliver	west
0	727	710	288	0	0	0	0	0	0	0	-1	-1	165	O01	1	1	[13]	[[-35.24999999999999,-35.16666666666666,112.625,112.75]]	[-35.24999999999999,-35.16666666666666,112.625,112.75]	c	"[{""bbox_cell"":[724,728,708,712],""branches"":[""c""],""leaf_path"":[215],""n_coords"":13}]"	T2	[[[0.0,0.0],[0.0,0.33203125],[0.0,0.6640625],[0.0,1.0],[0.33203125,1.0],[0.6640625,1.0],[1.0,1.0],[1.0,0.6640625],[1.0,0.33203125],[1.0,0.0],[0.6640625,0.0],[0.33203125,0.0],[0.0,0.0]]]	true	output/scratch-14/cell_local/proofs/165.json	0	4ed9cd801bdd70992a9b7bd090803ffae349515f87546f044b21157e68e99d72	disc-verified:resolved	0	2ee3456a9aeb8607b88be4edd989a2034dd7fdd6f7846369d9dbc4c8ff20e6ae	disc-verified:resolved	output/scratch-14/witnesses/0165_requirement.json	"{""background_ordinal"":0,""bbox_global_raw"":[2844262.3999999985,3027763.1999999993,2909798.399999999,2909798.399999999],""branch"":""b"",""length"":712,""n_coords"":35,""offset"":1455121768,""source_cell"":[0,715,710],""source_cell_sha256"":""a42181965b4327088adef21dabbe40d5213ff400b6552ed73d237b2e77b41e73"",""spool_data"":""output/extract_timing/spool/level_0.data"",""trigger"":{""cell_raw"":[3324.300492800772,1638.3999999989755],""global_raw"":[2981116.300492801,2909798.399999999],""lat_lon"":[-35.2,112.7441124],""vertex"":25}}"	b	[0,715,710]	35	[2844262.4,3027763.2,2909798.4,2909798.4]	3	0	False	encoder_drops_clipped_source_sliver	west
0	729	710	288	0	0	0	0	0	0	0	-1	-1	166	O01	1	1	[13]	[[-35.24999999999999,-35.16666666666666,112.75,112.875]]	[-35.24999999999999,-35.16666666666666,112.75,112.875]	c	"[{""bbox_cell"":[728,732,708,712],""branches"":[""c""],""leaf_path"":[217],""n_coords"":13}]"	T2	[[[0.0,0.0],[0.0,0.33203125],[0.0,0.6640625],[0.0,1.0],[0.33203125,1.0],[0.6640625,1.0],[1.0,1.0],[1.0,0.6640625],[1.0,0.33203125],[1.0,0.0],[0.6640625,0.0],[0.33203125,0.0],[0.0,0.0]]]	true	output/scratch-14/cell_local/proofs/166.json	0	4ed9cd801bdd70992a9b7bd090803ffae349515f87546f044b21157e68e99d72	disc-verified:resolved	0	2ee3456a9aeb8607b88be4edd989a2034dd7fdd6f7846369d9dbc4c8ff20e6ae	disc-verified:resolved	output/scratch-14/witnesses/0166_requirement.json	"{""background_ordinal"":0,""bbox_global_raw"":[2844262.3999999985,3027763.1999999993,2909798.399999999,2909798.399999999],""branch"":""b"",""length"":712,""n_coords"":35,""offset"":1455121768,""source_cell"":[0,715,710],""source_cell_sha256"":""a42181965b4327088adef21dabbe40d5213ff400b6552ed73d237b2e77b41e73"",""spool_data"":""output/extract_timing/spool/level_0.data"",""trigger"":{""cell_raw"":[963.2219135984778,1638.3999999989755],""global_raw"":[2986947.2219135985,2909798.399999999],""lat_lon"":[-35.2,112.7885988],""vertex"":26}}"	b	[0,715,710]	35	[2844262.4,3027763.2,2909798.4,2909798.4]	3	0	False	encoder_drops_clipped_source_sliver	west
0	730	710	288	0	0	0	0	0	0	0	-1	-1	167	O01	1	1	[13]	[[-35.24999999999999,-35.16666666666666,112.75,112.875]]	[-35.24999999999999,-35.16666666666666,112.75,112.875]	c	"[{""bbox_cell"":[728,732,708,712],""branches"":[""c""],""leaf_path"":[218],""n_coords"":13}]"	T2	[[[0.0,0.0],[0.0,0.33203125],[0.0,0.6640625],[0.0,1.0],[0.33203125,1.0],[0.6640625,1.0],[1.0,1.0],[1.0,0.6640625],[1.0,0.33203125],[1.0,0.0],[0.6640625,0.0],[0.33203125,0.0],[0.0,0.0]]]	true	output/scratch-14/cell_local/proofs/167.json	0	4ed9cd801bdd70992a9b7bd090803ffae349515f87546f044b21157e68e99d72	disc-verified:resolved	0	2ee3456a9aeb8607b88be4edd989a2034dd7fdd6f7846369d9dbc4c8ff20e6ae	disc-verified:resolved	output/scratch-14/witnesses/0167_requirement.json	"{""background_ordinal"":0,""bbox_global_raw"":[2844262.3999999985,3027763.1999999993,2909798.399999999,2909798.399999999],""branch"":""b"",""length"":712,""n_coords"":35,""offset"":1455121768,""source_cell"":[0,715,710],""source_cell_sha256"":""a42181965b4327088adef21dabbe40d5213ff400b6552ed73d237b2e77b41e73"",""spool_data"":""output/extract_timing/spool/level_0.data"",""trigger"":{""cell_raw"":[2698.1564415991306,1638.3999999989755],""global_raw"":[2992778.156441599,2909798.399999999],""lat_lon"":[-35.2,112.8330853],""vertex"":27}}"	b	[0,715,710]	35	[2844262.4,3027763.2,2909798.4,2909798.4]	3	0	False	encoder_drops_clipped_source_sliver	west
0	732	710	288	0	0	0	0	0	0	0	-1	-1	168	O01	1	1	[13]	[[-35.24999999999999,-35.16666666666666,112.875,113.0]]	[-35.24999999999999,-35.16666666666666,112.875,113.0]	c	"[{""bbox_cell"":[732,736,708,712],""branches"":[""c""],""leaf_path"":[220],""n_coords"":13}]"	T1	[[[1.0,0.0],[0.6640625,0.0],[0.33203125,0.0],[0.0,0.0],[0.0,0.33203125],[0.0,0.6640625],[0.0,1.0],[0.33203125,1.0],[0.6640625,1.0],[1.0,1.0],[1.0,0.6640625],[1.0,0.33203125],[1.0,0.0]]]	true	output/scratch-14/cell_local/proofs/168.json	0	4ed9cd801bdd70992a9b7bd090803ffae349515f87546f044b21157e68e99d72	disc-verified:resolved	0	2ee3456a9aeb8607b88be4edd989a2034dd7fdd6f7846369d9dbc4c8ff20e6ae	disc-verified:resolved	output/scratch-14/witnesses/0168_requirement.json	"{""background_ordinal"":0,""bbox_global_raw"":[2844262.3999999985,3027763.1999999993,2909798.399999999,2909798.399999999],""branch"":""b"",""length"":712,""n_coords"":35,""offset"":1455121768,""source_cell"":[0,715,710],""source_cell_sha256"":""a42181965b4327088adef21dabbe40d5213ff400b6552ed73d237b2e77b41e73"",""spool_data"":""output/extract_timing/spool/level_0.data"",""trigger"":{""cell_raw"":[337.07786240056157,1638.3999999989755],""global_raw"":[2998609.0778624006,2909798.399999999],""lat_lon"":[-35.2,112.8775717],""vertex"":28}}"	b	[0,715,710]	35	[2844262.4,3027763.2,2909798.4,2909798.4]	3	0	False	encoder_drops_clipped_source_sliver	west
0	733	710	288	0	0	0	0	0	0	0	-1	-1	169	O01	1	1	[13]	[[-35.24999999999999,-35.16666666666666,112.875,113.0]]	[-35.24999999999999,-35.16666666666666,112.875,113.0]	c	"[{""bbox_cell"":[732,736,708,712],""branches"":[""c""],""leaf_path"":[221],""n_coords"":13}]"	T1	[[[1.0,0.0],[0.6640625,0.0],[0.33203125,0.0],[0.0,0.0],[0.0,0.33203125],[0.0,0.6640625],[0.0,1.0],[0.33203125,1.0],[0.6640625,1.0],[1.0,1.0],[1.0,0.6640625],[1.0,0.33203125],[1.0,0.0]]]	true	output/scratch-14/cell_local/proofs/169.json	0	4ed9cd801bdd70992a9b7bd090803ffae349515f87546f044b21157e68e99d72	disc-verified:resolved	0	2ee3456a9aeb8607b88be4edd989a2034dd7fdd6f7846369d9dbc4c8ff20e6ae	disc-verified:resolved	output/scratch-14/witnesses/0169_requirement.json	"{""background_ordinal"":0,""bbox_global_raw"":[2844262.3999999985,3027763.1999999993,2909798.399999999,2909798.399999999],""branch"":""b"",""length"":712,""n_coords"":35,""offset"":1455121768,""source_cell"":[0,715,710],""source_cell_sha256"":""a42181965b4327088adef21dabbe40d5213ff400b6552ed73d237b2e77b41e73"",""spool_data"":""output/extract_timing/spool/level_0.data"",""trigger"":{""cell_raw"":[2071.9992832019925,1638.3999999989755],""global_raw"":[3004439.999283202,2909798.399999999],""lat_lon"":[-35.2,112.9220581],""vertex"":29}}"	b	[0,715,710]	35	[2844262.4,3027763.2,2909798.4,2909798.4]	3	0	False	encoder_drops_clipped_source_sliver	west
0	734	710	288	0	0	0	0	0	0	0	-1	-1	170	O01	1	1	[13]	[[-35.24999999999999,-35.16666666666666,112.875,113.0]]	[-35.24999999999999,-35.16666666666666,112.875,113.0]	c	"[{""bbox_cell"":[732,736,708,712],""branches"":[""c""],""leaf_path"":[222],""n_coords"":13}]"	T1	[[[1.0,0.0],[0.6640625,0.0],[0.33203125,0.0],[0.0,0.0],[0.0,0.33203125],[0.0,0.6640625],[0.0,1.0],[0.33203125,1.0],[0.6640625,1.0],[1.0,1.0],[1.0,0.6640625],[1.0,0.33203125],[1.0,0.0]]]	true	output/scratch-14/cell_local/proofs/170.json	0	4ed9cd801bdd70992a9b7bd090803ffae349515f87546f044b21157e68e99d72	disc-verified:resolved	0	2ee3456a9aeb8607b88be4edd989a2034dd7fdd6f7846369d9dbc4c8ff20e6ae	disc-verified:resolved	output/scratch-14/witnesses/0170_requirement.json	"{""background_ordinal"":0,""bbox_global_raw"":[2844262.3999999985,3027763.1999999993,2909798.399999999,2909798.399999999],""branch"":""b"",""length"":712,""n_coords"":35,""offset"":1455121768,""source_cell"":[0,715,710],""source_cell_sha256"":""a42181965b4327088adef21dabbe40d5213ff400b6552ed73d237b2e77b41e73"",""spool_data"":""output/extract_timing/spool/level_0.data"",""trigger"":{""cell_raw"":[3806.920703999698,1638.3999999989755],""global_raw"":[3010270.9207039997,2909798.399999999],""lat_lon"":[-35.2,112.9665445],""vertex"":30}}"	b	[0,715,710]	35	[2844262.4,3027763.2,2909798.4,2909798.4]	3	0	False	encoder_drops_clipped_source_sliver	west
0	736	710	288	0	0	0	0	0	0	0	-1	-1	171	O01	1	1	[13]	[[-35.24999999999999,-35.16666666666666,113.0,113.125]]	[-35.24999999999999,-35.16666666666666,113.0,113.125]	c	"[{""bbox_cell"":[736,740,708,712],""branches"":[""c""],""leaf_path"":[192],""n_coords"":13}]"	T1	[[[1.0,0.0],[0.6640625,0.0],[0.33203125,0.0],[0.0,0.0],[0.0,0.33203125],[0.0,0.6640625],[0.0,1.0],[0.33203125,1.0],[0.6640625,1.0],[1.0,1.0],[1.0,0.6640625],[1.0,0.33203125],[1.0,0.0]]]	true	output/scratch-14/cell_local/proofs/171.json	0	4ed9cd801bdd70992a9b7bd090803ffae349515f87546f044b21157e68e99d72	disc-verified:resolved	0	2ee3456a9aeb8607b88be4edd989a2034dd7fdd6f7846369d9dbc4c8ff20e6ae	disc-verified:resolved	output/scratch-14/witnesses/0171_requirement.json	"{""background_ordinal"":0,""bbox_global_raw"":[2844262.3999999985,3027763.1999999993,2909798.399999999,2909798.399999999],""branch"":""b"",""length"":712,""n_coords"":35,""offset"":1455121768,""source_cell"":[0,715,710],""source_cell_sha256"":""a42181965b4327088adef21dabbe40d5213ff400b6552ed73d237b2e77b41e73"",""spool_data"":""output/extract_timing/spool/level_0.data"",""trigger"":{""cell_raw"":[1445.855232000351,1638.3999999989755],""global_raw"":[3016101.8552320004,2909798.399999999],""lat_lon"":[-35.2,113.011031],""vertex"":31}}"	b	[0,715,710]	35	[2844262.4,3027763.2,2909798.4,2909798.4]	3	0	False	encoder_drops_clipped_source_sliver	other
0	737	710	288	0	0	0	0	0	0	0	-1	-1	172	O01	1	1	[13]	[[-35.24999999999999,-35.16666666666666,113.0,113.125]]	[-35.24999999999999,-35.16666666666666,113.0,113.125]	c	"[{""bbox_cell"":[736,740,708,712],""branches"":[""c""],""leaf_path"":[193],""n_coords"":13}]"	T1	[[[1.0,0.0],[0.6640625,0.0],[0.33203125,0.0],[0.0,0.0],[0.0,0.33203125],[0.0,0.6640625],[0.0,1.0],[0.33203125,1.0],[0.6640625,1.0],[1.0,1.0],[1.0,0.6640625],[1.0,0.33203125],[1.0,0.0]]]	true	output/scratch-14/cell_local/proofs/172.json	0	4ed9cd801bdd70992a9b7bd090803ffae349515f87546f044b21157e68e99d72	disc-verified:resolved	0	2ee3456a9aeb8607b88be4edd989a2034dd7fdd6f7846369d9dbc4c8ff20e6ae	disc-verified:resolved	output/scratch-14/witnesses/0172_requirement.json	"{""background_ordinal"":0,""bbox_global_raw"":[2844262.3999999985,3027763.1999999993,2909798.399999999,2909798.399999999],""branch"":""b"",""length"":712,""n_coords"":35,""offset"":1455121768,""source_cell"":[0,715,710],""source_cell_sha256"":""a42181965b4327088adef21dabbe40d5213ff400b6552ed73d237b2e77b41e73"",""spool_data"":""output/extract_timing/spool/level_0.data"",""trigger"":{""cell_raw"":[3180.7766527980566,1638.3999999989755],""global_raw"":[3021932.776652798,2909798.399999999],""lat_lon"":[-35.2,113.0555174],""vertex"":32}}"	b	[0,715,710]	35	[2844262.4,3027763.2,2909798.4,2909798.4]	3	0	False	encoder_drops_clipped_source_sliver	other
0	1066	733	288	0	0	0	0	0	0	0	-1	-1	176	O01	1	1	[13]	[[-34.74999999999999,-34.66666666666666,123.25,123.375]]	[-34.74999999999999,-34.66666666666666,123.25,123.375]	c	"[{""bbox_cell"":[1064,1068,732,736],""branches"":[""c""],""leaf_path"":[938],""n_coords"":13}]"	T1	[[[1.0,0.0],[0.6640625,0.0],[0.33203125,0.0],[0.0,0.0],[0.0,0.33203125],[0.0,0.6640625],[0.0,1.0],[0.33203125,1.0],[0.6640625,1.0],[1.0,1.0],[1.0,0.6640625],[1.0,0.33203125],[1.0,0.0]]]	true	output/scratch-14/cell_local/proofs/176.json	0	4ed9cd801bdd70992a9b7bd090803ffae349515f87546f044b21157e68e99d72	disc-verified:resolved	0	2ee3456a9aeb8607b88be4edd989a2034dd7fdd6f7846369d9dbc4c8ff20e6ae	disc-verified:resolved	output/scratch-14/witnesses/0176_requirement.json	"{""background_ordinal"":0,""bbox_global_raw"":[4369066.662297599,4369066.662297599,2415710.2079999996,3003187.1999999993],""branch"":""b"",""length"":216,""n_coords"":4,""offset"":1180123560,""source_cell"":[0,1066,661],""source_cell_sha256"":""e2bfc4b68a74c6c2ee2067d28d33d9cb6abf5f39deb6c821b78884debf651c3a"",""spool_data"":""output/extract_timing/spool/level_0.data"",""trigger"":{""cell_raw"":[2730.6622975990176,819.1999999992549],""global_raw"":[4369066.662297599,3003187.1999999993],""lat_lon"":[-34.725,123.3333333],""vertex"":2}}"	b	[0,1066,661]	4	[4369066.662,4369066.662,2415710.208,3003187.2]	2	0	False	encoder_drops_clipped_source_sliver	other
0	1068	733	288	0	0	0	0	0	0	0	-1	-1	177	O01	1	1	[13]	[[-34.74999999999999,-34.66666666666666,123.375,123.5]]	[-34.74999999999999,-34.66666666666666,123.375,123.5]	c	"[{""bbox_cell"":[1068,1072,732,736],""branches"":[""c""],""leaf_path"":[940],""n_coords"":13}]"	T1	[[[1.0,0.0],[0.6640625,0.0],[0.33203125,0.0],[0.0,0.0],[0.0,0.33203125],[0.0,0.6640625],[0.0,1.0],[0.33203125,1.0],[0.6640625,1.0],[1.0,1.0],[1.0,0.6640625],[1.0,0.33203125],[1.0,0.0]]]	true	output/scratch-14/cell_local/proofs/177.json	0	4ed9cd801bdd70992a9b7bd090803ffae349515f87546f044b21157e68e99d72	disc-verified:resolved	0	2ee3456a9aeb8607b88be4edd989a2034dd7fdd6f7846369d9dbc4c8ff20e6ae	disc-verified:resolved	output/scratch-14/witnesses/0177_requirement.json	"{""background_ordinal"":0,""bbox_global_raw"":[4369066.662297599,4456448.0,3003187.1999999993,3003187.1999999993],""branch"":""b"",""length"":472,""n_coords"":20,""offset"":1681594352,""source_cell"":[0,1078,733],""source_cell_sha256"":""774189917f5c7266dcf226121f13e024970a034b48249803509631328cb6be4b"",""spool_data"":""output/extract_timing/spool/level_0.data"",""trigger"":{""cell_raw"":[363.30536960065365,819.1999999992549],""global_raw"":[4374891.305369601,3003187.1999999993],""lat_lon"":[-34.725,123.3777718],""vertex"":17}}"	b	[0,1078,733]	20	[4369066.662,4456448.0,3003187.2,3003187.2]	3	0	False	encoder_drops_clipped_source_sliver	other
0	1069	733	288	0	0	0	0	0	0	0	-1	-1	178	O01	1	1	[13]	[[-34.74999999999999,-34.66666666666666,123.375,123.5]]	[-34.74999999999999,-34.66666666666666,123.375,123.5]	c	"[{""bbox_cell"":[1068,1072,732,736],""branches"":[""c""],""leaf_path"":[941],""n_coords"":13}]"	T1	[[[1.0,0.0],[0.6640625,0.0],[0.33203125,0.0],[0.0,0.0],[0.0,0.33203125],[0.0,0.6640625],[0.0,1.0],[0.33203125,1.0],[0.6640625,1.0],[1.0,1.0],[1.0,0.6640625],[1.0,0.33203125],[1.0,0.0]]]	true	output/scratch-14/cell_local/proofs/178.json	0	4ed9cd801bdd70992a9b7bd090803ffae349515f87546f044b21157e68e99d72	disc-verified:resolved	0	2ee3456a9aeb8607b88be4edd989a2034dd7fdd6f7846369d9dbc4c8ff20e6ae	disc-verified:resolved	output/scratch-14/witnesses/0178_requirement.json	"{""background_ordinal"":0,""bbox_global_raw"":[4369066.662297599,4456448.0,3003187.1999999993,3003187.1999999993],""branch"":""b"",""length"":472,""n_coords"":20,""offset"":1681594352,""source_cell"":[0,1078,733],""source_cell_sha256"":""774189917f5c7266dcf226121f13e024970a034b48249803509631328cb6be4b"",""spool_data"":""output/extract_timing/spool/level_0.data"",""trigger"":{""cell_raw"":[2092.8528384007514,819.1999999992549],""global_raw"":[4380716.852838401,3003187.1999999993],""lat_lon"":[-34.725,123.4222172],""vertex"":16}}"	b	[0,1078,733]	20	[4369066.662,4456448.0,3003187.2,3003187.2]	3	0	False	encoder_drops_clipped_source_sliver	other
0	1070	733	288	0	0	0	0	0	0	0	-1	-1	179	O01	1	1	[13]	[[-34.74999999999999,-34.66666666666666,123.375,123.5]]	[-34.74999999999999,-34.66666666666666,123.375,123.5]	c	"[{""bbox_cell"":[1068,1072,732,736],""branches"":[""c""],""leaf_path"":[942],""n_coords"":13}]"	T1	[[[1.0,0.0],[0.6640625,0.0],[0.33203125,0.0],[0.0,0.0],[0.0,0.33203125],[0.0,0.6640625],[0.0,1.0],[0.33203125,1.0],[0.6640625,1.0],[1.0,1.0],[1.0,0.6640625],[1.0,0.33203125],[1.0,0.0]]]	true	output/scratch-14/cell_local/proofs/179.json	0	4ed9cd801bdd70992a9b7bd090803ffae349515f87546f044b21157e68e99d72	disc-verified:resolved	0	2ee3456a9aeb8607b88be4edd989a2034dd7fdd6f7846369d9dbc4c8ff20e6ae	disc-verified:resolved	output/scratch-14/witnesses/0179_requirement.json	"{""background_ordinal"":0,""bbox_global_raw"":[4369066.662297599,4456448.0,3003187.1999999993,3003187.1999999993],""branch"":""b"",""length"":472,""n_coords"":20,""offset"":1681594352,""source_cell"":[0,1078,733],""source_cell_sha256"":""774189917f5c7266dcf226121f13e024970a034b48249803509631328cb6be4b"",""spool_data"":""output/extract_timing/spool/level_0.data"",""trigger"":{""cell_raw"":[3822.413414400071,819.1999999992549],""global_raw"":[4386542.4134144,3003187.1999999993],""lat_lon"":[-34.725,123.4666627],""vertex"":15}}"	b	[0,1078,733]	20	[4369066.662,4456448.0,3003187.2,3003187.2]	3	0	False	encoder_drops_clipped_source_sliver	other
0	1072	733	288	0	0	0	0	0	0	0	-1	-1	180	O01	1	1	[13]	[[-34.74999999999999,-34.66666666666666,123.5,123.625]]	[-34.74999999999999,-34.66666666666666,123.5,123.625]	c	"[{""bbox_cell"":[1072,1076,732,736],""branches"":[""c""],""leaf_path"":[944],""n_coords"":13}]"	T1	[[[1.0,0.0],[0.6640625,0.0],[0.33203125,0.0],[0.0,0.0],[0.0,0.33203125],[0.0,0.6640625],[0.0,1.0],[0.33203125,1.0],[0.6640625,1.0],[1.0,1.0],[1.0,0.6640625],[1.0,0.33203125],[1.0,0.0]]]	true	output/scratch-14/cell_local/proofs/180.json	0	4ed9cd801bdd70992a9b7bd090803ffae349515f87546f044b21157e68e99d72	disc-verified:resolved	0	2ee3456a9aeb8607b88be4edd989a2034dd7fdd6f7846369d9dbc4c8ff20e6ae	disc-verified:resolved	output/scratch-14/witnesses/0180_requirement.json	"{""background_ordinal"":0,""bbox_global_raw"":[4369066.662297599,4456448.0,3003187.1999999993,3003187.1999999993],""branch"":""b"",""length"":472,""n_coords"":20,""offset"":1681594352,""source_cell"":[0,1078,733],""source_cell_sha256"":""774189917f5c7266dcf226121f13e024970a034b48249803509631328cb6be4b"",""spool_data"":""output/extract_timing/spool/level_0.data"",""trigger"":{""cell_raw"":[1455.9608832001686,819.1999999992549],""global_raw"":[4392367.9608832,3003187.1999999993],""lat_lon"":[-34.725,123.5111081],""vertex"":14}}"	b	[0,1078,733]	20	[4369066.662,4456448.0,3003187.2,3003187.2]	3	0	False	encoder_drops_clipped_source_sliver	other
0	1073	733	288	0	0	0	0	0	0	0	-1	-1	181	O01	1	1	[13]	[[-34.74999999999999,-34.66666666666666,123.5,123.625]]	[-34.74999999999999,-34.66666666666666,123.5,123.625]	c	"[{""bbox_cell"":[1072,1076,732,736],""branches"":[""c""],""leaf_path"":[945],""n_coords"":13}]"	T1	[[[1.0,0.0],[0.6640625,0.0],[0.33203125,0.0],[0.0,0.0],[0.0,0.33203125],[0.0,0.6640625],[0.0,1.0],[0.33203125,1.0],[0.6640625,1.0],[1.0,1.0],[1.0,0.6640625],[1.0,0.33203125],[1.0,0.0]]]	true	output/scratch-14/cell_local/proofs/181.json	0	4ed9cd801bdd70992a9b7bd090803ffae349515f87546f044b21157e68e99d72	disc-verified:resolved	0	2ee3456a9aeb8607b88be4edd989a2034dd7fdd6f7846369d9dbc4c8ff20e6ae	disc-verified:resolved	output/scratch-14/witnesses/0181_requirement.json	"{""background_ordinal"":0,""bbox_global_raw"":[4369066.662297599,4456448.0,3003187.1999999993,3003187.1999999993],""branch"":""b"",""length"":472,""n_coords"":20,""offset"":1681594352,""source_cell"":[0,1078,733],""source_cell_sha256"":""774189917f5c7266dcf226121f13e024970a034b48249803509631328cb6be4b"",""spool_data"":""output/extract_timing/spool/level_0.data"",""trigger"":{""cell_raw"":[3185.5083520002663,819.1999999992549],""global_raw"":[4398193.508352,3003187.1999999993],""lat_lon"":[-34.725,123.5555535],""vertex"":13}}"	b	[0,1078,733]	20	[4369066.662,4456448.0,3003187.2,3003187.2]	3	0	False	encoder_drops_clipped_source_sliver	other
0	1075	733	288	0	0	0	0	0	0	0	-1	-1	182	O01	1	1	[13]	[[-34.74999999999999,-34.66666666666666,123.5,123.625]]	[-34.74999999999999,-34.66666666666666,123.5,123.625]	c	"[{""bbox_cell"":[1072,1076,732,736],""branches"":[""c""],""leaf_path"":[947],""n_coords"":13}]"	T1	[[[1.0,0.0],[0.6640625,0.0],[0.33203125,0.0],[0.0,0.0],[0.0,0.33203125],[0.0,0.6640625],[0.0,1.0],[0.33203125,1.0],[0.6640625,1.0],[1.0,1.0],[1.0,0.6640625],[1.0,0.33203125],[1.0,0.0]]]	true	output/scratch-14/cell_local/proofs/182.json	0	4ed9cd801bdd70992a9b7bd090803ffae349515f87546f044b21157e68e99d72	disc-verified:resolved	0	2ee3456a9aeb8607b88be4edd989a2034dd7fdd6f7846369d9dbc4c8ff20e6ae	disc-verified:resolved	output/scratch-14/witnesses/0182_requirement.json	"{""background_ordinal"":0,""bbox_global_raw"":[4369066.662297599,4456448.0,3003187.1999999993,3003187.1999999993],""branch"":""b"",""length"":472,""n_coords"":20,""offset"":1681594352,""source_cell"":[0,1078,733],""source_cell_sha256"":""774189917f5c7266dcf226121f13e024970a034b48249803509631328cb6be4b"",""spool_data"":""output/extract_timing/spool/level_0.data"",""trigger"":{""cell_raw"":[819.055820800364,819.1999999992549],""global_raw"":[4404019.0558208,3003187.1999999993],""lat_lon"":[-34.725,123.5999989],""vertex"":12}}"	b	[0,1078,733]	20	[4369066.662,4456448.0,3003187.2,3003187.2]	3	0	False	encoder_drops_clipped_source_sliver	other
0	1076	733	288	0	0	0	0	0	0	0	-1	-1	183	O01	1	1	[13]	[[-34.74999999999999,-34.66666666666666,123.625,123.75]]	[-34.74999999999999,-34.66666666666666,123.625,123.75]	c	"[{""bbox_cell"":[1076,1080,732,736],""branches"":[""c""],""leaf_path"":[948],""n_coords"":13}]"	T1	[[[1.0,0.0],[0.6640625,0.0],[0.33203125,0.0],[0.0,0.0],[0.0,0.33203125],[0.0,0.6640625],[0.0,1.0],[0.33203125,1.0],[0.6640625,1.0],[1.0,1.0],[1.0,0.6640625],[1.0,0.33203125],[1.0,0.0]]]	true	output/scratch-14/cell_local/proofs/183.json	0	4ed9cd801bdd70992a9b7bd090803ffae349515f87546f044b21157e68e99d72	disc-verified:resolved	0	2ee3456a9aeb8607b88be4edd989a2034dd7fdd6f7846369d9dbc4c8ff20e6ae	disc-verified:resolved	output/scratch-14/witnesses/0183_requirement.json	"{""background_ordinal"":0,""bbox_global_raw"":[4369066.662297599,4456448.0,3003187.1999999993,3003187.1999999993],""branch"":""b"",""length"":472,""n_coords"":20,""offset"":1681594352,""source_cell"":[0,1078,733],""source_cell_sha256"":""774189917f5c7266dcf226121f13e024970a034b48249803509631328cb6be4b"",""spool_data"":""output/extract_timing/spool/level_0.data"",""trigger"":{""cell_raw"":[2548.6163967996836,819.1999999992549],""global_raw"":[4409844.6163968,3003187.1999999993],""lat_lon"":[-34.725,123.6444444],""vertex"":11}}"	b	[0,1078,733]	20	[4369066.662,4456448.0,3003187.2,3003187.2]	3	0	False	encoder_drops_clipped_source_sliver	other
0	1077	733	288	0	0	0	0	0	0	0	-1	-1	184	O01	1	1	[13]	[[-34.74999999999999,-34.66666666666666,123.625,123.75]]	[-34.74999999999999,-34.66666666666666,123.625,123.75]	c	"[{""bbox_cell"":[1076,1080,732,736],""branches"":[""c""],""leaf_path"":[949],""n_coords"":13}]"	T1	[[[1.0,0.0],[0.6640625,0.0],[0.33203125,0.0],[0.0,0.0],[0.0,0.33203125],[0.0,0.6640625],[0.0,1.0],[0.33203125,1.0],[0.6640625,1.0],[1.0,1.0],[1.0,0.6640625],[1.0,0.33203125],[1.0,0.0]]]	true	output/scratch-14/cell_local/proofs/184.json	0	4ed9cd801bdd70992a9b7bd090803ffae349515f87546f044b21157e68e99d72	disc-verified:resolved	0	2ee3456a9aeb8607b88be4edd989a2034dd7fdd6f7846369d9dbc4c8ff20e6ae	disc-verified:resolved	output/scratch-14/witnesses/0184_requirement.json	"{""background_ordinal"":0,""bbox_global_raw"":[4369066.662297599,4456448.0,3003187.1999999993,3003187.1999999993],""branch"":""b"",""length"":472,""n_coords"":20,""offset"":1681594352,""source_cell"":[0,1078,733],""source_cell_sha256"":""774189917f5c7266dcf226121f13e024970a034b48249803509631328cb6be4b"",""spool_data"":""output/extract_timing/spool/level_0.data"",""trigger"":{""cell_raw"":[1365.3901311978698,819.1999999992549],""global_raw"":[4412757.390131198,3003187.1999999993],""lat_lon"":[-34.725,123.6666671],""vertex"":10}}"	b	[0,1078,733]	20	[4369066.662,4456448.0,3003187.2,3003187.2]	3	0	False	encoder_drops_clipped_source_sliver	other
0	1078	733	288	0	0	0	0	0	0	0	-1	-1	185	O01	1	1	[13]	[[-34.74999999999999,-34.66666666666666,123.625,123.75]]	[-34.74999999999999,-34.66666666666666,123.625,123.75]	c	"[{""bbox_cell"":[1076,1080,732,736],""branches"":[""c""],""leaf_path"":[950],""n_coords"":13}]"	T1	[[[1.0,0.0],[0.6640625,0.0],[0.33203125,0.0],[0.0,0.0],[0.0,0.33203125],[0.0,0.6640625],[0.0,1.0],[0.33203125,1.0],[0.6640625,1.0],[1.0,1.0],[1.0,0.6640625],[1.0,0.33203125],[1.0,0.0]]]	true	output/scratch-14/cell_local/proofs/185.json	0	4ed9cd801bdd70992a9b7bd090803ffae349515f87546f044b21157e68e99d72	disc-verified:resolved	0	2ee3456a9aeb8607b88be4edd989a2034dd7fdd6f7846369d9dbc4c8ff20e6ae	disc-verified:resolved	output/scratch-14/witnesses/0185_requirement.json	"{""background_ordinal"":0,""bbox_global_raw"":[4369066.662297599,4456448.0,3003187.1999999993,3003187.1999999993],""branch"":""b"",""length"":472,""n_coords"":20,""offset"":1681594352,""source_cell"":[0,1078,733],""source_cell_sha256"":""774189917f5c7266dcf226121f13e024970a034b48249803509631328cb6be4b"",""spool_data"":""output/extract_timing/spool/level_0.data"",""trigger"":{""cell_raw"":[3094.9376000016928,819.1999999992549],""global_raw"":[4418582.937600002,3003187.1999999993],""lat_lon"":[-34.725,123.7111125],""vertex"":9}}"	b	[0,1078,733]	20	[4369066.662,4456448.0,3003187.2,3003187.2]	3	0	False	encoder_drops_clipped_source_sliver	other
0	1066	734	288	0	0	0	0	0	0	0	-1	-1	186	O01	1	1	[13]	[[-34.74999999999999,-34.66666666666666,123.25,123.375]]	[-34.74999999999999,-34.66666666666666,123.25,123.375]	c	"[{""bbox_cell"":[1064,1068,732,736],""branches"":[""c""],""leaf_path"":[970],""n_coords"":13}]"	T1	[[[1.0,0.0],[0.6640625,0.0],[0.33203125,0.0],[0.0,0.0],[0.0,0.33203125],[0.0,0.6640625],[0.0,1.0],[0.33203125,1.0],[0.6640625,1.0],[1.0,1.0],[1.0,0.6640625],[1.0,0.33203125],[1.0,0.0]]]	true	output/scratch-14/cell_local/proofs/186.json	0	4ed9cd801bdd70992a9b7bd090803ffae349515f87546f044b21157e68e99d72	disc-verified:resolved	0	2ee3456a9aeb8607b88be4edd989a2034dd7fdd6f7846369d9dbc4c8ff20e6ae	disc-verified:resolved	output/scratch-14/witnesses/0186_requirement.json	"{""background_ordinal"":0,""bbox_global_raw"":[4369066.662297599,4369066.662297599,3003187.1999999993,3102979.955097599],""branch"":""b"",""length"":216,""n_coords"":4,""offset"":1727988088,""source_cell"":[0,1066,739],""source_cell_sha256"":""ffa47173957d8c7bb233cb56a1d85fe74979d60041d28799f133263eb23f9289"",""spool_data"":""output/extract_timing/spool/level_0.data"",""trigger"":{""cell_raw"":[2730.6622975990176,301.662208000198],""global_raw"":[4369066.662297599,3006765.662208],""lat_lon"":[-34.706799,123.3333333],""vertex"":1}}"	b	[0,1066,739]	4	[4369066.662,4369066.662,3003187.2,3102979.955]	3	0	False	encoder_drops_clipped_source_sliver	other
0	766	760	288	0	0	0	0	0	0	0	-1	-1	188	O01	1	1	[13]	[[-34.16666666666666,-34.08333333333332,113.875,114.0]]	[-34.16666666666666,-34.08333333333332,113.875,114.0]	c	"[{""bbox_cell"":[764,768,760,764],""branches"":[""c""],""leaf_path"":[1822],""n_coords"":13}]"	T1	[[[1.0,0.0],[0.6640625,0.0],[0.33203125,0.0],[0.0,0.0],[0.0,0.33203125],[0.0,0.6640625],[0.0,1.0],[0.33203125,1.0],[0.6640625,1.0],[1.0,1.0],[1.0,0.6640625],[1.0,0.33203125],[1.0,0.0]]]	true	output/scratch-14/cell_local/proofs/188.json	0	4ed9cd801bdd70992a9b7bd090803ffae349515f87546f044b21157e68e99d72	disc-verified:resolved	0	2ee3456a9aeb8607b88be4edd989a2034dd7fdd6f7846369d9dbc4c8ff20e6ae	disc-verified:resolved	output/scratch-14/witnesses/0188_requirement.json	"{""background_ordinal"":0,""bbox_global_raw"":[3132620.8000000007,3198156.8000000007,3116236.8,3116236.8],""branch"":""b"",""length"":424,""n_coords"":17,""offset"":1881251288,""source_cell"":[0,773,760],""source_cell_sha256"":""f4d065a3dd7c1fc78c24aa2e082e1282c3c32be21e05f3b3f886d66f2a11ea60"",""spool_data"":""output/extract_timing/spool/level_0.data"",""trigger"":{""cell_raw"":[3151.547596797347,3276.7999999998137],""global_raw"":[3140687.5475967973,3116236.8],""lat_lon"":[-34.15,113.9615444],""vertex"":13}}"	b	[0,773,760]	17	[3132620.8,3198156.8,3116236.8,3116236.8]	4	0	False	encoder_drops_clipped_source_sliver	other
0	768	760	288	0	0	0	0	0	0	0	-1	-1	189	O01	1	1	[13]	[[-34.16666666666666,-34.08333333333332,114.0,114.125]]	[-34.16666666666666,-34.08333333333332,114.0,114.125]	c	"[{""bbox_cell"":[768,772,760,764],""branches"":[""c""],""leaf_path"":[1792],""n_coords"":13}]"	T2	[[[0.0,0.0],[0.0,0.33203125],[0.0,0.6640625],[0.0,1.0],[0.33203125,1.0],[0.6640625,1.0],[1.0,1.0],[1.0,0.6640625],[1.0,0.33203125],[1.0,0.0],[0.6640625,0.0],[0.33203125,0.0],[0.0,0.0]]]	true	output/scratch-14/cell_local/proofs/189.json	0	4ed9cd801bdd70992a9b7bd090803ffae349515f87546f044b21157e68e99d72	disc-verified:resolved	0	2ee3456a9aeb8607b88be4edd989a2034dd7fdd6f7846369d9dbc4c8ff20e6ae	disc-verified:resolved	output/scratch-14/witnesses/0189_requirement.json	"{""background_ordinal"":0,""bbox_global_raw"":[3132620.8000000007,3198156.8000000007,3116236.8,3116236.8],""branch"":""b"",""length"":424,""n_coords"":17,""offset"":1881251288,""source_cell"":[0,773,760],""source_cell_sha256"":""f4d065a3dd7c1fc78c24aa2e082e1282c3c32be21e05f3b3f886d66f2a11ea60"",""spool_data"":""output/extract_timing/spool/level_0.data"",""trigger"":{""cell_raw"":[3646.056038402021,3276.7999999998137],""global_raw"":[3149374.056038402,3116236.8],""lat_lon"":[-34.15,114.0278172],""vertex"":11}}"	b	[0,773,760]	17	[3132620.8,3198156.8,3116236.8,3116236.8]	4	0	False	encoder_drops_clipped_source_sliver	other
0	770	760	288	0	0	0	0	0	0	0	-1	-1	190	O01	1	1	[13]	[[-34.16666666666666,-34.08333333333332,114.0,114.125]]	[-34.16666666666666,-34.08333333333332,114.0,114.125]	c	"[{""bbox_cell"":[768,772,760,764],""branches"":[""c""],""leaf_path"":[1794],""n_coords"":13}]"	T2	[[[0.0,0.0],[0.0,0.33203125],[0.0,0.6640625],[0.0,1.0],[0.33203125,1.0],[0.6640625,1.0],[1.0,1.0],[1.0,0.6640625],[1.0,0.33203125],[1.0,0.0],[0.6640625,0.0],[0.33203125,0.0],[0.0,0.0]]]	true	output/scratch-14/cell_local/proofs/190.json	0	4ed9cd801bdd70992a9b7bd090803ffae349515f87546f044b21157e68e99d72	disc-verified:resolved	0	2ee3456a9aeb8607b88be4edd989a2034dd7fdd6f7846369d9dbc4c8ff20e6ae	disc-verified:resolved	output/scratch-14/witnesses/0190_requirement.json	"{""background_ordinal"":0,""bbox_global_raw"":[3132620.8000000007,3198156.8000000007,3116236.8,3116236.8],""branch"":""b"",""length"":424,""n_coords"":17,""offset"":1881251288,""source_cell"":[0,773,760],""source_cell_sha256"":""f4d065a3dd7c1fc78c24aa2e082e1282c3c32be21e05f3b3f886d66f2a11ea60"",""spool_data"":""output/extract_timing/spool/level_0.data"",""trigger"":{""cell_raw"":[1245.0529280006886,3276.7999999998137],""global_raw"":[3155165.0529280007,3116236.8],""lat_lon"":[-34.15,114.071999],""vertex"":10}}"	b	[0,773,760]	17	[3132620.8,3198156.8,3116236.8,3116236.8]	3	0	False	encoder_drops_clipped_source_sliver	other
0	771	760	288	0	0	0	0	0	0	0	-1	-1	191	O01	1	1	[13]	[[-34.16666666666666,-34.08333333333332,114.0,114.125]]	[-34.16666666666666,-34.08333333333332,114.0,114.125]	c	"[{""bbox_cell"":[768,772,760,764],""branches"":[""c""],""leaf_path"":[1795],""n_coords"":13}]"	T2	[[[0.0,0.0],[0.0,0.33203125],[0.0,0.6640625],[0.0,1.0],[0.33203125,1.0],[0.6640625,1.0],[1.0,1.0],[1.0,0.6640625],[1.0,0.33203125],[1.0,0.0],[0.6640625,0.0],[0.33203125,0.0],[0.0,0.0]]]	true	output/scratch-14/cell_local/proofs/191.json	0	4ed9cd801bdd70992a9b7bd090803ffae349515f87546f044b21157e68e99d72	disc-verified:resolved	0	2ee3456a9aeb8607b88be4edd989a2034dd7fdd6f7846369d9dbc4c8ff20e6ae	disc-verified:resolved	output/scratch-14/witnesses/0191_requirement.json	"{""background_ordinal"":0,""bbox_global_raw"":[3132620.8000000007,3198156.8000000007,3116236.8,3116236.8],""branch"":""b"",""length"":424,""n_coords"":17,""offset"":1881251288,""source_cell"":[0,773,760],""source_cell_sha256"":""f4d065a3dd7c1fc78c24aa2e082e1282c3c32be21e05f3b3f886d66f2a11ea60"",""spool_data"":""output/extract_timing/spool/level_0.data"",""trigger"":{""cell_raw"":[44.551372800022364,3276.7999999998137],""global_raw"":[3158060.5513728,3116236.8],""lat_lon"":[-34.15,114.0940899],""vertex"":9}}"	b	[0,773,760]	17	[3132620.8,3198156.8,3116236.8,3116236.8]	3	0	False	encoder_drops_clipped_source_sliver	other
0	772	760	288	0	0	0	0	0	0	0	-1	-1	192	O01	1	1	[13]	[[-34.16666666666666,-34.08333333333332,114.125,114.25]]	[-34.16666666666666,-34.08333333333332,114.125,114.25]	c	"[{""bbox_cell"":[772,776,760,764],""branches"":[""c""],""leaf_path"":[1796],""n_coords"":13}]"	T2	[[[0.0,0.0],[0.0,0.33203125],[0.0,0.6640625],[0.0,1.0],[0.33203125,1.0],[0.6640625,1.0],[1.0,1.0],[1.0,0.6640625],[1.0,0.33203125],[1.0,0.0],[0.6640625,0.0],[0.33203125,0.0],[0.0,0.0]]]	true	output/scratch-14/cell_local/proofs/192.json	0	4ed9cd801bdd70992a9b7bd090803ffae349515f87546f044b21157e68e99d72	disc-verified:resolved	0	2ee3456a9aeb8607b88be4edd989a2034dd7fdd6f7846369d9dbc4c8ff20e6ae	disc-verified:resolved	output/scratch-14/witnesses/0192_requirement.json	"{""background_ordinal"":0,""bbox_global_raw"":[3132620.8000000007,3198156.8000000007,3116236.8,3116236.8],""branch"":""b"",""length"":424,""n_coords"":17,""offset"":1881251288,""source_cell"":[0,773,760],""source_cell_sha256"":""f4d065a3dd7c1fc78c24aa2e082e1282c3c32be21e05f3b3f886d66f2a11ea60"",""spool_data"":""output/extract_timing/spool/level_0.data"",""trigger"":{""cell_raw"":[1739.5613695979118,3276.7999999998137],""global_raw"":[3163851.561369598,3116236.8],""lat_lon"":[-34.15,114.1382718],""vertex"":8}}"	b	[0,773,760]	17	[3132620.8,3198156.8,3116236.8,3116236.8]	3	0	False	encoder_drops_clipped_source_sliver	other
0	773	760	288	0	0	0	0	0	0	0	-1	-1	193	O01	1	1	[13]	[[-34.16666666666666,-34.08333333333332,114.125,114.25]]	[-34.16666666666666,-34.08333333333332,114.125,114.25]	c	"[{""bbox_cell"":[772,776,760,764],""branches"":[""c""],""leaf_path"":[1797],""n_coords"":13}]"	T2	[[[0.0,0.0],[0.0,0.33203125],[0.0,0.6640625],[0.0,1.0],[0.33203125,1.0],[0.6640625,1.0],[1.0,1.0],[1.0,0.6640625],[1.0,0.33203125],[1.0,0.0],[0.6640625,0.0],[0.33203125,0.0],[0.0,0.0]]]	true	output/scratch-14/cell_local/proofs/193.json	0	4ed9cd801bdd70992a9b7bd090803ffae349515f87546f044b21157e68e99d72	disc-verified:resolved	0	2ee3456a9aeb8607b88be4edd989a2034dd7fdd6f7846369d9dbc4c8ff20e6ae	disc-verified:resolved	output/scratch-14/witnesses/0193_requirement.json	"{""background_ordinal"":0,""bbox_global_raw"":[3132620.8000000007,3198156.8000000007,3116236.8,3116236.8],""branch"":""b"",""length"":424,""n_coords"":17,""offset"":1881251288,""source_cell"":[0,773,760],""source_cell_sha256"":""f4d065a3dd7c1fc78c24aa2e082e1282c3c32be21e05f3b3f886d66f2a11ea60"",""spool_data"":""output/extract_timing/spool/level_0.data"",""trigger"":{""cell_raw"":[3434.5582592003047,3276.7999999998137],""global_raw"":[3169642.5582592003,3116236.8],""lat_lon"":[-34.15,114.1824536],""vertex"":7}}"	b	[0,773,760]	17	[3132620.8,3198156.8,3116236.8,3116236.8]	3	0	False	encoder_drops_clipped_source_sliver	other
0	774	760	288	0	0	0	0	0	0	0	-1	-1	194	O01	1	1	[13]	[[-34.16666666666666,-34.08333333333332,114.125,114.25]]	[-34.16666666666666,-34.08333333333332,114.125,114.25]	c	"[{""bbox_cell"":[772,776,760,764],""branches"":[""c""],""leaf_path"":[1798],""n_coords"":13}]"	T2	[[[0.0,0.0],[0.0,0.33203125],[0.0,0.6640625],[0.0,1.0],[0.33203125,1.0],[0.6640625,1.0],[1.0,1.0],[1.0,0.6640625],[1.0,0.33203125],[1.0,0.0],[0.6640625,0.0],[0.33203125,0.0],[0.0,0.0]]]	true	output/scratch-14/cell_local/proofs/194.json	0	4ed9cd801bdd70992a9b7bd090803ffae349515f87546f044b21157e68e99d72	disc-verified:resolved	0	2ee3456a9aeb8607b88be4edd989a2034dd7fdd6f7846369d9dbc4c8ff20e6ae	disc-verified:resolved	output/scratch-14/witnesses/0194_requirement.json	"{""background_ordinal"":0,""bbox_global_raw"":[3132620.8000000007,3198156.8000000007,3116236.8,3116236.8],""branch"":""b"",""length"":424,""n_coords"":17,""offset"":1881251288,""source_cell"":[0,773,760],""source_cell_sha256"":""f4d065a3dd7c1fc78c24aa2e082e1282c3c32be21e05f3b3f886d66f2a11ea60"",""spool_data"":""output/extract_timing/spool/level_0.data"",""trigger"":{""cell_raw"":[2234.0567039996386,3276.7999999998137],""global_raw"":[3172538.0567039996,3116236.8],""lat_lon"":[-34.15,114.2045445],""vertex"":6}}"	b	[0,773,760]	17	[3132620.8,3198156.8,3116236.8,3116236.8]	3	0	False	encoder_drops_clipped_source_sliver	other
0	775	760	288	0	0	0	0	0	0	0	-1	-1	195	O01	1	1	[13]	[[-34.16666666666666,-34.08333333333332,114.125,114.25]]	[-34.16666666666666,-34.08333333333332,114.125,114.25]	c	"[{""bbox_cell"":[772,776,760,764],""branches"":[""c""],""leaf_path"":[1799],""n_coords"":13}]"	T2	[[[0.0,0.0],[0.0,0.33203125],[0.0,0.6640625],[0.0,1.0],[0.33203125,1.0],[0.6640625,1.0],[1.0,1.0],[1.0,0.6640625],[1.0,0.33203125],[1.0,0.0],[0.6640625,0.0],[0.33203125,0.0],[0.0,0.0]]]	true	output/scratch-14/cell_local/proofs/195.json	0	4ed9cd801bdd70992a9b7bd090803ffae349515f87546f044b21157e68e99d72	disc-verified:resolved	0	2ee3456a9aeb8607b88be4edd989a2034dd7fdd6f7846369d9dbc4c8ff20e6ae	disc-verified:resolved	output/scratch-14/witnesses/0195_requirement.json	"{""background_ordinal"":0,""bbox_global_raw"":[3132620.8000000007,3198156.8000000007,3116236.8,3116236.8],""branch"":""b"",""length"":424,""n_coords"":17,""offset"":1881251288,""source_cell"":[0,773,760],""source_cell_sha256"":""f4d065a3dd7c1fc78c24aa2e082e1282c3c32be21e05f3b3f886d66f2a11ea60"",""spool_data"":""output/extract_timing/spool/level_0.data"",""trigger"":{""cell_raw"":[3929.0667008012533,3276.7999999998137],""global_raw"":[3178329.0667008013,3116236.8],""lat_lon"":[-34.15,114.2487264],""vertex"":5}}"	b	[0,773,760]	17	[3132620.8,3198156.8,3116236.8,3116236.8]	3	0	False	encoder_drops_clipped_source_sliver	other
0	776	760	288	0	0	0	0	0	0	0	-1	-1	196	O01	1	1	[13]	[[-34.16666666666666,-34.08333333333332,114.25,114.375]]	[-34.16666666666666,-34.08333333333332,114.25,114.375]	c	"[{""bbox_cell"":[776,780,760,764],""branches"":[""c""],""leaf_path"":[1800],""n_coords"":13}]"	T2	[[[0.0,0.0],[0.0,0.33203125],[0.0,0.6640625],[0.0,1.0],[0.33203125,1.0],[0.6640625,1.0],[1.0,1.0],[1.0,0.6640625],[1.0,0.33203125],[1.0,0.0],[0.6640625,0.0],[0.33203125,0.0],[0.0,0.0]]]	true	output/scratch-14/cell_local/proofs/196.json	0	4ed9cd801bdd70992a9b7bd090803ffae349515f87546f044b21157e68e99d72	disc-verified:resolved	0	2ee3456a9aeb8607b88be4edd989a2034dd7fdd6f7846369d9dbc4c8ff20e6ae	disc-verified:resolved	output/scratch-14/witnesses/0196_requirement.json	"{""background_ordinal"":0,""bbox_global_raw"":[3132620.8000000007,3198156.8000000007,3116236.8,3116236.8],""branch"":""b"",""length"":424,""n_coords"":17,""offset"":1881251288,""source_cell"":[0,773,760],""source_cell_sha256"":""f4d065a3dd7c1fc78c24aa2e082e1282c3c32be21e05f3b3f886d66f2a11ea60"",""spool_data"":""output/extract_timing/spool/level_0.data"",""trigger"":{""cell_raw"":[2728.565145600587,3276.7999999998137],""global_raw"":[3181224.5651456006,3116236.8],""lat_lon"":[-34.15,114.2708173],""vertex"":4}}"	b	[0,773,760]	17	[3132620.8,3198156.8,3116236.8,3116236.8]	3	0	False	encoder_drops_clipped_source_sliver	other
0	778	760	288	0	0	0	0	0	0	0	-1	-1	197	O01	1	1	[13]	[[-34.16666666666666,-34.08333333333332,114.25,114.375]]	[-34.16666666666666,-34.08333333333332,114.25,114.375]	c	"[{""bbox_cell"":[776,780,760,764],""branches"":[""c""],""leaf_path"":[1802],""n_coords"":13}]"	T2	[[[0.0,0.0],[0.0,0.33203125],[0.0,0.6640625],[0.0,1.0],[0.33203125,1.0],[0.6640625,1.0],[1.0,1.0],[1.0,0.6640625],[1.0,0.33203125],[1.0,0.0],[0.6640625,0.0],[0.33203125,0.0],[0.0,0.0]]]	true	output/scratch-14/cell_local/proofs/197.json	0	4ed9cd801bdd70992a9b7bd090803ffae349515f87546f044b21157e68e99d72	disc-verified:resolved	0	2ee3456a9aeb8607b88be4edd989a2034dd7fdd6f7846369d9dbc4c8ff20e6ae	disc-verified:resolved	output/scratch-14/witnesses/0197_requirement.json	"{""background_ordinal"":0,""bbox_global_raw"":[3132620.8000000007,3198156.8000000007,3116236.8,3116236.8],""branch"":""b"",""length"":424,""n_coords"":17,""offset"":1881251288,""source_cell"":[0,773,760],""source_cell_sha256"":""f4d065a3dd7c1fc78c24aa2e082e1282c3c32be21e05f3b3f886d66f2a11ea60"",""spool_data"":""output/extract_timing/spool/level_0.data"",""trigger"":{""cell_raw"":[3223.0735872015357,3276.7999999998137],""global_raw"":[3189911.0735872015,3116236.8],""lat_lon"":[-34.15,114.3370901],""vertex"":2}}"	b	[0,773,760]	17	[3132620.8,3198156.8,3116236.8,3116236.8]	4	0	False	encoder_drops_clipped_source_sliver	other
0	694	790	288	0	0	0	0	0	0	0	-1	-1	210	O01	1	1	[13]	[[-33.583333333333336,-33.5,111.625,111.75]]	[-33.583333333333336,-33.5,111.625,111.75]	c	"[{""bbox_cell"":[692,696,787,791],""branches"":[""c""],""leaf_path"":[726],""n_coords"":13}]"	T2	[[[0.0,0.0],[0.0,0.33203125],[0.0,0.6640625],[0.0,1.0],[0.33203125,1.0],[0.6640625,1.0],[1.0,1.0],[1.0,0.6640625],[1.0,0.33203125],[1.0,0.0],[0.6640625,0.0],[0.33203125,0.0],[0.0,0.0]]]	true	output/scratch-14/cell_local/proofs/210.json	0	4ed9cd801bdd70992a9b7bd090803ffae349515f87546f044b21157e68e99d72	disc-verified:resolved	0	2ee3456a9aeb8607b88be4edd989a2034dd7fdd6f7846369d9dbc4c8ff20e6ae	disc-verified:resolved	output/scratch-14/witnesses/0210_requirement.json	"{""background_ordinal"":0,""bbox_global_raw"":[2844262.3999999985,2844262.3999999985,2909798.399999999,3244031.9999999995],""branch"":""b"",""length"":216,""n_coords"":4,""offset"":1985569960,""source_cell"":[0,694,771],""source_cell_sha256"":""f10e920bc6d97c50f0e1b31d866b6dc17fe33876712cbbffbb78b5c4d9a5d9a0"",""spool_data"":""output/extract_timing/spool/level_0.data"",""trigger"":{""cell_raw"":[1638.3999999985099,3787.4106367989443],""global_raw"":[2844262.3999999985,3239627.410636799],""lat_lon"":[-33.5224029,111.7],""vertex"":1}}"	b	[0,694,771]	4	[2844262.4,2844262.4,2909798.4,3244032.0]	3	0	False	encoder_drops_clipped_source_sliver	west
0	834	886	321	0	0	0	0	0	0	0	-1	-1	246	O05	11	1	[21,33,37,58,19,23,17,28,10,33,19]	[[-31.582972208658852,-31.580032348632812,116.10455322265625,116.10822296142578],[-31.575093587239582,-31.5697021484375,116.09307098388672,116.09989166259766],[-31.57685343424479,-31.570775349934895,116.08165740966797,116.08536529541016],[-31.583333333333332,-31.574122111002602,116.07296752929688,116.07952117919922],[-31.55915323893229,-31.555943806966145,116.08627319335938,116.09126281738281],[-31.547643025716145,-31.545074462890625,116.10951232910156,116.11712646484375],[-31.54413350423177,-31.542073567708332,116.0893325805664,116.0923080444336],[-31.53699239095052,-31.531514485677082,116.08938598632812,116.09280395507812],[-31.571324666341145,-31.57049560546875,116.1010513305664,116.10208129882812],[-31.58014424641927,-31.57514444986979,116.04150390625,116.04732513427734],[-31.583333333333332,-31.582234700520832,116.11841583251953,116.125]]	[-31.583333333333332,-31.531514485677082,116.04150390625,116.125]	a	"[{""bbox_cell"":[834,834,886,886],""branches"":[""a""],""leaf_path"":[1730],""n_coords"":28}]"	not-288	[[[0.003460208,0.0],[0.001730104,0.187110187],[0.0,0.374220374],[0.0,0.563409563],[0.153979239,0.565488565],[0.309688581,0.567567568],[0.465397924,0.56964657],[0.461937716,0.783783784],[0.458477509,1.0],[0.581314879,0.918918919],[0.686851211,0.82952183],[0.837370242,0.702702703],[0.989619377,0.575883576],[0.993079585,0.386694387],[0.996539792,0.197505198],[1.0,0.01039501],[0.799307958,0.008316008],[0.600346021,0.006237006],[0.401384083,0.004158004],[0.202422145,0.002079002],[0.003460208,0.0]],[[0.009433962,0.0],[0.00754717,0.124161074],[0.006603774,0.249440716],[0.005660377,0.374720358],[0.004716981,0.5],[0.002830189,0.624161074],[0.001886792,0.749440716],[0.000943396,0.874720358],[0.0,1.0],[0.066981132,0.998881432],[0.13490566,0.998881432],[0.226415094,0.954138702],[0.318867925,0.909395973],[0.410377358,0.864653244],[0.502830189,0.819910515],[0.528301887,0.827740492],[0.635849057,0.857941834],[0.743396226,0.889261745],[0.828301887,0.775167785],[0.914150943,0.662192394],[0.954716981,0.585011186],[0.996226415,0.508948546],[1.0,0.492170022],[0.888679245,0.46196868],[0.777358491,0.431767338],[0.686792453,0.324384787],[0.597169811,0.217002237],[0.506603774,0.109619687],[0.416981132,0.002237136],[0.31509434,0.001118568],[0.213207547,0.001118568],[0.111320755,0.0],[0.009433962,0.0]],[[0.516317992,0.0],[0.513807531,0.133744856],[0.511297071,0.269547325],[0.410041841,0.267489712],[0.308786611,0.265432099],[0.207531381,0.263374486],[0.106276151,0.261316872],[0.005020921,0.261316872],[0.00334728,0.5],[0.00167364,0.740740741],[0.0,0.981481481],[0.077824268,0.981481481],[0.156485356,0.983539095],[0.235146444,0.985596708],[0.235983264,0.845679012],[0.236820084,0.705761317],[0.328033473,0.703703704],[0.419246862,0.703703704],[0.511297071,0.703703704],[0.511297071,0.845679012],[0.511297071,0.989711934],[0.606694561,0.991769547],[0.70292887,0.99382716],[0.79916318,0.995884774],[0.89539749,0.997942387],[0.991631799,1.0],[0.994142259,0.759259259],[0.99665272,0.518518519],[1.0,0.277777778],[0.925523013,0.277777778],[0.851882845,0.277777778],[0.778242678,0.277777778],[0.779079498,0.139917695],[0.779916318,0.004115226],[0.692050209,0.002057613],[0.6041841,0.0],[0.516317992,0.0]],[[0.621755936,0.0],[0.555494202,0.00814901],[0.489784649,0.016298021],[0.421314191,0.01862631],[0.352843733,0.022118743],[0.299834346,0.031431898],[0.24737714,0.041909197],[0.195472115,0.065192084],[0.144119271,0.089639115],[0.10381005,0.116414435],[0.064053009,0.1443539],[0.055218112,0.15250291],[0.0,0.151338766],[0.0,0.264260768],[0.0,0.377182771],[0.0,0.491268917],[0.062396466,0.491268917],[0.124792932,0.492433062],[0.191606847,0.393480792],[0.258420762,0.295692666],[0.324130315,0.29685681],[0.390392049,0.298020955],[0.456101601,0.299185099],[0.522363335,0.300349243],[0.521258973,0.444703143],[0.520154611,0.590221187],[0.519050248,0.734575087],[0.517945886,0.880093132],[0.575372722,0.880093132],[0.632799558,0.880093132],[0.690226394,0.881257276],[0.690226394,0.997671711],[0.747101049,0.998835856],[0.804527885,1.0],[0.805080066,0.916181607],[0.805632247,0.832363213],[0.869133076,0.832363213],[0.932633904,0.833527357],[0.996686913,0.834691502],[0.998343457,0.707799767],[1.0,0.582072177],[0.935394809,0.580908033],[0.870789619,0.579743888],[0.80673661,0.579743888],[0.80673661,0.443538999],[0.807288791,0.308498254],[0.807840972,0.173457509],[0.750414136,0.172293364],[0.693539481,0.172293364],[0.691882938,0.2887078],[0.690226394,0.40628638],[0.689122032,0.523864959],[0.651573716,0.522700815],[0.614577581,0.521536671],[0.616234125,0.391152503],[0.617890668,0.260768335],[0.619547211,0.130384168],[0.621755936,0.0]],[[0.003169572,0.0],[0.001584786,0.148318043],[0.0,0.296636086],[0.0,0.44648318],[0.036450079,0.464831804],[0.177496038,0.574923547],[0.302694136,0.681957187],[0.424722662,0.755351682],[0.548335975,0.830275229],[0.725832013,0.896024465],[0.903328051,0.9617737],[0.996830428,1.0],[0.998415214,0.808868502],[1.0,0.619266055],[0.800316957,0.495412844],[0.600633914,0.371559633],[0.400950872,0.247706422],[0.201267829,0.123853211],[0.003169572,0.0]],[[0.023762376,0.0],[0.01980198,0.124248497],[0.017821782,0.248496994],[0.013861386,0.373747495],[0.011881188,0.497995992],[0.007920792,0.622244489],[0.005940594,0.74749499],[0.001980198,0.871743487],[0.0,0.996993988],[0.245544554,0.996993988],[0.491089109,0.997995992],[0.736633663,0.998997996],[0.984158416,1.0],[0.986138614,0.873747495],[0.988118812,0.748496994],[0.99009901,0.622244489],[0.994059406,0.496993988],[0.996039604,0.370741483],[1.0,0.245490982],[0.754455446,0.183366733],[0.510891089,0.122244489],[0.267326733,0.061122244],[0.023762376,0.0]],[[0.024691358,0.0],[0.017283951,0.246153846],[0.012345679,0.492307692],[0.004938272,0.738461538],[0.0,0.984615385],[0.241975309,0.987179487],[0.486419753,0.992307692],[0.730864198,0.994871795],[0.975308642,1.0],[0.980246914,0.751282051],[0.987654321,0.502564103],[0.992592593,0.253846154],[1.0,0.005128205],[0.755555556,0.002564103],[0.511111111,0.002564103],[0.266666667,0.0],[0.024691358,0.0]],[[0.499535747,0.0],[0.417827298,0.0],[0.357474466,0.042410714],[0.297121634,0.087053571],[0.199628598,0.145089286],[0.102135562,0.203125],[0.005571031,0.263392857],[0.00371402,0.508928571],[0.00185701,0.754464286],[0.0,1.0],[0.113277623,0.908482143],[0.227483751,0.819196429],[0.341689879,0.729910714],[0.455896007,0.640625],[0.56174559,0.65625],[0.668523677,0.674107143],[0.775301764,0.691964286],[0.886722377,0.629464286],[0.99814299,0.569196429],[0.999071495,0.287946429],[1.0,0.008928571],[0.948932219,0.078125],[0.888579387,0.102678571],[0.828226555,0.127232143],[0.752089136,0.066964286],[0.708449396,0.002232143],[0.603528319,0.0],[0.499535747,0.0]],[[0.386503067,0.0],[0.134969325,0.051851852],[0.0,0.333333333],[0.159509202,0.711111111],[0.447852761,0.948148148],[0.73006135,1.0],[0.950920245,0.874074074],[1.0,0.562962963],[0.736196319,0.155555556],[0.386503067,0.0]],[[0.004069176,0.0],[0.002034588,0.144167759],[0.001017294,0.288335518],[0.0,0.432503277],[0.094608342,0.433813893],[0.190233978,0.435124509],[0.285859613,0.43774574],[0.284842319,0.576671035],[0.283825025,0.71559633],[0.282807731,0.854521625],[0.281790437,0.994757536],[0.399796541,0.994757536],[0.518819939,0.996068152],[0.637843337,0.997378768],[0.75584944,0.997378768],[0.874872838,0.998689384],[0.993896236,1.0],[0.995930824,0.836173001],[0.997965412,0.673656619],[1.0,0.598951507],[0.952187182,0.492791612],[0.892166836,0.360419397],[0.873855544,0.285714286],[0.774160732,0.285714286],[0.674465921,0.285714286],[0.575788403,0.285714286],[0.575788403,0.145478375],[0.575788403,0.00655308],[0.460834181,0.005242464],[0.346897253,0.003931848],[0.231943032,0.002621232],[0.118006104,0.001310616],[0.004069176,0.0]],[[0.0,0.0],[0.0,0.142526072],[0.0,0.285052144],[0.0,0.427578216],[0.0,0.571263036],[0.0,0.713789108],[0.0,0.85631518],[0.0,1.0],[0.435185185,1.0],[0.87037037,1.0],[0.888888889,0.85631518],[0.907407407,0.713789108],[0.925925926,0.571263036],[0.944444444,0.427578216],[0.962962963,0.285052144],[0.981481481,0.142526072],[1.0,0.0],[0.5,0.0],[0.0,0.0]]]	false	output/scratch-14/cell_local/proofs/246.json	0	4ed9cd801bdd70992a9b7bd090803ffae349515f87546f044b21157e68e99d72	disc-verified:resolved	0	2ee3456a9aeb8607b88be4edd989a2034dd7fdd6f7846369d9dbc4c8ff20e6ae	disc-verified:resolved	output/scratch-14/witnesses/0246_requirement.json	"{""background_ordinal"":15,""bbox_global_raw"":[3419952.5392384008,3420213.7526272014,3627943.3691136,3629058.3920639995],""branch"":""b"",""length"":34248,""n_coords"":58,""offset"":2806410336,""source_cell"":[0,834,885],""source_cell_sha256"":""c98706bf88c7c61dda8abc2b9db31accc75d366d8bad08653da143d812fd08e8"",""spool_data"":""output/extract_timing/spool/level_0.data"",""trigger"":{""cell_raw"":[4021.4331391975284,2.3920639995485544],""global_raw"":[3420085.4331391975,3629058.3920639995],""lat_lon"":[-31.5416545,116.0931811],""vertex"":18}}"	b	[0,834,885]	58	[3419952.539,3420213.753,3627943.369,3629058.392]	2	0	False	encoder_drops_clipped_source_sliver	other
0	2132	945	288	0	0	0	0	0	0	0	-1	-1	252	O01	1	1	[13]	[[-30.333333333333332,-30.25,156.625,156.75]]	[-30.333333333333332,-30.25,156.625,156.75]	c	"[{""bbox_cell"":[2132,2136,944,947],""branches"":[""c""],""leaf_path"":[1588],""n_coords"":13}]"	T2	[[[0.0,0.0],[0.0,0.33203125],[0.0,0.6640625],[0.0,1.0],[0.33203125,1.0],[0.6640625,1.0],[1.0,1.0],[1.0,0.6640625],[1.0,0.33203125],[1.0,0.0],[0.6640625,0.0],[0.33203125,0.0],[0.0,0.0]]]	true	output/scratch-14/cell_local/proofs/252.json	0	4ed9cd801bdd70992a9b7bd090803ffae349515f87546f044b21157e68e99d72	disc-verified:resolved	0	2ee3456a9aeb8607b88be4edd989a2034dd7fdd6f7846369d9dbc4c8ff20e6ae	disc-verified:resolved	output/scratch-14/witnesses/0252_requirement.json	"{""background_ordinal"":0,""bbox_global_raw"":[8733764.2622976,8733764.2622976,3696230.4,3876454.4065536],""branch"":""b"",""length"":216,""n_coords"":4,""offset"":2956623328,""source_cell"":[0,2132,935],""source_cell_sha256"":""0f741ac2078b5670d51b31fa7f4fa809eed787d607db9122d0f6b375c167859a"",""spool_data"":""output/extract_timing/spool/level_0.data"",""trigger"":{""cell_raw"":[1092.2622976005077,3866.7681791996583],""global_raw"":[8733764.2622976,3874586.7681791997],""lat_lon"":[-30.2928326,156.6333333],""vertex"":1}}"	b	[0,2132,935]	4	[8733764.262,8733764.262,3696230.4,3876454.407]	3	0	False	encoder_drops_clipped_source_sliver	east
0	637	1017	288	0	0	0	0	0	0	0	-1	-1	262	O01	1	1	[13]	[[-28.833333333333332,-28.75,109.875,110.0]]	[-28.833333333333332,-28.75,109.875,110.0]	c	"[{""bbox_cell"":[636,640,1016,1019],""branches"":[""c""],""leaf_path"":[1853],""n_coords"":13}]"	T1	[[[1.0,0.0],[0.6640625,0.0],[0.33203125,0.0],[0.0,0.0],[0.0,0.33203125],[0.0,0.6640625],[0.0,1.0],[0.33203125,1.0],[0.6640625,1.0],[1.0,1.0],[1.0,0.6640625],[1.0,0.33203125],[1.0,0.0]]]	true	output/scratch-14/cell_local/proofs/262.json	0	4ed9cd801bdd70992a9b7bd090803ffae349515f87546f044b21157e68e99d72	disc-verified:resolved	0	2ee3456a9aeb8607b88be4edd989a2034dd7fdd6f7846369d9dbc4c8ff20e6ae	disc-verified:resolved	output/scratch-14/witnesses/0262_requirement.json	"{""background_ordinal"":0,""bbox_global_raw"":[2599994.405683201,2929459.1999999993,4168089.5999999996,4168089.5999999996],""branch"":""b"",""length"":472,""n_coords"":20,""offset"":3144477048,""source_cell"":[0,677,1017],""source_cell_sha256"":""acba9a048a6b71f24f4a6a4e0e7fe69dbe9477c6721334e485dc3298cc56ac35"",""spool_data"":""output/extract_timing/spool/level_0.data"",""trigger"":{""cell_raw"":[2456.171315200627,2457.5999999996275],""global_raw"":[2611608.1713152006,4168089.5999999996],""lat_lon"":[-28.8,109.9249891],""vertex"":17}}"	b	[0,677,1017]	20	[2599994.406,2929459.2,4168089.6,4168089.6]	3	0	False	encoder_drops_clipped_source_sliver	west
0	640	1017	288	0	0	0	0	0	0	0	-1	-1	263	O01	1	1	[13]	[[-28.833333333333332,-28.75,110.0,110.125]]	[-28.833333333333332,-28.75,110.0,110.125]	c	"[{""bbox_cell"":[640,644,1016,1019],""branches"":[""c""],""leaf_path"":[1824],""n_coords"":13}]"	T1	[[[1.0,0.0],[0.6640625,0.0],[0.33203125,0.0],[0.0,0.0],[0.0,0.33203125],[0.0,0.6640625],[0.0,1.0],[0.33203125,1.0],[0.6640625,1.0],[1.0,1.0],[1.0,0.6640625],[1.0,0.33203125],[1.0,0.0]]]	true	output/scratch-14/cell_local/proofs/263.json	0	4ed9cd801bdd70992a9b7bd090803ffae349515f87546f044b21157e68e99d72	disc-verified:resolved	0	2ee3456a9aeb8607b88be4edd989a2034dd7fdd6f7846369d9dbc4c8ff20e6ae	disc-verified:resolved	output/scratch-14/witnesses/0263_requirement.json	"{""background_ordinal"":0,""bbox_global_raw"":[2599994.405683201,2929459.1999999993,4168089.5999999996,4168089.5999999996],""branch"":""b"",""length"":472,""n_coords"":20,""offset"":3144477048,""source_cell"":[0,677,1017],""source_cell_sha256"":""acba9a048a6b71f24f4a6a4e0e7fe69dbe9477c6721334e485dc3298cc56ac35"",""spool_data"":""output/extract_timing/spool/level_0.data"",""trigger"":{""cell_raw"":[1809.5013887993991,2457.5999999996275],""global_raw"":[2623249.5013887994,4168089.5999999996],""lat_lon"":[-28.8,110.0138054],""vertex"":16}}"	b	[0,677,1017]	20	[2599994.406,2929459.2,4168089.6,4168089.6]	3	0	False	encoder_drops_clipped_source_sliver	west
0	645	1017	288	0	0	0	0	0	0	0	-1	-1	264	O01	1	1	[13]	[[-28.833333333333332,-28.75,110.125,110.25]]	[-28.833333333333332,-28.75,110.125,110.25]	c	"[{""bbox_cell"":[644,648,1016,1019],""branches"":[""c""],""leaf_path"":[1829],""n_coords"":13}]"	T2	[[[0.0,0.0],[0.0,0.33203125],[0.0,0.6640625],[0.0,1.0],[0.33203125,1.0],[0.6640625,1.0],[1.0,1.0],[1.0,0.6640625],[1.0,0.33203125],[1.0,0.0],[0.6640625,0.0],[0.33203125,0.0],[0.0,0.0]]]	true	output/scratch-14/cell_local/proofs/264.json	0	4ed9cd801bdd70992a9b7bd090803ffae349515f87546f044b21157e68e99d72	disc-verified:resolved	0	2ee3456a9aeb8607b88be4edd989a2034dd7fdd6f7846369d9dbc4c8ff20e6ae	disc-verified:resolved	output/scratch-14/witnesses/0264_requirement.json	"{""background_ordinal"":0,""bbox_global_raw"":[2599994.405683201,2929459.1999999993,4168089.5999999996,4168089.5999999996],""branch"":""b"",""length"":472,""n_coords"":20,""offset"":3144477048,""source_cell"":[0,677,1017],""source_cell_sha256"":""acba9a048a6b71f24f4a6a4e0e7fe69dbe9477c6721334e485dc3298cc56ac35"",""spool_data"":""output/extract_timing/spool/level_0.data"",""trigger"":{""cell_raw"":[1701.8257407993078,2457.5999999996275],""global_raw"":[2643621.8257407993,4168089.5999999996],""lat_lon"":[-28.8,110.1692339],""vertex"":15}}"	b	[0,677,1017]	20	[2599994.406,2929459.2,4168089.6,4168089.6]	3	0	False	encoder_drops_clipped_source_sliver	west
0	650	1017	288	0	0	0	0	0	0	0	-1	-1	265	O01	1	1	[13]	[[-28.833333333333332,-28.75,110.25,110.375]]	[-28.833333333333332,-28.75,110.25,110.375]	c	"[{""bbox_cell"":[648,652,1016,1019],""branches"":[""c""],""leaf_path"":[1834],""n_coords"":13}]"	T2	[[[0.0,0.0],[0.0,0.33203125],[0.0,0.6640625],[0.0,1.0],[0.33203125,1.0],[0.6640625,1.0],[1.0,1.0],[1.0,0.6640625],[1.0,0.33203125],[1.0,0.0],[0.6640625,0.0],[0.33203125,0.0],[0.0,0.0]]]	true	output/scratch-14/cell_local/proofs/265.json	0	4ed9cd801bdd70992a9b7bd090803ffae349515f87546f044b21157e68e99d72	disc-verified:resolved	0	2ee3456a9aeb8607b88be4edd989a2034dd7fdd6f7846369d9dbc4c8ff20e6ae	disc-verified:resolved	output/scratch-14/witnesses/0265_requirement.json	"{""background_ordinal"":0,""bbox_global_raw"":[2599994.405683201,2929459.1999999993,4168089.5999999996,4168089.5999999996],""branch"":""b"",""length"":472,""n_coords"":20,""offset"":3144477048,""source_cell"":[0,677,1017],""source_cell_sha256"":""acba9a048a6b71f24f4a6a4e0e7fe69dbe9477c6721334e485dc3298cc56ac35"",""spool_data"":""output/extract_timing/spool/level_0.data"",""trigger"":{""cell_raw"":[1594.1500927992165,2457.5999999996275],""global_raw"":[2663994.150092799,4168089.5999999996],""lat_lon"":[-28.8,110.3246624],""vertex"":14}}"	b	[0,677,1017]	20	[2599994.406,2929459.2,4168089.6,4168089.6]	3	0	False	encoder_drops_clipped_source_sliver	west
0	655	1017	288	0	0	0	0	0	0	0	-1	-1	266	O01	1	1	[13]	[[-28.833333333333332,-28.75,110.375,110.5]]	[-28.833333333333332,-28.75,110.375,110.5]	c	"[{""bbox_cell"":[652,656,1016,1019],""branches"":[""c""],""leaf_path"":[1839],""n_coords"":13}]"	T2	[[[0.0,0.0],[0.0,0.33203125],[0.0,0.6640625],[0.0,1.0],[0.33203125,1.0],[0.6640625,1.0],[1.0,1.0],[1.0,0.6640625],[1.0,0.33203125],[1.0,0.0],[0.6640625,0.0],[0.33203125,0.0],[0.0,0.0]]]	true	output/scratch-14/cell_local/proofs/266.json	0	4ed9cd801bdd70992a9b7bd090803ffae349515f87546f044b21157e68e99d72	disc-verified:resolved	0	2ee3456a9aeb8607b88be4edd989a2034dd7fdd6f7846369d9dbc4c8ff20e6ae	disc-verified:resolved	output/scratch-14/witnesses/0266_requirement.json	"{""background_ordinal"":0,""bbox_global_raw"":[2599994.405683201,2929459.1999999993,4168089.5999999996,4168089.5999999996],""branch"":""b"",""length"":472,""n_coords"":20,""offset"":3144477048,""source_cell"":[0,677,1017],""source_cell_sha256"":""acba9a048a6b71f24f4a6a4e0e7fe69dbe9477c6721334e485dc3298cc56ac35"",""spool_data"":""output/extract_timing/spool/level_0.data"",""trigger"":{""cell_raw"":[1486.4744447991252,2457.5999999996275],""global_raw"":[2684366.474444799,4168089.5999999996],""lat_lon"":[-28.8,110.4800909],""vertex"":13}}"	b	[0,677,1017]	20	[2599994.406,2929459.2,4168089.6,4168089.6]	3	0	False	encoder_drops_clipped_source_sliver	west
0	660	1017	288	0	0	0	0	0	0	0	-1	-1	267	O01	1	1	[13]	[[-28.833333333333332,-28.75,110.625,110.75]]	[-28.833333333333332,-28.75,110.625,110.75]	c	"[{""bbox_cell"":[660,664,1016,1019],""branches"":[""c""],""leaf_path"":[1844],""n_coords"":13}]"	T2	[[[0.0,0.0],[0.0,0.33203125],[0.0,0.6640625],[0.0,1.0],[0.33203125,1.0],[0.6640625,1.0],[1.0,1.0],[1.0,0.6640625],[1.0,0.33203125],[1.0,0.0],[0.6640625,0.0],[0.33203125,0.0],[0.0,0.0]]]	true	output/scratch-14/cell_local/proofs/267.json	0	4ed9cd801bdd70992a9b7bd090803ffae349515f87546f044b21157e68e99d72	disc-verified:resolved	0	2ee3456a9aeb8607b88be4edd989a2034dd7fdd6f7846369d9dbc4c8ff20e6ae	disc-verified:resolved	output/scratch-14/witnesses/0267_requirement.json	"{""background_ordinal"":0,""bbox_global_raw"":[2599994.405683201,2929459.1999999993,4168089.5999999996,4168089.5999999996],""branch"":""b"",""length"":472,""n_coords"":20,""offset"":3144477048,""source_cell"":[0,677,1017],""source_cell_sha256"":""acba9a048a6b71f24f4a6a4e0e7fe69dbe9477c6721334e485dc3298cc56ac35"",""spool_data"":""output/extract_timing/spool/level_0.data"",""trigger"":{""cell_raw"":[1378.7987968027592,2457.5999999996275],""global_raw"":[2704738.7987968028,4168089.5999999996],""lat_lon"":[-28.8,110.6355194],""vertex"":12}}"	b	[0,677,1017]	20	[2599994.406,2929459.2,4168089.6,4168089.6]	3	0	False	encoder_drops_clipped_source_sliver	west
0	665	1017	288	0	0	0	0	0	0	0	-1	-1	268	O01	1	1	[13]	[[-28.833333333333332,-28.75,110.75,110.875]]	[-28.833333333333332,-28.75,110.75,110.875]	c	"[{""bbox_cell"":[664,668,1016,1019],""branches"":[""c""],""leaf_path"":[1849],""n_coords"":13}]"	T2	[[[0.0,0.0],[0.0,0.33203125],[0.0,0.6640625],[0.0,1.0],[0.33203125,1.0],[0.6640625,1.0],[1.0,1.0],[1.0,0.6640625],[1.0,0.33203125],[1.0,0.0],[0.6640625,0.0],[0.33203125,0.0],[0.0,0.0]]]	true	output/scratch-14/cell_local/proofs/268.json	0	4ed9cd801bdd70992a9b7bd090803ffae349515f87546f044b21157e68e99d72	disc-verified:resolved	0	2ee3456a9aeb8607b88be4edd989a2034dd7fdd6f7846369d9dbc4c8ff20e6ae	disc-verified:resolved	output/scratch-14/witnesses/0268_requirement.json	"{""background_ordinal"":0,""bbox_global_raw"":[2599994.405683201,2929459.1999999993,4168089.5999999996,4168089.5999999996],""branch"":""b"",""length"":472,""n_coords"":20,""offset"":3144477048,""source_cell"":[0,677,1017],""source_cell_sha256"":""acba9a048a6b71f24f4a6a4e0e7fe69dbe9477c6721334e485dc3298cc56ac35"",""spool_data"":""output/extract_timing/spool/level_0.data"",""trigger"":{""cell_raw"":[1271.1231487989426,2457.5999999996275],""global_raw"":[2725111.123148799,4168089.5999999996],""lat_lon"":[-28.8,110.7909479],""vertex"":11}}"	b	[0,677,1017]	20	[2599994.406,2929459.2,4168089.6,4168089.6]	3	0	False	encoder_drops_clipped_source_sliver	west
0	670	1017	288	0	0	0	0	0	0	0	-1	-1	269	O01	1	1	[13]	[[-28.833333333333332,-28.75,110.875,111.0]]	[-28.833333333333332,-28.75,110.875,111.0]	c	"[{""bbox_cell"":[668,672,1016,1019],""branches"":[""c""],""leaf_path"":[1854],""n_coords"":13}]"	T1	[[[1.0,0.0],[0.6640625,0.0],[0.33203125,0.0],[0.0,0.0],[0.0,0.33203125],[0.0,0.6640625],[0.0,1.0],[0.33203125,1.0],[0.6640625,1.0],[1.0,1.0],[1.0,0.6640625],[1.0,0.33203125],[1.0,0.0]]]	true	output/scratch-14/cell_local/proofs/269.json	0	4ed9cd801bdd70992a9b7bd090803ffae349515f87546f044b21157e68e99d72	disc-verified:resolved	0	2ee3456a9aeb8607b88be4edd989a2034dd7fdd6f7846369d9dbc4c8ff20e6ae	disc-verified:resolved	output/scratch-14/witnesses/0269_requirement.json	"{""background_ordinal"":0,""bbox_global_raw"":[2599994.405683201,2929459.1999999993,4168089.5999999996,4168089.5999999996],""branch"":""b"",""length"":472,""n_coords"":20,""offset"":3144477048,""source_cell"":[0,677,1017],""source_cell_sha256"":""acba9a048a6b71f24f4a6a4e0e7fe69dbe9477c6721334e485dc3298cc56ac35"",""spool_data"":""output/extract_timing/spool/level_0.data"",""trigger"":{""cell_raw"":[1163.460607998073,2457.5999999996275],""global_raw"":[2745483.460607998,4168089.5999999996],""lat_lon"":[-28.8,110.9463765],""vertex"":10}}"	b	[0,677,1017]	20	[2599994.406,2929459.2,4168089.6,4168089.6]	3	0	False	encoder_drops_clipped_source_sliver	west
0	675	1017	288	0	0	0	0	0	0	0	-1	-1	270	O01	1	1	[13]	[[-28.833333333333332,-28.75,111.0,111.125]]	[-28.833333333333332,-28.75,111.0,111.125]	c	"[{""bbox_cell"":[672,676,1016,1019],""branches"":[""c""],""leaf_path"":[1827],""n_coords"":13}]"	T1	[[[1.0,0.0],[0.6640625,0.0],[0.33203125,0.0],[0.0,0.0],[0.0,0.33203125],[0.0,0.6640625],[0.0,1.0],[0.33203125,1.0],[0.6640625,1.0],[1.0,1.0],[1.0,0.6640625],[1.0,0.33203125],[1.0,0.0]]]	true	output/scratch-14/cell_local/proofs/270.json	0	4ed9cd801bdd70992a9b7bd090803ffae349515f87546f044b21157e68e99d72	disc-verified:resolved	0	2ee3456a9aeb8607b88be4edd989a2034dd7fdd6f7846369d9dbc4c8ff20e6ae	disc-verified:resolved	output/scratch-14/witnesses/0270_requirement.json	"{""background_ordinal"":0,""bbox_global_raw"":[2599994.405683201,2929459.1999999993,4168089.5999999996,4168089.5999999996],""branch"":""b"",""length"":472,""n_coords"":20,""offset"":3144477048,""source_cell"":[0,677,1017],""source_cell_sha256"":""acba9a048a6b71f24f4a6a4e0e7fe69dbe9477c6721334e485dc3298cc56ac35"",""spool_data"":""output/extract_timing/spool/level_0.data"",""trigger"":{""cell_raw"":[1055.784960001707,2457.5999999996275],""global_raw"":[2765855.7849600017,4168089.5999999996],""lat_lon"":[-28.8,111.101805],""vertex"":9}}"	b	[0,677,1017]	20	[2599994.406,2929459.2,4168089.6,4168089.6]	3	0	False	encoder_drops_clipped_source_sliver	west
0	680	1017	288	0	0	0	0	0	0	0	-1	-1	271	O01	1	1	[13]	[[-28.833333333333332,-28.75,111.25,111.375]]	[-28.833333333333332,-28.75,111.25,111.375]	c	"[{""bbox_cell"":[680,684,1016,1019],""branches"":[""c""],""leaf_path"":[1832],""n_coords"":13}]"	T2	[[[0.0,0.0],[0.0,0.33203125],[0.0,0.6640625],[0.0,1.0],[0.33203125,1.0],[0.6640625,1.0],[1.0,1.0],[1.0,0.6640625],[1.0,0.33203125],[1.0,0.0],[0.6640625,0.0],[0.33203125,0.0],[0.0,0.0]]]	true	output/scratch-14/cell_local/proofs/271.json	0	4ed9cd801bdd70992a9b7bd090803ffae349515f87546f044b21157e68e99d72	disc-verified:resolved	0	2ee3456a9aeb8607b88be4edd989a2034dd7fdd6f7846369d9dbc4c8ff20e6ae	disc-verified:resolved	output/scratch-14/witnesses/0271_requirement.json	"{""background_ordinal"":0,""bbox_global_raw"":[2599994.405683201,2929459.1999999993,4168089.5999999996,4168089.5999999996],""branch"":""b"",""length"":472,""n_coords"":20,""offset"":3144477048,""source_cell"":[0,677,1017],""source_cell_sha256"":""acba9a048a6b71f24f4a6a4e0e7fe69dbe9477c6721334e485dc3298cc56ac35"",""spool_data"":""output/extract_timing/spool/level_0.data"",""trigger"":{""cell_raw"":[948.1093119978905,2457.5999999996275],""global_raw"":[2786228.109311998,4168089.5999999996],""lat_lon"":[-28.8,111.2572335],""vertex"":8}}"	b	[0,677,1017]	20	[2599994.406,2929459.2,4168089.6,4168089.6]	3	0	False	encoder_drops_clipped_source_sliver	west
0	685	1017	288	0	0	0	0	0	0	0	-1	-1	272	O01	1	1	[13]	[[-28.833333333333332,-28.75,111.375,111.5]]	[-28.833333333333332,-28.75,111.375,111.5]	c	"[{""bbox_cell"":[684,688,1016,1019],""branches"":[""c""],""leaf_path"":[1837],""n_coords"":13}]"	T2	[[[0.0,0.0],[0.0,0.33203125],[0.0,0.6640625],[0.0,1.0],[0.33203125,1.0],[0.6640625,1.0],[1.0,1.0],[1.0,0.6640625],[1.0,0.33203125],[1.0,0.0],[0.6640625,0.0],[0.33203125,0.0],[0.0,0.0]]]	true	output/scratch-14/cell_local/proofs/272.json	0	4ed9cd801bdd70992a9b7bd090803ffae349515f87546f044b21157e68e99d72	disc-verified:resolved	0	2ee3456a9aeb8607b88be4edd989a2034dd7fdd6f7846369d9dbc4c8ff20e6ae	disc-verified:resolved	output/scratch-14/witnesses/0272_requirement.json	"{""background_ordinal"":0,""bbox_global_raw"":[2599994.405683201,2929459.1999999993,4168089.5999999996,4168089.5999999996],""branch"":""b"",""length"":472,""n_coords"":20,""offset"":3144477048,""source_cell"":[0,677,1017],""source_cell_sha256"":""acba9a048a6b71f24f4a6a4e0e7fe69dbe9477c6721334e485dc3298cc56ac35"",""spool_data"":""output/extract_timing/spool/level_0.data"",""trigger"":{""cell_raw"":[840.4336640015244,2457.5999999996275],""global_raw"":[2806600.4336640015,4168089.5999999996],""lat_lon"":[-28.8,111.412662],""vertex"":7}}"	b	[0,677,1017]	20	[2599994.406,2929459.2,4168089.6,4168089.6]	3	0	False	encoder_drops_clipped_source_sliver	west
0	690	1017	288	0	0	0	0	0	0	0	-1	-1	273	O01	1	1	[13]	[[-28.833333333333332,-28.75,111.5,111.625]]	[-28.833333333333332,-28.75,111.5,111.625]	c	"[{""bbox_cell"":[688,692,1016,1019],""branches"":[""c""],""leaf_path"":[1842],""n_coords"":13}]"	T2	[[[0.0,0.0],[0.0,0.33203125],[0.0,0.6640625],[0.0,1.0],[0.33203125,1.0],[0.6640625,1.0],[1.0,1.0],[1.0,0.6640625],[1.0,0.33203125],[1.0,0.0],[0.6640625,0.0],[0.33203125,0.0],[0.0,0.0]]]	true	output/scratch-14/cell_local/proofs/273.json	0	4ed9cd801bdd70992a9b7bd090803ffae349515f87546f044b21157e68e99d72	disc-verified:resolved	0	2ee3456a9aeb8607b88be4edd989a2034dd7fdd6f7846369d9dbc4c8ff20e6ae	disc-verified:resolved	output/scratch-14/witnesses/0273_requirement.json	"{""background_ordinal"":0,""bbox_global_raw"":[2599994.405683201,2929459.1999999993,4168089.5999999996,4168089.5999999996],""branch"":""b"",""length"":472,""n_coords"":20,""offset"":3144477048,""source_cell"":[0,677,1017],""source_cell_sha256"":""acba9a048a6b71f24f4a6a4e0e7fe69dbe9477c6721334e485dc3298cc56ac35"",""spool_data"":""output/extract_timing/spool/level_0.data"",""trigger"":{""cell_raw"":[732.7580159977078,2457.5999999996275],""global_raw"":[2826972.7580159977,4168089.5999999996],""lat_lon"":[-28.8,111.5680905],""vertex"":6}}"	b	[0,677,1017]	20	[2599994.406,2929459.2,4168089.6,4168089.6]	3	0	False	encoder_drops_clipped_source_sliver	west
0	695	1017	288	0	0	0	0	0	0	0	-1	-1	274	O01	1	1	[13]	[[-28.833333333333332,-28.75,111.625,111.75]]	[-28.833333333333332,-28.75,111.625,111.75]	c	"[{""bbox_cell"":[692,696,1016,1019],""branches"":[""c""],""leaf_path"":[1847],""n_coords"":13}]"	T2	[[[0.0,0.0],[0.0,0.33203125],[0.0,0.6640625],[0.0,1.0],[0.33203125,1.0],[0.6640625,1.0],[1.0,1.0],[1.0,0.6640625],[1.0,0.33203125],[1.0,0.0],[0.6640625,0.0],[0.33203125,0.0],[0.0,0.0]]]	true	output/scratch-14/cell_local/proofs/274.json	0	4ed9cd801bdd70992a9b7bd090803ffae349515f87546f044b21157e68e99d72	disc-verified:resolved	0	2ee3456a9aeb8607b88be4edd989a2034dd7fdd6f7846369d9dbc4c8ff20e6ae	disc-verified:resolved	output/scratch-14/witnesses/0274_requirement.json	"{""background_ordinal"":0,""bbox_global_raw"":[2599994.405683201,2929459.1999999993,4168089.5999999996,4168089.5999999996],""branch"":""b"",""length"":472,""n_coords"":20,""offset"":3144477048,""source_cell"":[0,677,1017],""source_cell_sha256"":""acba9a048a6b71f24f4a6a4e0e7fe69dbe9477c6721334e485dc3298cc56ac35"",""spool_data"":""output/extract_timing/spool/level_0.data"",""trigger"":{""cell_raw"":[625.0823680013418,2457.5999999996275],""global_raw"":[2847345.0823680013,4168089.5999999996],""lat_lon"":[-28.8,111.723519],""vertex"":5}}"	b	[0,677,1017]	20	[2599994.406,2929459.2,4168089.6,4168089.6]	3	0	False	encoder_drops_clipped_source_sliver	west
0	700	1017	288	0	0	0	0	0	0	0	-1	-1	275	O01	1	1	[13]	[[-28.833333333333332,-28.75,111.875,112.0]]	[-28.833333333333332,-28.75,111.875,112.0]	c	"[{""bbox_cell"":[700,704,1016,1019],""branches"":[""c""],""leaf_path"":[1852],""n_coords"":13}]"	T1	[[[1.0,0.0],[0.6640625,0.0],[0.33203125,0.0],[0.0,0.0],[0.0,0.33203125],[0.0,0.6640625],[0.0,1.0],[0.33203125,1.0],[0.6640625,1.0],[1.0,1.0],[1.0,0.6640625],[1.0,0.33203125],[1.0,0.0]]]	true	output/scratch-14/cell_local/proofs/275.json	0	4ed9cd801bdd70992a9b7bd090803ffae349515f87546f044b21157e68e99d72	disc-verified:resolved	0	2ee3456a9aeb8607b88be4edd989a2034dd7fdd6f7846369d9dbc4c8ff20e6ae	disc-verified:resolved	output/scratch-14/witnesses/0275_requirement.json	"{""background_ordinal"":0,""bbox_global_raw"":[2599994.405683201,2929459.1999999993,4168089.5999999996,4168089.5999999996],""branch"":""b"",""length"":472,""n_coords"":20,""offset"":3144477048,""source_cell"":[0,677,1017],""source_cell_sha256"":""acba9a048a6b71f24f4a6a4e0e7fe69dbe9477c6721334e485dc3298cc56ac35"",""spool_data"":""output/extract_timing/spool/level_0.data"",""trigger"":{""cell_raw"":[517.4198272004724,2457.5999999996275],""global_raw"":[2867717.4198272005,4168089.5999999996],""lat_lon"":[-28.8,111.8789476],""vertex"":4}}"	b	[0,677,1017]	20	[2599994.406,2929459.2,4168089.6,4168089.6]	3	0	False	encoder_drops_clipped_source_sliver	west
0	705	1017	288	0	0	0	0	0	0	0	-1	-1	276	O01	1	1	[13]	[[-28.833333333333332,-28.75,112.0,112.125]]	[-28.833333333333332,-28.75,112.0,112.125]	c	"[{""bbox_cell"":[704,708,1016,1019],""branches"":[""c""],""leaf_path"":[1825],""n_coords"":13}]"	T1	[[[1.0,0.0],[0.6640625,0.0],[0.33203125,0.0],[0.0,0.0],[0.0,0.33203125],[0.0,0.6640625],[0.0,1.0],[0.33203125,1.0],[0.6640625,1.0],[1.0,1.0],[1.0,0.6640625],[1.0,0.33203125],[1.0,0.0]]]	true	output/scratch-14/cell_local/proofs/276.json	0	4ed9cd801bdd70992a9b7bd090803ffae349515f87546f044b21157e68e99d72	disc-verified:resolved	0	2ee3456a9aeb8607b88be4edd989a2034dd7fdd6f7846369d9dbc4c8ff20e6ae	disc-verified:resolved	output/scratch-14/witnesses/0276_requirement.json	"{""background_ordinal"":0,""bbox_global_raw"":[2599994.405683201,2929459.1999999993,4168089.5999999996,4168089.5999999996],""branch"":""b"",""length"":472,""n_coords"":20,""offset"":3144477048,""source_cell"":[0,677,1017],""source_cell_sha256"":""acba9a048a6b71f24f4a6a4e0e7fe69dbe9477c6721334e485dc3298cc56ac35"",""spool_data"":""output/extract_timing/spool/level_0.data"",""trigger"":{""cell_raw"":[409.74417920038104,2457.5999999996275],""global_raw"":[2888089.7441792004,4168089.5999999996],""lat_lon"":[-28.8,112.0343761],""vertex"":3}}"	b	[0,677,1017]	20	[2599994.406,2929459.2,4168089.6,4168089.6]	3	0	False	encoder_drops_clipped_source_sliver	west
0	710	1017	288	0	0	0	0	0	0	0	-1	-1	277	O01	1	1	[13]	[[-28.833333333333332,-28.75,112.125,112.25]]	[-28.833333333333332,-28.75,112.125,112.25]	c	"[{""bbox_cell"":[708,712,1016,1019],""branches"":[""c""],""leaf_path"":[1830],""n_coords"":13}]"	T2	[[[0.0,0.0],[0.0,0.33203125],[0.0,0.6640625],[0.0,1.0],[0.33203125,1.0],[0.6640625,1.0],[1.0,1.0],[1.0,0.6640625],[1.0,0.33203125],[1.0,0.0],[0.6640625,0.0],[0.33203125,0.0],[0.0,0.0]]]	true	output/scratch-14/cell_local/proofs/277.json	0	4ed9cd801bdd70992a9b7bd090803ffae349515f87546f044b21157e68e99d72	disc-verified:resolved	0	2ee3456a9aeb8607b88be4edd989a2034dd7fdd6f7846369d9dbc4c8ff20e6ae	disc-verified:resolved	output/scratch-14/witnesses/0277_requirement.json	"{""background_ordinal"":0,""bbox_global_raw"":[2599994.405683201,2929459.1999999993,4168089.5999999996,4168089.5999999996],""branch"":""b"",""length"":472,""n_coords"":20,""offset"":3144477048,""source_cell"":[0,677,1017],""source_cell_sha256"":""acba9a048a6b71f24f4a6a4e0e7fe69dbe9477c6721334e485dc3298cc56ac35"",""spool_data"":""output/extract_timing/spool/level_0.data"",""trigger"":{""cell_raw"":[302.0685312002897,2457.5999999996275],""global_raw"":[2908462.0685312003,4168089.5999999996],""lat_lon"":[-28.8,112.1898046],""vertex"":2}}"	b	[0,677,1017]	20	[2599994.406,2929459.2,4168089.6,4168089.6]	3	0	False	encoder_drops_clipped_source_sliver	west
0	718	1017	288	0	0	0	0	0	0	0	-1	-1	278	O01	1	1	[13]	[[-28.833333333333332,-28.75,112.375,112.5]]	[-28.833333333333332,-28.75,112.375,112.5]	c	"[{""bbox_cell"":[716,720,1016,1019],""branches"":[""c""],""leaf_path"":[1838],""n_coords"":13}]"	T2	[[[0.0,0.0],[0.0,0.33203125],[0.0,0.6640625],[0.0,1.0],[0.33203125,1.0],[0.6640625,1.0],[1.0,1.0],[1.0,0.6640625],[1.0,0.33203125],[1.0,0.0],[0.6640625,0.0],[0.33203125,0.0],[0.0,0.0]]]	true	output/scratch-14/cell_local/proofs/278.json	0	4ed9cd801bdd70992a9b7bd090803ffae349515f87546f044b21157e68e99d72	disc-verified:resolved	0	2ee3456a9aeb8607b88be4edd989a2034dd7fdd6f7846369d9dbc4c8ff20e6ae	disc-verified:resolved	output/scratch-14/witnesses/0278_requirement.json	"{""background_ordinal"":0,""bbox_global_raw"":[2929459.1999999993,2958950.3999999985,4168089.5999999996,4168089.5999999996],""branch"":""b"",""length"":232,""n_coords"":5,""offset"":3144477520,""source_cell"":[0,720,1017],""source_cell_sha256"":""bdba56680955e6a3fbad95ce7e9b9e9a0fb4b0cc730eb704f460a94c4fc85498"",""spool_data"":""output/extract_timing/spool/level_0.data"",""trigger"":{""cell_raw"":[2458.058752000332,2457.5999999996275],""global_raw"":[2943386.0587520003,4168089.5999999996],""lat_lon"":[-28.8,112.4562535],""vertex"":2}}"	b	[0,720,1017]	5	[2929459.2,2958950.4,4168089.6,4168089.6]	3	0	False	encoder_drops_clipped_source_sliver	west
0	622	1142	288	0	0	0	0	0	0	0	-1	-1	339	O01	1	1	[13]	[[-26.25,-26.166666666666668,109.375,109.5]]	[-26.25,-26.166666666666668,109.375,109.5]	c	"[{""bbox_cell"":[620,624,1139,1143],""branches"":[""c""],""leaf_path"":[1742],""n_coords"":13}]"	T2	[[[0.0,0.0],[0.0,0.33203125],[0.0,0.6640625],[0.0,1.0],[0.33203125,1.0],[0.6640625,1.0],[1.0,1.0],[1.0,0.6640625],[1.0,0.33203125],[1.0,0.0],[0.6640625,0.0],[0.33203125,0.0],[0.0,0.0]]]	true	output/scratch-14/cell_local/proofs/339.json	0	4ed9cd801bdd70992a9b7bd090803ffae349515f87546f044b21157e68e99d72	disc-verified:resolved	0	2ee3456a9aeb8607b88be4edd989a2034dd7fdd6f7846369d9dbc4c8ff20e6ae	disc-verified:resolved	output/scratch-14/witnesses/0339_requirement.json	"{""background_ordinal"":0,""bbox_global_raw"":[2527557.5959552005,2673868.8000000007,4679270.399999999,4679270.399999999],""branch"":""b"",""length"":328,""n_coords"":11,""offset"":3647635536,""source_cell"":[0,638,1142],""source_cell_sha256"":""c091751c7781c027823f5f7854b2aafbdf3c291e0897ef0f7a1bf5b0c5e17c87"",""spool_data"":""output/extract_timing/spool/level_0.data"",""trigger"":{""cell_raw"":[328.8989695981145,1638.3999999994412],""global_raw"":[2548040.898969598,4679270.399999999],""lat_lon"":[-26.2,109.4400093],""vertex"":8}}"	b	[0,638,1142]	11	[2527557.596,2673868.8,4679270.4,4679270.4]	3	0	False	encoder_drops_clipped_source_sliver	west
0	626	1142	288	0	0	0	0	0	0	0	-1	-1	340	O01	1	1	[13]	[[-26.25,-26.166666666666668,109.5,109.625]]	[-26.25,-26.166666666666668,109.5,109.625]	c	"[{""bbox_cell"":[624,628,1139,1143],""branches"":[""c""],""leaf_path"":[1746],""n_coords"":13}]"	T2	[[[0.0,0.0],[0.0,0.33203125],[0.0,0.6640625],[0.0,1.0],[0.33203125,1.0],[0.6640625,1.0],[1.0,1.0],[1.0,0.6640625],[1.0,0.33203125],[1.0,0.0],[0.6640625,0.0],[0.33203125,0.0],[0.0,0.0]]]	true	output/scratch-14/cell_local/proofs/340.json	0	4ed9cd801bdd70992a9b7bd090803ffae349515f87546f044b21157e68e99d72	disc-verified:resolved	0	2ee3456a9aeb8607b88be4edd989a2034dd7fdd6f7846369d9dbc4c8ff20e6ae	disc-verified:resolved	output/scratch-14/witnesses/0340_requirement.json	"{""background_ordinal"":0,""bbox_global_raw"":[2527557.5959552005,2673868.8000000007,4679270.399999999,4679270.399999999],""branch"":""b"",""length"":328,""n_coords"":11,""offset"":3647635536,""source_cell"":[0,638,1142],""source_cell_sha256"":""c091751c7781c027823f5f7854b2aafbdf3c291e0897ef0f7a1bf5b0c5e17c87"",""spool_data"":""output/extract_timing/spool/level_0.data"",""trigger"":{""cell_raw"":[1502.294835202396,1638.3999999994412],""global_raw"":[2565598.2948352024,4679270.399999999],""lat_lon"":[-26.2,109.5739616],""vertex"":7}}"	b	[0,638,1142]	11	[2527557.596,2673868.8,4679270.4,4679270.4]	3	0	False	encoder_drops_clipped_source_sliver	west
0	630	1142	288	0	0	0	0	0	0	0	-1	-1	341	O01	1	1	[13]	[[-26.25,-26.166666666666668,109.625,109.75]]	[-26.25,-26.166666666666668,109.625,109.75]	c	"[{""bbox_cell"":[628,632,1139,1143],""branches"":[""c""],""leaf_path"":[1750],""n_coords"":13}]"	T2	[[[0.0,0.0],[0.0,0.33203125],[0.0,0.6640625],[0.0,1.0],[0.33203125,1.0],[0.6640625,1.0],[1.0,1.0],[1.0,0.6640625],[1.0,0.33203125],[1.0,0.0],[0.6640625,0.0],[0.33203125,0.0],[0.0,0.0]]]	true	output/scratch-14/cell_local/proofs/341.json	0	4ed9cd801bdd70992a9b7bd090803ffae349515f87546f044b21157e68e99d72	disc-verified:resolved	0	2ee3456a9aeb8607b88be4edd989a2034dd7fdd6f7846369d9dbc4c8ff20e6ae	disc-verified:resolved	output/scratch-14/witnesses/0341_requirement.json	"{""background_ordinal"":0,""bbox_global_raw"":[2527557.5959552005,2673868.8000000007,4679270.399999999,4679270.399999999],""branch"":""b"",""length"":328,""n_coords"":11,""offset"":3647635536,""source_cell"":[0,638,1142],""source_cell_sha256"":""c091751c7781c027823f5f7854b2aafbdf3c291e0897ef0f7a1bf5b0c5e17c87"",""spool_data"":""output/extract_timing/spool/level_0.data"",""trigger"":{""cell_raw"":[2675.703808002174,1638.3999999994412],""global_raw"":[2583155.703808002,4679270.399999999],""lat_lon"":[-26.2,109.707914],""vertex"":6}}"	b	[0,638,1142]	11	[2527557.596,2673868.8,4679270.4,4679270.4]	3	0	False	encoder_drops_clipped_source_sliver	west
0	634	1142	288	0	0	0	0	0	0	0	-1	-1	342	O01	1	1	[13]	[[-26.25,-26.166666666666668,109.75,109.875]]	[-26.25,-26.166666666666668,109.75,109.875]	c	"[{""bbox_cell"":[632,636,1139,1143],""branches"":[""c""],""leaf_path"":[1754],""n_coords"":13}]"	T2	[[[0.0,0.0],[0.0,0.33203125],[0.0,0.6640625],[0.0,1.0],[0.33203125,1.0],[0.6640625,1.0],[1.0,1.0],[1.0,0.6640625],[1.0,0.33203125],[1.0,0.0],[0.6640625,0.0],[0.33203125,0.0],[0.0,0.0]]]	true	output/scratch-14/cell_local/proofs/342.json	0	4ed9cd801bdd70992a9b7bd090803ffae349515f87546f044b21157e68e99d72	disc-verified:resolved	0	2ee3456a9aeb8607b88be4edd989a2034dd7fdd6f7846369d9dbc4c8ff20e6ae	disc-verified:resolved	output/scratch-14/witnesses/0342_requirement.json	"{""background_ordinal"":0,""bbox_global_raw"":[2527557.5959552005,2673868.8000000007,4679270.399999999,4679270.399999999],""branch"":""b"",""length"":328,""n_coords"":11,""offset"":3647635536,""source_cell"":[0,638,1142],""source_cell_sha256"":""c091751c7781c027823f5f7854b2aafbdf3c291e0897ef0f7a1bf5b0c5e17c87"",""spool_data"":""output/extract_timing/spool/level_0.data"",""trigger"":{""cell_raw"":[3849.0996735990047,1638.3999999994412],""global_raw"":[2600713.099673599,4679270.399999999],""lat_lon"":[-26.2,109.8418663],""vertex"":5}}"	b	[0,638,1142]	11	[2527557.596,2673868.8,4679270.4,4679270.4]	3	0	False	encoder_drops_clipped_source_sliver	west
0	639	1142	288	0	0	0	0	0	0	0	-1	-1	343	O01	1	1	[13]	[[-26.25,-26.166666666666668,109.875,110.0]]	[-26.25,-26.166666666666668,109.875,110.0]	c	"[{""bbox_cell"":[636,640,1139,1143],""branches"":[""c""],""leaf_path"":[1759],""n_coords"":13}]"	T1	[[[1.0,0.0],[0.6640625,0.0],[0.33203125,0.0],[0.0,0.0],[0.0,0.33203125],[0.0,0.6640625],[0.0,1.0],[0.33203125,1.0],[0.6640625,1.0],[1.0,1.0],[1.0,0.6640625],[1.0,0.33203125],[1.0,0.0]]]	true	output/scratch-14/cell_local/proofs/343.json	0	4ed9cd801bdd70992a9b7bd090803ffae349515f87546f044b21157e68e99d72	disc-verified:resolved	0	2ee3456a9aeb8607b88be4edd989a2034dd7fdd6f7846369d9dbc4c8ff20e6ae	disc-verified:resolved	output/scratch-14/witnesses/0343_requirement.json	"{""background_ordinal"":0,""bbox_global_raw"":[2527557.5959552005,2673868.8000000007,4679270.399999999,4679270.399999999],""branch"":""b"",""length"":328,""n_coords"":11,""offset"":3647635536,""source_cell"":[0,638,1142],""source_cell_sha256"":""c091751c7781c027823f5f7854b2aafbdf3c291e0897ef0f7a1bf5b0c5e17c87"",""spool_data"":""output/extract_timing/spool/level_0.data"",""trigger"":{""cell_raw"":[926.5086463987827,1638.3999999994412],""global_raw"":[2618270.508646399,4679270.399999999],""lat_lon"":[-26.2,109.9758187],""vertex"":4}}"	b	[0,638,1142]	11	[2527557.596,2673868.8,4679270.4,4679270.4]	3	0	False	encoder_drops_clipped_source_sliver	west
0	643	1142	288	0	0	0	0	0	0	0	-1	-1	344	O01	1	1	[13]	[[-26.25,-26.166666666666668,110.0,110.125]]	[-26.25,-26.166666666666668,110.0,110.125]	c	"[{""bbox_cell"":[640,644,1139,1143],""branches"":[""c""],""leaf_path"":[1731],""n_coords"":13}]"	T1	[[[1.0,0.0],[0.6640625,0.0],[0.33203125,0.0],[0.0,0.0],[0.0,0.33203125],[0.0,0.6640625],[0.0,1.0],[0.33203125,1.0],[0.6640625,1.0],[1.0,1.0],[1.0,0.6640625],[1.0,0.33203125],[1.0,0.0]]]	true	output/scratch-14/cell_local/proofs/344.json	0	4ed9cd801bdd70992a9b7bd090803ffae349515f87546f044b21157e68e99d72	disc-verified:resolved	0	2ee3456a9aeb8607b88be4edd989a2034dd7fdd6f7846369d9dbc4c8ff20e6ae	disc-verified:resolved	output/scratch-14/witnesses/0344_requirement.json	"{""background_ordinal"":0,""bbox_global_raw"":[2527557.5959552005,2673868.8000000007,4679270.399999999,4679270.399999999],""branch"":""b"",""length"":328,""n_coords"":11,""offset"":3647635536,""source_cell"":[0,638,1142],""source_cell_sha256"":""c091751c7781c027823f5f7854b2aafbdf3c291e0897ef0f7a1bf5b0c5e17c87"",""spool_data"":""output/extract_timing/spool/level_0.data"",""trigger"":{""cell_raw"":[2099.904511999339,1638.3999999994412],""global_raw"":[2635827.9045119993,4679270.399999999],""lat_lon"":[-26.2,110.109771],""vertex"":3}}"	b	[0,638,1142]	11	[2527557.596,2673868.8,4679270.4,4679270.4]	3	0	False	encoder_drops_clipped_source_sliver	west
0	647	1142	288	0	0	0	0	0	0	0	-1	-1	345	O01	1	1	[13]	[[-26.25,-26.166666666666668,110.125,110.25]]	[-26.25,-26.166666666666668,110.125,110.25]	c	"[{""bbox_cell"":[644,648,1139,1143],""branches"":[""c""],""leaf_path"":[1735],""n_coords"":13}]"	T2	[[[0.0,0.0],[0.0,0.33203125],[0.0,0.6640625],[0.0,1.0],[0.33203125,1.0],[0.6640625,1.0],[1.0,1.0],[1.0,0.6640625],[1.0,0.33203125],[1.0,0.0],[0.6640625,0.0],[0.33203125,0.0],[0.0,0.0]]]	true	output/scratch-14/cell_local/proofs/345.json	0	4ed9cd801bdd70992a9b7bd090803ffae349515f87546f044b21157e68e99d72	disc-verified:resolved	0	2ee3456a9aeb8607b88be4edd989a2034dd7fdd6f7846369d9dbc4c8ff20e6ae	disc-verified:resolved	output/scratch-14/witnesses/0345_requirement.json	"{""background_ordinal"":0,""bbox_global_raw"":[2527557.5959552005,2673868.8000000007,4679270.399999999,4679270.399999999],""branch"":""b"",""length"":328,""n_coords"":11,""offset"":3647635536,""source_cell"":[0,638,1142],""source_cell_sha256"":""c091751c7781c027823f5f7854b2aafbdf3c291e0897ef0f7a1bf5b0c5e17c87"",""spool_data"":""output/extract_timing/spool/level_0.data"",""trigger"":{""cell_raw"":[3273.313484799117,1638.3999999994412],""global_raw"":[2653385.313484799,4679270.399999999],""lat_lon"":[-26.2,110.2437234],""vertex"":2}}"	b	[0,638,1142]	11	[2527557.596,2673868.8,4679270.4,4679270.4]	3	0	False	encoder_drops_clipped_source_sliver	west
0	2049	1224	288	0	0	0	0	0	0	0	-1	-1	396	O01	1	1	[13]	[[-24.499999999999996,-24.416666666666664,154.0,154.125]]	[-24.499999999999996,-24.416666666666664,154.0,154.125]	c	"[{""bbox_cell"":[2048,2052,1224,1228],""branches"":[""c""],""leaf_path"":[257],""n_coords"":13}]"	T1	[[[1.0,0.0],[0.6640625,0.0],[0.33203125,0.0],[0.0,0.0],[0.0,0.33203125],[0.0,0.6640625],[0.0,1.0],[0.33203125,1.0],[0.6640625,1.0],[1.0,1.0],[1.0,0.6640625],[1.0,0.33203125],[1.0,0.0]]]	true	output/scratch-14/cell_local/proofs/396.json	0	4ed9cd801bdd70992a9b7bd090803ffae349515f87546f044b21157e68e99d72	disc-verified:resolved	0	2ee3456a9aeb8607b88be4edd989a2034dd7fdd6f7846369d9dbc4c8ff20e6ae	disc-verified:resolved	output/scratch-14/witnesses/0396_requirement.json	"{""background_ordinal"":0,""bbox_global_raw"":[8388738.927820802,8408137.728,5013817.176883199,5013817.176883199],""branch"":""b"",""length"":232,""n_coords"":5,""offset"":3797586976,""source_cell"":[0,2050,1224],""source_cell_sha256"":""92a26762cc40a01711c3edb10961ed57d78e3611a3b30a1e7e79cfef1ae5e408"",""spool_data"":""output/extract_timing/spool/level_0.data"",""trigger"":{""cell_raw"":[1879.9788031987846,313.1768831992522],""global_raw"":[8394583.978803199,5013817.176883199],""lat_lon"":[-24.4984071,154.0455931],""vertex"":2}}"	b	[0,2050,1224]	5	[8388738.928,8408137.728,5013817.177,5013817.177]	3	0	False	encoder_drops_clipped_source_sliver	east
0	2050	1224	288	0	0	0	0	0	0	0	-1	-1	397	O01	1	1	[13]	[[-24.499999999999996,-24.416666666666664,154.0,154.125]]	[-24.499999999999996,-24.416666666666664,154.0,154.125]	c	"[{""bbox_cell"":[2048,2052,1224,1228],""branches"":[""c""],""leaf_path"":[258],""n_coords"":13}]"	T1	[[[1.0,0.0],[0.6640625,0.0],[0.33203125,0.0],[0.0,0.0],[0.0,0.33203125],[0.0,0.6640625],[0.0,1.0],[0.33203125,1.0],[0.6640625,1.0],[1.0,1.0],[1.0,0.6640625],[1.0,0.33203125],[1.0,0.0]]]	true	output/scratch-14/cell_local/proofs/397.json	0	4ed9cd801bdd70992a9b7bd090803ffae349515f87546f044b21157e68e99d72	disc-verified:resolved	0	2ee3456a9aeb8607b88be4edd989a2034dd7fdd6f7846369d9dbc4c8ff20e6ae	disc-verified:resolved	output/scratch-14/witnesses/0397_requirement.json	"{""background_ordinal"":0,""bbox_global_raw"":[8388738.927820802,8408137.728,5013817.176883199,5013817.176883199],""branch"":""b"",""length"":232,""n_coords"":5,""offset"":3797586976,""source_cell"":[0,2050,1224],""source_cell_sha256"":""92a26762cc40a01711c3edb10961ed57d78e3611a3b30a1e7e79cfef1ae5e408"",""spool_data"":""output/extract_timing/spool/level_0.data"",""trigger"":{""cell_raw"":[3635.9241728000343,313.1768831992522],""global_raw"":[8400435.9241728,5013817.176883199],""lat_lon"":[-24.4984071,154.0902399],""vertex"":1}}"	b	[0,2050,1224]	5	[8388738.928,8408137.728,5013817.177,5013817.177]	3	0	False	encoder_drops_clipped_source_sliver	east
0	2053	1224	288	0	0	0	0	0	0	0	-1	-1	398	O01	1	1	[13]	[[-24.499999999999996,-24.416666666666664,154.125,154.25]]	[-24.499999999999996,-24.416666666666664,154.125,154.25]	c	"[{""bbox_cell"":[2052,2056,1224,1228],""branches"":[""c""],""leaf_path"":[261],""n_coords"":13}]"	T2	[[[0.0,0.0],[0.0,0.33203125],[0.0,0.6640625],[0.0,1.0],[0.33203125,1.0],[0.6640625,1.0],[1.0,1.0],[1.0,0.6640625],[1.0,0.33203125],[1.0,0.0],[0.6640625,0.0],[0.33203125,0.0],[0.0,0.0]]]	true	output/scratch-14/cell_local/proofs/398.json	0	4ed9cd801bdd70992a9b7bd090803ffae349515f87546f044b21157e68e99d72	disc-verified:resolved	0	2ee3456a9aeb8607b88be4edd989a2034dd7fdd6f7846369d9dbc4c8ff20e6ae	disc-verified:resolved	output/scratch-14/witnesses/0398_requirement.json	"{""background_ordinal"":0,""bbox_global_raw"":[8408137.728,8530602.662297599,5013817.176883199,5013817.176883199],""branch"":""b"",""length"":536,""n_coords"":24,""offset"":3797587208,""source_cell"":[0,2068,1224],""source_cell_sha256"":""108ba5f8b3797c4fd60e83609a732a6c2730255b34ac71f4cbf2067fb7a7a077"",""spool_data"":""output/extract_timing/spool/level_0.data"",""trigger"":{""cell_raw"":[3051.8018047995865,313.1768831992522],""global_raw"":[8412139.8018048,5013817.176883199],""lat_lon"":[-24.4984071,154.1795334],""vertex"":21}}"	b	[0,2068,1224]	24	[8408137.728,8530602.662,5013817.177,5013817.177]	3	0	False	encoder_drops_clipped_source_sliver	east
0	2055	1224	288	0	0	0	0	0	0	0	-1	-1	399	O01	1	1	[13]	[[-24.499999999999996,-24.416666666666664,154.125,154.25]]	[-24.499999999999996,-24.416666666666664,154.125,154.25]	c	"[{""bbox_cell"":[2052,2056,1224,1228],""branches"":[""c""],""leaf_path"":[263],""n_coords"":13}]"	T2	[[[0.0,0.0],[0.0,0.33203125],[0.0,0.6640625],[0.0,1.0],[0.33203125,1.0],[0.6640625,1.0],[1.0,1.0],[1.0,0.6640625],[1.0,0.33203125],[1.0,0.0],[0.6640625,0.0],[0.33203125,0.0],[0.0,0.0]]]	true	output/scratch-14/cell_local/proofs/399.json	0	4ed9cd801bdd70992a9b7bd090803ffae349515f87546f044b21157e68e99d72	disc-verified:resolved	0	2ee3456a9aeb8607b88be4edd989a2034dd7fdd6f7846369d9dbc4c8ff20e6ae	disc-verified:resolved	output/scratch-14/witnesses/0399_requirement.json	"{""background_ordinal"":0,""bbox_global_raw"":[8408137.728,8530602.662297599,5013817.176883199,5013817.176883199],""branch"":""b"",""length"":536,""n_coords"":24,""offset"":3797587208,""source_cell"":[0,2068,1224],""source_cell_sha256"":""108ba5f8b3797c4fd60e83609a732a6c2730255b34ac71f4cbf2067fb7a7a077"",""spool_data"":""output/extract_timing/spool/level_0.data"",""trigger"":{""cell_raw"":[711.7340672016144,313.1768831992522],""global_raw"":[8417991.734067202,5013817.176883199],""lat_lon"":[-24.4984071,154.2241801],""vertex"":20}}"	b	[0,2068,1224]	24	[8408137.728,8530602.662,5013817.177,5013817.177]	3	0	False	encoder_drops_clipped_source_sliver	east
0	2056	1224	288	0	0	0	0	0	0	0	-1	-1	400	O01	1	1	[13]	[[-24.499999999999996,-24.416666666666664,154.25,154.375]]	[-24.499999999999996,-24.416666666666664,154.25,154.375]	c	"[{""bbox_cell"":[2056,2060,1224,1228],""branches"":[""c""],""leaf_path"":[264],""n_coords"":13}]"	T2	[[[0.0,0.0],[0.0,0.33203125],[0.0,0.6640625],[0.0,1.0],[0.33203125,1.0],[0.6640625,1.0],[1.0,1.0],[1.0,0.6640625],[1.0,0.33203125],[1.0,0.0],[0.6640625,0.0],[0.33203125,0.0],[0.0,0.0]]]	true	output/scratch-14/cell_local/proofs/400.json	0	4ed9cd801bdd70992a9b7bd090803ffae349515f87546f044b21157e68e99d72	disc-verified:resolved	0	2ee3456a9aeb8607b88be4edd989a2034dd7fdd6f7846369d9dbc4c8ff20e6ae	disc-verified:resolved	output/scratch-14/witnesses/0400_requirement.json	"{""background_ordinal"":0,""bbox_global_raw"":[8408137.728,8530602.662297599,5013817.176883199,5013817.176883199],""branch"":""b"",""length"":536,""n_coords"":24,""offset"":3797587208,""source_cell"":[0,2068,1224],""source_cell_sha256"":""108ba5f8b3797c4fd60e83609a732a6c2730255b34ac71f4cbf2067fb7a7a077"",""spool_data"":""output/extract_timing/spool/level_0.data"",""trigger"":{""cell_raw"":[2467.679436799139,313.1768831992522],""global_raw"":[8423843.6794368,5013817.176883199],""lat_lon"":[-24.4984071,154.2688269],""vertex"":19}}"	b	[0,2068,1224]	24	[8408137.728,8530602.662,5013817.177,5013817.177]	3	0	False	encoder_drops_clipped_source_sliver	east
0	2058	1224	288	0	0	0	0	0	0	0	-1	-1	401	O01	1	1	[13]	[[-24.499999999999996,-24.416666666666664,154.25,154.375]]	[-24.499999999999996,-24.416666666666664,154.25,154.375]	c	"[{""bbox_cell"":[2056,2060,1224,1228],""branches"":[""c""],""leaf_path"":[266],""n_coords"":13}]"	T2	[[[0.0,0.0],[0.0,0.33203125],[0.0,0.6640625],[0.0,1.0],[0.33203125,1.0],[0.6640625,1.0],[1.0,1.0],[1.0,0.6640625],[1.0,0.33203125],[1.0,0.0],[0.6640625,0.0],[0.33203125,0.0],[0.0,0.0]]]	true	output/scratch-14/cell_local/proofs/401.json	0	4ed9cd801bdd70992a9b7bd090803ffae349515f87546f044b21157e68e99d72	disc-verified:resolved	0	2ee3456a9aeb8607b88be4edd989a2034dd7fdd6f7846369d9dbc4c8ff20e6ae	disc-verified:resolved	output/scratch-14/witnesses/0401_requirement.json	"{""background_ordinal"":0,""bbox_global_raw"":[8408137.728,8530602.662297599,5013817.176883199,5013817.176883199],""branch"":""b"",""length"":536,""n_coords"":24,""offset"":3797587208,""source_cell"":[0,2068,1224],""source_cell_sha256"":""108ba5f8b3797c4fd60e83609a732a6c2730255b34ac71f4cbf2067fb7a7a077"",""spool_data"":""output/extract_timing/spool/level_0.data"",""trigger"":{""cell_raw"":[127.61169920116663,313.1768831992522],""global_raw"":[8429695.611699201,5013817.176883199],""lat_lon"":[-24.4984071,154.3134736],""vertex"":18}}"	b	[0,2068,1224]	24	[8408137.728,8530602.662,5013817.177,5013817.177]	3	0	False	encoder_drops_clipped_source_sliver	east
0	2059	1224	288	0	0	0	0	0	0	0	-1	-1	402	O01	1	1	[13]	[[-24.499999999999996,-24.416666666666664,154.25,154.375]]	[-24.499999999999996,-24.416666666666664,154.25,154.375]	c	"[{""bbox_cell"":[2056,2060,1224,1228],""branches"":[""c""],""leaf_path"":[267],""n_coords"":13}]"	T2	[[[0.0,0.0],[0.0,0.33203125],[0.0,0.6640625],[0.0,1.0],[0.33203125,1.0],[0.6640625,1.0],[1.0,1.0],[1.0,0.6640625],[1.0,0.33203125],[1.0,0.0],[0.6640625,0.0],[0.33203125,0.0],[0.0,0.0]]]	true	output/scratch-14/cell_local/proofs/402.json	0	4ed9cd801bdd70992a9b7bd090803ffae349515f87546f044b21157e68e99d72	disc-verified:resolved	0	2ee3456a9aeb8607b88be4edd989a2034dd7fdd6f7846369d9dbc4c8ff20e6ae	disc-verified:resolved	output/scratch-14/witnesses/0402_requirement.json	"{""background_ordinal"":0,""bbox_global_raw"":[8408137.728,8530602.662297599,5013817.176883199,5013817.176883199],""branch"":""b"",""length"":536,""n_coords"":24,""offset"":3797587208,""source_cell"":[0,2068,1224],""source_cell_sha256"":""108ba5f8b3797c4fd60e83609a732a6c2730255b34ac71f4cbf2067fb7a7a077"",""spool_data"":""output/extract_timing/spool/level_0.data"",""trigger"":{""cell_raw"":[1883.557068798691,313.1768831992522],""global_raw"":[8435547.557068799,5013817.176883199],""lat_lon"":[-24.4984071,154.3581204],""vertex"":17}}"	b	[0,2068,1224]	24	[8408137.728,8530602.662,5013817.177,5013817.177]	3	0	False	encoder_drops_clipped_source_sliver	east
0	2060	1224	288	0	0	0	0	0	0	0	-1	-1	403	O01	1	1	[13]	[[-24.499999999999996,-24.416666666666664,154.375,154.5]]	[-24.499999999999996,-24.416666666666664,154.375,154.5]	c	"[{""bbox_cell"":[2060,2064,1224,1228],""branches"":[""c""],""leaf_path"":[268],""n_coords"":13}]"	T2	[[[0.0,0.0],[0.0,0.33203125],[0.0,0.6640625],[0.0,1.0],[0.33203125,1.0],[0.6640625,1.0],[1.0,1.0],[1.0,0.6640625],[1.0,0.33203125],[1.0,0.0],[0.6640625,0.0],[0.33203125,0.0],[0.0,0.0]]]	true	output/scratch-14/cell_local/proofs/403.json	0	4ed9cd801bdd70992a9b7bd090803ffae349515f87546f044b21157e68e99d72	disc-verified:resolved	0	2ee3456a9aeb8607b88be4edd989a2034dd7fdd6f7846369d9dbc4c8ff20e6ae	disc-verified:resolved	output/scratch-14/witnesses/0403_requirement.json	"{""background_ordinal"":0,""bbox_global_raw"":[8408137.728,8530602.662297599,5013817.176883199,5013817.176883199],""branch"":""b"",""length"":536,""n_coords"":24,""offset"":3797587208,""source_cell"":[0,2068,1224],""source_cell_sha256"":""108ba5f8b3797c4fd60e83609a732a6c2730255b34ac71f4cbf2067fb7a7a077"",""spool_data"":""output/extract_timing/spool/level_0.data"",""trigger"":{""cell_raw"":[3639.489331200719,313.1768831992522],""global_raw"":[8441399.4893312,5013817.176883199],""lat_lon"":[-24.4984071,154.4027671],""vertex"":16}}"	b	[0,2068,1224]	24	[8408137.728,8530602.662,5013817.177,5013817.177]	3	0	False	encoder_drops_clipped_source_sliver	east
0	2062	1224	288	0	0	0	0	0	0	0	-1	-1	404	O01	1	1	[13]	[[-24.499999999999996,-24.416666666666664,154.375,154.5]]	[-24.499999999999996,-24.416666666666664,154.375,154.5]	c	"[{""bbox_cell"":[2060,2064,1224,1228],""branches"":[""c""],""leaf_path"":[270],""n_coords"":13}]"	T2	[[[0.0,0.0],[0.0,0.33203125],[0.0,0.6640625],[0.0,1.0],[0.33203125,1.0],[0.6640625,1.0],[1.0,1.0],[1.0,0.6640625],[1.0,0.33203125],[1.0,0.0],[0.6640625,0.0],[0.33203125,0.0],[0.0,0.0]]]	true	output/scratch-14/cell_local/proofs/404.json	0	4ed9cd801bdd70992a9b7bd090803ffae349515f87546f044b21157e68e99d72	disc-verified:resolved	0	2ee3456a9aeb8607b88be4edd989a2034dd7fdd6f7846369d9dbc4c8ff20e6ae	disc-verified:resolved	output/scratch-14/witnesses/0404_requirement.json	"{""background_ordinal"":0,""bbox_global_raw"":[8408137.728,8530602.662297599,5013817.176883199,5013817.176883199],""branch"":""b"",""length"":536,""n_coords"":24,""offset"":3797587208,""source_cell"":[0,2068,1224],""source_cell_sha256"":""108ba5f8b3797c4fd60e83609a732a6c2730255b34ac71f4cbf2067fb7a7a077"",""spool_data"":""output/extract_timing/spool/level_0.data"",""trigger"":{""cell_raw"":[1299.4347007982433,313.1768831992522],""global_raw"":[8447251.434700798,5013817.176883199],""lat_lon"":[-24.4984071,154.4474139],""vertex"":15}}"	b	[0,2068,1224]	24	[8408137.728,8530602.662,5013817.177,5013817.177]	3	0	False	encoder_drops_clipped_source_sliver	east
0	2063	1224	288	0	0	0	0	0	0	0	-1	-1	405	O01	1	1	[13]	[[-24.499999999999996,-24.416666666666664,154.375,154.5]]	[-24.499999999999996,-24.416666666666664,154.375,154.5]	c	"[{""bbox_cell"":[2060,2064,1224,1228],""branches"":[""c""],""leaf_path"":[271],""n_coords"":13}]"	T2	[[[0.0,0.0],[0.0,0.33203125],[0.0,0.6640625],[0.0,1.0],[0.33203125,1.0],[0.6640625,1.0],[1.0,1.0],[1.0,0.6640625],[1.0,0.33203125],[1.0,0.0],[0.6640625,0.0],[0.33203125,0.0],[0.0,0.0]]]	true	output/scratch-14/cell_local/proofs/405.json	0	4ed9cd801bdd70992a9b7bd090803ffae349515f87546f044b21157e68e99d72	disc-verified:resolved	0	2ee3456a9aeb8607b88be4edd989a2034dd7fdd6f7846369d9dbc4c8ff20e6ae	disc-verified:resolved	output/scratch-14/witnesses/0405_requirement.json	"{""background_ordinal"":0,""bbox_global_raw"":[8408137.728,8530602.662297599,5013817.176883199,5013817.176883199],""branch"":""b"",""length"":536,""n_coords"":24,""offset"":3797587208,""source_cell"":[0,2068,1224],""source_cell_sha256"":""108ba5f8b3797c4fd60e83609a732a6c2730255b34ac71f4cbf2067fb7a7a077"",""spool_data"":""output/extract_timing/spool/level_0.data"",""trigger"":{""cell_raw"":[3055.366963200271,313.1768831992522],""global_raw"":[8453103.3669632,5013817.176883199],""lat_lon"":[-24.4984071,154.4920606],""vertex"":14}}"	b	[0,2068,1224]	24	[8408137.728,8530602.662,5013817.177,5013817.177]	3	0	False	encoder_drops_clipped_source_sliver	east
0	2065	1224	288	0	0	0	0	0	0	0	-1	-1	406	O01	1	1	[13]	[[-24.499999999999996,-24.416666666666664,154.5,154.625]]	[-24.499999999999996,-24.416666666666664,154.5,154.625]	c	"[{""bbox_cell"":[2064,2068,1224,1228],""branches"":[""c""],""leaf_path"":[273],""n_coords"":13}]"	T2	[[[0.0,0.0],[0.0,0.33203125],[0.0,0.6640625],[0.0,1.0],[0.33203125,1.0],[0.6640625,1.0],[1.0,1.0],[1.0,0.6640625],[1.0,0.33203125],[1.0,0.0],[0.6640625,0.0],[0.33203125,0.0],[0.0,0.0]]]	true	output/scratch-14/cell_local/proofs/406.json	0	4ed9cd801bdd70992a9b7bd090803ffae349515f87546f044b21157e68e99d72	disc-verified:resolved	0	2ee3456a9aeb8607b88be4edd989a2034dd7fdd6f7846369d9dbc4c8ff20e6ae	disc-verified:resolved	output/scratch-14/witnesses/0406_requirement.json	"{""background_ordinal"":0,""bbox_global_raw"":[8408137.728,8530602.662297599,5013817.176883199,5013817.176883199],""branch"":""b"",""length"":536,""n_coords"":24,""offset"":3797587208,""source_cell"":[0,2068,1224],""source_cell_sha256"":""108ba5f8b3797c4fd60e83609a732a6c2730255b34ac71f4cbf2067fb7a7a077"",""spool_data"":""output/extract_timing/spool/level_0.data"",""trigger"":{""cell_raw"":[715.3123328015208,313.1768831992522],""global_raw"":[8458955.312332802,5013817.176883199],""lat_lon"":[-24.4984071,154.5367074],""vertex"":13}}"	b	[0,2068,1224]	24	[8408137.728,8530602.662,5013817.177,5013817.177]	3	0	False	encoder_drops_clipped_source_sliver	east
0	2066	1224	288	0	0	0	0	0	0	0	-1	-1	407	O01	1	1	[13]	[[-24.499999999999996,-24.416666666666664,154.5,154.625]]	[-24.499999999999996,-24.416666666666664,154.5,154.625]	c	"[{""bbox_cell"":[2064,2068,1224,1228],""branches"":[""c""],""leaf_path"":[274],""n_coords"":13}]"	T2	[[[0.0,0.0],[0.0,0.33203125],[0.0,0.6640625],[0.0,1.0],[0.33203125,1.0],[0.6640625,1.0],[1.0,1.0],[1.0,0.6640625],[1.0,0.33203125],[1.0,0.0],[0.6640625,0.0],[0.33203125,0.0],[0.0,0.0]]]	true	output/scratch-14/cell_local/proofs/407.json	0	4ed9cd801bdd70992a9b7bd090803ffae349515f87546f044b21157e68e99d72	disc-verified:resolved	0	2ee3456a9aeb8607b88be4edd989a2034dd7fdd6f7846369d9dbc4c8ff20e6ae	disc-verified:resolved	output/scratch-14/witnesses/0407_requirement.json	"{""background_ordinal"":0,""bbox_global_raw"":[8408137.728,8530602.662297599,5013817.176883199,5013817.176883199],""branch"":""b"",""length"":536,""n_coords"":24,""offset"":3797587208,""source_cell"":[0,2068,1224],""source_cell_sha256"":""108ba5f8b3797c4fd60e83609a732a6c2730255b34ac71f4cbf2067fb7a7a077"",""spool_data"":""output/extract_timing/spool/level_0.data"",""trigger"":{""cell_raw"":[2471.2445951998234,313.1768831992522],""global_raw"":[8464807.2445952,5013817.176883199],""lat_lon"":[-24.4984071,154.5813541],""vertex"":12}}"	b	[0,2068,1224]	24	[8408137.728,8530602.662,5013817.177,5013817.177]	3	0	False	encoder_drops_clipped_source_sliver	east
0	2068	1224	288	0	0	0	0	0	0	0	-1	-1	408	O01	1	1	[13]	[[-24.499999999999996,-24.416666666666664,154.625,154.75]]	[-24.499999999999996,-24.416666666666664,154.625,154.75]	c	"[{""bbox_cell"":[2068,2072,1224,1228],""branches"":[""c""],""leaf_path"":[276],""n_coords"":13}]"	T2	[[[0.0,0.0],[0.0,0.33203125],[0.0,0.6640625],[0.0,1.0],[0.33203125,1.0],[0.6640625,1.0],[1.0,1.0],[1.0,0.6640625],[1.0,0.33203125],[1.0,0.0],[0.6640625,0.0],[0.33203125,0.0],[0.0,0.0]]]	true	output/scratch-14/cell_local/proofs/408.json	0	4ed9cd801bdd70992a9b7bd090803ffae349515f87546f044b21157e68e99d72	disc-verified:resolved	0	2ee3456a9aeb8607b88be4edd989a2034dd7fdd6f7846369d9dbc4c8ff20e6ae	disc-verified:resolved	output/scratch-14/witnesses/0408_requirement.json	"{""background_ordinal"":0,""bbox_global_raw"":[8408137.728,8530602.662297599,5013817.176883199,5013817.176883199],""branch"":""b"",""length"":536,""n_coords"":24,""offset"":3797587208,""source_cell"":[0,2068,1224],""source_cell_sha256"":""108ba5f8b3797c4fd60e83609a732a6c2730255b34ac71f4cbf2067fb7a7a077"",""spool_data"":""output/extract_timing/spool/level_0.data"",""trigger"":{""cell_raw"":[131.18996480107307,313.1768831992522],""global_raw"":[8470659.189964801,5013817.176883199],""lat_lon"":[-24.4984071,154.6260009],""vertex"":11}}"	b	[0,2068,1224]	24	[8408137.728,8530602.662,5013817.177,5013817.177]	3	0	False	encoder_drops_clipped_source_sliver	east
0	2069	1224	288	0	0	0	0	0	0	0	-1	-1	409	O01	1	1	[13]	[[-24.499999999999996,-24.416666666666664,154.625,154.75]]	[-24.499999999999996,-24.416666666666664,154.625,154.75]	c	"[{""bbox_cell"":[2068,2072,1224,1228],""branches"":[""c""],""leaf_path"":[277],""n_coords"":13}]"	T2	[[[0.0,0.0],[0.0,0.33203125],[0.0,0.6640625],[0.0,1.0],[0.33203125,1.0],[0.6640625,1.0],[1.0,1.0],[1.0,0.6640625],[1.0,0.33203125],[1.0,0.0],[0.6640625,0.0],[0.33203125,0.0],[0.0,0.0]]]	true	output/scratch-14/cell_local/proofs/409.json	0	4ed9cd801bdd70992a9b7bd090803ffae349515f87546f044b21157e68e99d72	disc-verified:resolved	0	2ee3456a9aeb8607b88be4edd989a2034dd7fdd6f7846369d9dbc4c8ff20e6ae	disc-verified:resolved	output/scratch-14/witnesses/0409_requirement.json	"{""background_ordinal"":0,""bbox_global_raw"":[8408137.728,8530602.662297599,5013817.176883199,5013817.176883199],""branch"":""b"",""length"":536,""n_coords"":24,""offset"":3797587208,""source_cell"":[0,2068,1224],""source_cell_sha256"":""108ba5f8b3797c4fd60e83609a732a6c2730255b34ac71f4cbf2067fb7a7a077"",""spool_data"":""output/extract_timing/spool/level_0.data"",""trigger"":{""cell_raw"":[1887.1222271993756,313.1768831992522],""global_raw"":[8476511.1222272,5013817.176883199],""lat_lon"":[-24.4984071,154.6706476],""vertex"":10}}"	b	[0,2068,1224]	24	[8408137.728,8530602.662,5013817.177,5013817.177]	3	0	False	encoder_drops_clipped_source_sliver	east
0	2070	1224	288	0	0	0	0	0	0	0	-1	-1	410	O01	1	1	[13]	[[-24.499999999999996,-24.416666666666664,154.625,154.75]]	[-24.499999999999996,-24.416666666666664,154.625,154.75]	c	"[{""bbox_cell"":[2068,2072,1224,1228],""branches"":[""c""],""leaf_path"":[278],""n_coords"":13}]"	T2	[[[0.0,0.0],[0.0,0.33203125],[0.0,0.6640625],[0.0,1.0],[0.33203125,1.0],[0.6640625,1.0],[1.0,1.0],[1.0,0.6640625],[1.0,0.33203125],[1.0,0.0],[0.6640625,0.0],[0.33203125,0.0],[0.0,0.0]]]	true	output/scratch-14/cell_local/proofs/410.json	0	4ed9cd801bdd70992a9b7bd090803ffae349515f87546f044b21157e68e99d72	disc-verified:resolved	0	2ee3456a9aeb8607b88be4edd989a2034dd7fdd6f7846369d9dbc4c8ff20e6ae	disc-verified:resolved	output/scratch-14/witnesses/0410_requirement.json	"{""background_ordinal"":0,""bbox_global_raw"":[8408137.728,8530602.662297599,5013817.176883199,5013817.176883199],""branch"":""b"",""length"":536,""n_coords"":24,""offset"":3797587208,""source_cell"":[0,2068,1224],""source_cell_sha256"":""108ba5f8b3797c4fd60e83609a732a6c2730255b34ac71f4cbf2067fb7a7a077"",""spool_data"":""output/extract_timing/spool/level_0.data"",""trigger"":{""cell_raw"":[3643.0675968006253,313.1768831992522],""global_raw"":[8482363.0675968,5013817.176883199],""lat_lon"":[-24.4984071,154.7152944],""vertex"":9}}"	b	[0,2068,1224]	24	[8408137.728,8530602.662,5013817.177,5013817.177]	3	0	False	encoder_drops_clipped_source_sliver	east
0	2072	1224	288	0	0	0	0	0	0	0	-1	-1	411	O01	1	1	[13]	[[-24.499999999999996,-24.416666666666664,154.75,154.875]]	[-24.499999999999996,-24.416666666666664,154.75,154.875]	c	"[{""bbox_cell"":[2072,2076,1224,1228],""branches"":[""c""],""leaf_path"":[280],""n_coords"":13}]"	T2	[[[0.0,0.0],[0.0,0.33203125],[0.0,0.6640625],[0.0,1.0],[0.33203125,1.0],[0.6640625,1.0],[1.0,1.0],[1.0,0.6640625],[1.0,0.33203125],[1.0,0.0],[0.6640625,0.0],[0.33203125,0.0],[0.0,0.0]]]	true	output/scratch-14/cell_local/proofs/411.json	0	4ed9cd801bdd70992a9b7bd090803ffae349515f87546f044b21157e68e99d72	disc-verified:resolved	0	2ee3456a9aeb8607b88be4edd989a2034dd7fdd6f7846369d9dbc4c8ff20e6ae	disc-verified:resolved	output/scratch-14/witnesses/0411_requirement.json	"{""background_ordinal"":0,""bbox_global_raw"":[8408137.728,8530602.662297599,5013817.176883199,5013817.176883199],""branch"":""b"",""length"":536,""n_coords"":24,""offset"":3797587208,""source_cell"":[0,2068,1224],""source_cell_sha256"":""108ba5f8b3797c4fd60e83609a732a6c2730255b34ac71f4cbf2067fb7a7a077"",""spool_data"":""output/extract_timing/spool/level_0.data"",""trigger"":{""cell_raw"":[1302.9998591989279,313.1768831992522],""global_raw"":[8488214.999859199,5013817.176883199],""lat_lon"":[-24.4984071,154.7599411],""vertex"":8}}"	b	[0,2068,1224]	24	[8408137.728,8530602.662,5013817.177,5013817.177]	3	0	False	encoder_drops_clipped_source_sliver	east
0	2073	1224	288	0	0	0	0	0	0	0	-1	-1	412	O01	1	1	[13]	[[-24.499999999999996,-24.416666666666664,154.75,154.875]]	[-24.499999999999996,-24.416666666666664,154.75,154.875]	c	"[{""bbox_cell"":[2072,2076,1224,1228],""branches"":[""c""],""leaf_path"":[281],""n_coords"":13}]"	T2	[[[0.0,0.0],[0.0,0.33203125],[0.0,0.6640625],[0.0,1.0],[0.33203125,1.0],[0.6640625,1.0],[1.0,1.0],[1.0,0.6640625],[1.0,0.33203125],[1.0,0.0],[0.6640625,0.0],[0.33203125,0.0],[0.0,0.0]]]	true	output/scratch-14/cell_local/proofs/412.json	0	4ed9cd801bdd70992a9b7bd090803ffae349515f87546f044b21157e68e99d72	disc-verified:resolved	0	2ee3456a9aeb8607b88be4edd989a2034dd7fdd6f7846369d9dbc4c8ff20e6ae	disc-verified:resolved	output/scratch-14/witnesses/0412_requirement.json	"{""background_ordinal"":0,""bbox_global_raw"":[8408137.728,8530602.662297599,5013817.176883199,5013817.176883199],""branch"":""b"",""length"":536,""n_coords"":24,""offset"":3797587208,""source_cell"":[0,2068,1224],""source_cell_sha256"":""108ba5f8b3797c4fd60e83609a732a6c2730255b34ac71f4cbf2067fb7a7a077"",""spool_data"":""output/extract_timing/spool/level_0.data"",""trigger"":{""cell_raw"":[3058.9452288001776,313.1768831992522],""global_raw"":[8494066.9452288,5013817.176883199],""lat_lon"":[-24.4984071,154.8045879],""vertex"":7}}"	b	[0,2068,1224]	24	[8408137.728,8530602.662,5013817.177,5013817.177]	3	0	False	encoder_drops_clipped_source_sliver	east
0	2075	1224	288	0	0	0	0	0	0	0	-1	-1	413	O01	1	1	[13]	[[-24.499999999999996,-24.416666666666664,154.75,154.875]]	[-24.499999999999996,-24.416666666666664,154.75,154.875]	c	"[{""bbox_cell"":[2072,2076,1224,1228],""branches"":[""c""],""leaf_path"":[283],""n_coords"":13}]"	T2	[[[0.0,0.0],[0.0,0.33203125],[0.0,0.6640625],[0.0,1.0],[0.33203125,1.0],[0.6640625,1.0],[1.0,1.0],[1.0,0.6640625],[1.0,0.33203125],[1.0,0.0],[0.6640625,0.0],[0.33203125,0.0],[0.0,0.0]]]	true	output/scratch-14/cell_local/proofs/413.json	0	4ed9cd801bdd70992a9b7bd090803ffae349515f87546f044b21157e68e99d72	disc-verified:resolved	0	2ee3456a9aeb8607b88be4edd989a2034dd7fdd6f7846369d9dbc4c8ff20e6ae	disc-verified:resolved	output/scratch-14/witnesses/0413_requirement.json	"{""background_ordinal"":0,""bbox_global_raw"":[8408137.728,8530602.662297599,5013817.176883199,5013817.176883199],""branch"":""b"",""length"":536,""n_coords"":24,""offset"":3797587208,""source_cell"":[0,2068,1224],""source_cell_sha256"":""108ba5f8b3797c4fd60e83609a732a6c2730255b34ac71f4cbf2067fb7a7a077"",""spool_data"":""output/extract_timing/spool/level_0.data"",""trigger"":{""cell_raw"":[718.8774911984801,313.1768831992522],""global_raw"":[8499918.877491198,5013817.176883199],""lat_lon"":[-24.4984071,154.8492346],""vertex"":6}}"	b	[0,2068,1224]	24	[8408137.728,8530602.662,5013817.177,5013817.177]	3	0	False	encoder_drops_clipped_source_sliver	east
0	2076	1224	288	0	0	0	0	0	0	0	-1	-1	414	O01	1	1	[13]	[[-24.499999999999996,-24.416666666666664,154.875,155.0]]	[-24.499999999999996,-24.416666666666664,154.875,155.0]	c	"[{""bbox_cell"":[2076,2080,1224,1228],""branches"":[""c""],""leaf_path"":[284],""n_coords"":13}]"	T1	[[[1.0,0.0],[0.6640625,0.0],[0.33203125,0.0],[0.0,0.0],[0.0,0.33203125],[0.0,0.6640625],[0.0,1.0],[0.33203125,1.0],[0.6640625,1.0],[1.0,1.0],[1.0,0.6640625],[1.0,0.33203125],[1.0,0.0]]]	true	output/scratch-14/cell_local/proofs/414.json	0	4ed9cd801bdd70992a9b7bd090803ffae349515f87546f044b21157e68e99d72	disc-verified:resolved	0	2ee3456a9aeb8607b88be4edd989a2034dd7fdd6f7846369d9dbc4c8ff20e6ae	disc-verified:resolved	output/scratch-14/witnesses/0414_requirement.json	"{""background_ordinal"":0,""bbox_global_raw"":[8408137.728,8530602.662297599,5013817.176883199,5013817.176883199],""branch"":""b"",""length"":536,""n_coords"":24,""offset"":3797587208,""source_cell"":[0,2068,1224],""source_cell_sha256"":""108ba5f8b3797c4fd60e83609a732a6c2730255b34ac71f4cbf2067fb7a7a077"",""spool_data"":""output/extract_timing/spool/level_0.data"",""trigger"":{""cell_raw"":[2474.82286079973,313.1768831992522],""global_raw"":[8505770.8228608,5013817.176883199],""lat_lon"":[-24.4984071,154.8938814],""vertex"":5}}"	b	[0,2068,1224]	24	[8408137.728,8530602.662,5013817.177,5013817.177]	3	0	False	encoder_drops_clipped_source_sliver	east
0	2078	1224	288	0	0	0	0	0	0	0	-1	-1	415	O01	1	1	[13]	[[-24.499999999999996,-24.416666666666664,154.875,155.0]]	[-24.499999999999996,-24.416666666666664,154.875,155.0]	c	"[{""bbox_cell"":[2076,2080,1224,1228],""branches"":[""c""],""leaf_path"":[286],""n_coords"":13}]"	T1	[[[1.0,0.0],[0.6640625,0.0],[0.33203125,0.0],[0.0,0.0],[0.0,0.33203125],[0.0,0.6640625],[0.0,1.0],[0.33203125,1.0],[0.6640625,1.0],[1.0,1.0],[1.0,0.6640625],[1.0,0.33203125],[1.0,0.0]]]	true	output/scratch-14/cell_local/proofs/415.json	0	4ed9cd801bdd70992a9b7bd090803ffae349515f87546f044b21157e68e99d72	disc-verified:resolved	0	2ee3456a9aeb8607b88be4edd989a2034dd7fdd6f7846369d9dbc4c8ff20e6ae	disc-verified:resolved	output/scratch-14/witnesses/0415_requirement.json	"{""background_ordinal"":0,""bbox_global_raw"":[8408137.728,8530602.662297599,5013817.176883199,5013817.176883199],""branch"":""b"",""length"":536,""n_coords"":24,""offset"":3797587208,""source_cell"":[0,2068,1224],""source_cell_sha256"":""108ba5f8b3797c4fd60e83609a732a6c2730255b34ac71f4cbf2067fb7a7a077"",""spool_data"":""output/extract_timing/spool/level_0.data"",""trigger"":{""cell_raw"":[134.75512320175767,313.1768831992522],""global_raw"":[8511622.755123202,5013817.176883199],""lat_lon"":[-24.4984071,154.9385281],""vertex"":4}}"	b	[0,2068,1224]	24	[8408137.728,8530602.662,5013817.177,5013817.177]	3	0	False	encoder_drops_clipped_source_sliver	east
0	2079	1224	288	0	0	0	0	0	0	0	-1	-1	416	O01	1	1	[13]	[[-24.499999999999996,-24.416666666666664,154.875,155.0]]	[-24.499999999999996,-24.416666666666664,154.875,155.0]	c	"[{""bbox_cell"":[2076,2080,1224,1228],""branches"":[""c""],""leaf_path"":[287],""n_coords"":13}]"	T1	[[[1.0,0.0],[0.6640625,0.0],[0.33203125,0.0],[0.0,0.0],[0.0,0.33203125],[0.0,0.6640625],[0.0,1.0],[0.33203125,1.0],[0.6640625,1.0],[1.0,1.0],[1.0,0.6640625],[1.0,0.33203125],[1.0,0.0]]]	true	output/scratch-14/cell_local/proofs/416.json	0	4ed9cd801bdd70992a9b7bd090803ffae349515f87546f044b21157e68e99d72	disc-verified:resolved	0	2ee3456a9aeb8607b88be4edd989a2034dd7fdd6f7846369d9dbc4c8ff20e6ae	disc-verified:resolved	output/scratch-14/witnesses/0416_requirement.json	"{""background_ordinal"":0,""bbox_global_raw"":[8408137.728,8530602.662297599,5013817.176883199,5013817.176883199],""branch"":""b"",""length"":536,""n_coords"":24,""offset"":3797587208,""source_cell"":[0,2068,1224],""source_cell_sha256"":""108ba5f8b3797c4fd60e83609a732a6c2730255b34ac71f4cbf2067fb7a7a077"",""spool_data"":""output/extract_timing/spool/level_0.data"",""trigger"":{""cell_raw"":[1890.700492799282,313.1768831992522],""global_raw"":[8517474.7004928,5013817.176883199],""lat_lon"":[-24.4984071,154.9831749],""vertex"":3}}"	b	[0,2068,1224]	24	[8408137.728,8530602.662,5013817.177,5013817.177]	3	0	False	encoder_drops_clipped_source_sliver	east
0	2080	1224	288	0	0	0	0	0	0	0	-1	-1	417	O01	1	1	[13]	[[-24.499999999999996,-24.416666666666664,155.0,155.125]]	[-24.499999999999996,-24.416666666666664,155.0,155.125]	c	"[{""bbox_cell"":[2080,2084,1224,1228],""branches"":[""c""],""leaf_path"":[256],""n_coords"":13}]"	T1	[[[1.0,0.0],[0.6640625,0.0],[0.33203125,0.0],[0.0,0.0],[0.0,0.33203125],[0.0,0.6640625],[0.0,1.0],[0.33203125,1.0],[0.6640625,1.0],[1.0,1.0],[1.0,0.6640625],[1.0,0.33203125],[1.0,0.0]]]	true	output/scratch-14/cell_local/proofs/417.json	0	4ed9cd801bdd70992a9b7bd090803ffae349515f87546f044b21157e68e99d72	disc-verified:resolved	0	2ee3456a9aeb8607b88be4edd989a2034dd7fdd6f7846369d9dbc4c8ff20e6ae	disc-verified:resolved	output/scratch-14/witnesses/0417_requirement.json	"{""background_ordinal"":0,""bbox_global_raw"":[8408137.728,8530602.662297599,5013817.176883199,5013817.176883199],""branch"":""b"",""length"":536,""n_coords"":24,""offset"":3797587208,""source_cell"":[0,2068,1224],""source_cell_sha256"":""108ba5f8b3797c4fd60e83609a732a6c2730255b34ac71f4cbf2067fb7a7a077"",""spool_data"":""output/extract_timing/spool/level_0.data"",""trigger"":{""cell_raw"":[3646.63275520131,313.1768831992522],""global_raw"":[8523326.632755201,5013817.176883199],""lat_lon"":[-24.4984071,155.0278216],""vertex"":2}}"	b	[0,2068,1224]	24	[8408137.728,8530602.662,5013817.177,5013817.177]	3	0	False	encoder_drops_clipped_source_sliver	east
0	2096	1224	288	0	0	0	0	0	0	0	-1	-1	418	O01	1	1	[13]	[[-24.499999999999996,-24.416666666666664,155.5,155.625]]	[-24.499999999999996,-24.416666666666664,155.5,155.625]	c	"[{""bbox_cell"":[2096,2100,1224,1228],""branches"":[""c""],""leaf_path"":[272],""n_coords"":13}]"	T2	[[[0.0,0.0],[0.0,0.33203125],[0.0,0.6640625],[0.0,1.0],[0.33203125,1.0],[0.6640625,1.0],[1.0,1.0],[1.0,0.6640625],[1.0,0.33203125],[1.0,0.0],[0.6640625,0.0],[0.33203125,0.0],[0.0,0.0]]]	true	output/scratch-14/cell_local/proofs/418.json	0	4ed9cd801bdd70992a9b7bd090803ffae349515f87546f044b21157e68e99d72	disc-verified:resolved	0	2ee3456a9aeb8607b88be4edd989a2034dd7fdd6f7846369d9dbc4c8ff20e6ae	disc-verified:resolved	output/scratch-14/witnesses/0418_requirement.json	"{""background_ordinal"":0,""bbox_global_raw"":[8580846.937702399,8956351.741951998,5013817.176883199,5013817.176883199],""branch"":""b"",""length"":1208,""n_coords"":66,""offset"":3797588072,""source_cell"":[0,2141,1224],""source_cell_sha256"":""fd40ee1d8accbff209e9ee687982ea6c9297d5768563722bef0e94d3fa8a9a10"",""spool_data"":""output/extract_timing/spool/level_0.data"",""trigger"":{""cell_raw"":[2481.953177601099,313.1768831992522],""global_raw"":[8587697.953177601,5013817.176883199],""lat_lon"":[-24.4984071,155.5189358],""vertex"":63}}"	b	[0,2141,1224]	66	[8580846.938,8956351.742,5013817.177,5013817.177]	3	0	False	encoder_drops_clipped_source_sliver	east
0	2098	1224	288	0	0	0	0	0	0	0	-1	-1	419	O01	1	1	[13]	[[-24.499999999999996,-24.416666666666664,155.5,155.625]]	[-24.499999999999996,-24.416666666666664,155.5,155.625]	c	"[{""bbox_cell"":[2096,2100,1224,1228],""branches"":[""c""],""leaf_path"":[274],""n_coords"":13}]"	T2	[[[0.0,0.0],[0.0,0.33203125],[0.0,0.6640625],[0.0,1.0],[0.33203125,1.0],[0.6640625,1.0],[1.0,1.0],[1.0,0.6640625],[1.0,0.33203125],[1.0,0.0],[0.6640625,0.0],[0.33203125,0.0],[0.0,0.0]]]	true	output/scratch-14/cell_local/proofs/419.json	0	4ed9cd801bdd70992a9b7bd090803ffae349515f87546f044b21157e68e99d72	disc-verified:resolved	0	2ee3456a9aeb8607b88be4edd989a2034dd7fdd6f7846369d9dbc4c8ff20e6ae	disc-verified:resolved	output/scratch-14/witnesses/0419_requirement.json	"{""background_ordinal"":0,""bbox_global_raw"":[8580846.937702399,8956351.741951998,5013817.176883199,5013817.176883199],""branch"":""b"",""length"":1208,""n_coords"":66,""offset"":3797588072,""source_cell"":[0,2141,1224],""source_cell_sha256"":""fd40ee1d8accbff209e9ee687982ea6c9297d5768563722bef0e94d3fa8a9a10"",""spool_data"":""output/extract_timing/spool/level_0.data"",""trigger"":{""cell_raw"":[141.89854719862342,313.1768831992522],""global_raw"":[8593549.898547199,5013817.176883199],""lat_lon"":[-24.4984071,155.5635826],""vertex"":62}}"	b	[0,2141,1224]	66	[8580846.938,8956351.742,5013817.177,5013817.177]	3	0	False	encoder_drops_clipped_source_sliver	east
0	2099	1224	288	0	0	0	0	0	0	0	-1	-1	420	O01	1	1	[13]	[[-24.499999999999996,-24.416666666666664,155.5,155.625]]	[-24.499999999999996,-24.416666666666664,155.5,155.625]	c	"[{""bbox_cell"":[2096,2100,1224,1228],""branches"":[""c""],""leaf_path"":[275],""n_coords"":13}]"	T2	[[[0.0,0.0],[0.0,0.33203125],[0.0,0.6640625],[0.0,1.0],[0.33203125,1.0],[0.6640625,1.0],[1.0,1.0],[1.0,0.6640625],[1.0,0.33203125],[1.0,0.0],[0.6640625,0.0],[0.33203125,0.0],[0.0,0.0]]]	true	output/scratch-14/cell_local/proofs/420.json	0	4ed9cd801bdd70992a9b7bd090803ffae349515f87546f044b21157e68e99d72	disc-verified:resolved	0	2ee3456a9aeb8607b88be4edd989a2034dd7fdd6f7846369d9dbc4c8ff20e6ae	disc-verified:resolved	output/scratch-14/witnesses/0420_requirement.json	"{""background_ordinal"":0,""bbox_global_raw"":[8580846.937702399,8956351.741951998,5013817.176883199,5013817.176883199],""branch"":""b"",""length"":1208,""n_coords"":66,""offset"":3797588072,""source_cell"":[0,2141,1224],""source_cell_sha256"":""fd40ee1d8accbff209e9ee687982ea6c9297d5768563722bef0e94d3fa8a9a10"",""spool_data"":""output/extract_timing/spool/level_0.data"",""trigger"":{""cell_raw"":[1897.8308096006513,313.1768831992522],""global_raw"":[8599401.8308096,5013817.176883199],""lat_lon"":[-24.4984071,155.6082293],""vertex"":61}}"	b	[0,2141,1224]	66	[8580846.938,8956351.742,5013817.177,5013817.177]	3	0	False	encoder_drops_clipped_source_sliver	east
0	2100	1224	288	0	0	0	0	0	0	0	-1	-1	421	O01	1	1	[13]	[[-24.499999999999996,-24.416666666666664,155.625,155.75]]	[-24.499999999999996,-24.416666666666664,155.625,155.75]	c	"[{""bbox_cell"":[2100,2104,1224,1228],""branches"":[""c""],""leaf_path"":[276],""n_coords"":13}]"	T2	[[[0.0,0.0],[0.0,0.33203125],[0.0,0.6640625],[0.0,1.0],[0.33203125,1.0],[0.6640625,1.0],[1.0,1.0],[1.0,0.6640625],[1.0,0.33203125],[1.0,0.0],[0.6640625,0.0],[0.33203125,0.0],[0.0,0.0]]]	true	output/scratch-14/cell_local/proofs/421.json	0	4ed9cd801bdd70992a9b7bd090803ffae349515f87546f044b21157e68e99d72	disc-verified:resolved	0	2ee3456a9aeb8607b88be4edd989a2034dd7fdd6f7846369d9dbc4c8ff20e6ae	disc-verified:resolved	output/scratch-14/witnesses/0421_requirement.json	"{""background_ordinal"":0,""bbox_global_raw"":[8580846.937702399,8956351.741951998,5013817.176883199,5013817.176883199],""branch"":""b"",""length"":1208,""n_coords"":66,""offset"":3797588072,""source_cell"":[0,2141,1224],""source_cell_sha256"":""fd40ee1d8accbff209e9ee687982ea6c9297d5768563722bef0e94d3fa8a9a10"",""spool_data"":""output/extract_timing/spool/level_0.data"",""trigger"":{""cell_raw"":[3653.7761791981757,313.1768831992522],""global_raw"":[8605253.776179198,5013817.176883199],""lat_lon"":[-24.4984071,155.6528761],""vertex"":60}}"	b	[0,2141,1224]	66	[8580846.938,8956351.742,5013817.177,5013817.177]	3	0	False	encoder_drops_clipped_source_sliver	east
0	2102	1224	288	0	0	0	0	0	0	0	-1	-1	422	O01	1	1	[13]	[[-24.499999999999996,-24.416666666666664,155.625,155.75]]	[-24.499999999999996,-24.416666666666664,155.625,155.75]	c	"[{""bbox_cell"":[2100,2104,1224,1228],""branches"":[""c""],""leaf_path"":[278],""n_coords"":13}]"	T2	[[[0.0,0.0],[0.0,0.33203125],[0.0,0.6640625],[0.0,1.0],[0.33203125,1.0],[0.6640625,1.0],[1.0,1.0],[1.0,0.6640625],[1.0,0.33203125],[1.0,0.0],[0.6640625,0.0],[0.33203125,0.0],[0.0,0.0]]]	true	output/scratch-14/cell_local/proofs/422.json	0	4ed9cd801bdd70992a9b7bd090803ffae349515f87546f044b21157e68e99d72	disc-verified:resolved	0	2ee3456a9aeb8607b88be4edd989a2034dd7fdd6f7846369d9dbc4c8ff20e6ae	disc-verified:resolved	output/scratch-14/witnesses/0422_requirement.json	"{""background_ordinal"":0,""bbox_global_raw"":[8580846.937702399,8956351.741951998,5013817.176883199,5013817.176883199],""branch"":""b"",""length"":1208,""n_coords"":66,""offset"":3797588072,""source_cell"":[0,2141,1224],""source_cell_sha256"":""fd40ee1d8accbff209e9ee687982ea6c9297d5768563722bef0e94d3fa8a9a10"",""spool_data"":""output/extract_timing/spool/level_0.data"",""trigger"":{""cell_raw"":[1313.7084416002035,313.1768831992522],""global_raw"":[8611105.7084416,5013817.176883199],""lat_lon"":[-24.4984071,155.6975228],""vertex"":59}}"	b	[0,2141,1224]	66	[8580846.938,8956351.742,5013817.177,5013817.177]	3	0	False	encoder_drops_clipped_source_sliver	east
0	2103	1224	288	0	0	0	0	0	0	0	-1	-1	423	O01	1	1	[13]	[[-24.499999999999996,-24.416666666666664,155.625,155.75]]	[-24.499999999999996,-24.416666666666664,155.625,155.75]	c	"[{""bbox_cell"":[2100,2104,1224,1228],""branches"":[""c""],""leaf_path"":[279],""n_coords"":13}]"	T2	[[[0.0,0.0],[0.0,0.33203125],[0.0,0.6640625],[0.0,1.0],[0.33203125,1.0],[0.6640625,1.0],[1.0,1.0],[1.0,0.6640625],[1.0,0.33203125],[1.0,0.0],[0.6640625,0.0],[0.33203125,0.0],[0.0,0.0]]]	true	output/scratch-14/cell_local/proofs/423.json	0	4ed9cd801bdd70992a9b7bd090803ffae349515f87546f044b21157e68e99d72	disc-verified:resolved	0	2ee3456a9aeb8607b88be4edd989a2034dd7fdd6f7846369d9dbc4c8ff20e6ae	disc-verified:resolved	output/scratch-14/witnesses/0423_requirement.json	"{""background_ordinal"":0,""bbox_global_raw"":[8580846.937702399,8956351.741951998,5013817.176883199,5013817.176883199],""branch"":""b"",""length"":1208,""n_coords"":66,""offset"":3797588072,""source_cell"":[0,2141,1224],""source_cell_sha256"":""fd40ee1d8accbff209e9ee687982ea6c9297d5768563722bef0e94d3fa8a9a10"",""spool_data"":""output/extract_timing/spool/level_0.data"",""trigger"":{""cell_raw"":[3069.653811201453,313.1768831992522],""global_raw"":[8616957.653811201,5013817.176883199],""lat_lon"":[-24.4984071,155.7421696],""vertex"":58}}"	b	[0,2141,1224]	66	[8580846.938,8956351.742,5013817.177,5013817.177]	3	0	False	encoder_drops_clipped_source_sliver	east
0	2105	1224	288	0	0	0	0	0	0	0	-1	-1	424	O01	1	1	[13]	[[-24.499999999999996,-24.416666666666664,155.75,155.875]]	[-24.499999999999996,-24.416666666666664,155.75,155.875]	c	"[{""bbox_cell"":[2104,2108,1224,1228],""branches"":[""c""],""leaf_path"":[281],""n_coords"":13}]"	T2	[[[0.0,0.0],[0.0,0.33203125],[0.0,0.6640625],[0.0,1.0],[0.33203125,1.0],[0.6640625,1.0],[1.0,1.0],[1.0,0.6640625],[1.0,0.33203125],[1.0,0.0],[0.6640625,0.0],[0.33203125,0.0],[0.0,0.0]]]	true	output/scratch-14/cell_local/proofs/424.json	0	4ed9cd801bdd70992a9b7bd090803ffae349515f87546f044b21157e68e99d72	disc-verified:resolved	0	2ee3456a9aeb8607b88be4edd989a2034dd7fdd6f7846369d9dbc4c8ff20e6ae	disc-verified:resolved	output/scratch-14/witnesses/0424_requirement.json	"{""background_ordinal"":0,""bbox_global_raw"":[8580846.937702399,8956351.741951998,5013817.176883199,5013817.176883199],""branch"":""b"",""length"":1208,""n_coords"":66,""offset"":3797588072,""source_cell"":[0,2141,1224],""source_cell_sha256"":""fd40ee1d8accbff209e9ee687982ea6c9297d5768563722bef0e94d3fa8a9a10"",""spool_data"":""output/extract_timing/spool/level_0.data"",""trigger"":{""cell_raw"":[729.5860735997558,313.1768831992522],""global_raw"":[8622809.5860736,5013817.176883199],""lat_lon"":[-24.4984071,155.7868163],""vertex"":57}}"	b	[0,2141,1224]	66	[8580846.938,8956351.742,5013817.177,5013817.177]	3	0	False	encoder_drops_clipped_source_sliver	east
0	2106	1224	288	0	0	0	0	0	0	0	-1	-1	425	O01	1	1	[13]	[[-24.499999999999996,-24.416666666666664,155.75,155.875]]	[-24.499999999999996,-24.416666666666664,155.75,155.875]	c	"[{""bbox_cell"":[2104,2108,1224,1228],""branches"":[""c""],""leaf_path"":[282],""n_coords"":13}]"	T2	[[[0.0,0.0],[0.0,0.33203125],[0.0,0.6640625],[0.0,1.0],[0.33203125,1.0],[0.6640625,1.0],[1.0,1.0],[1.0,0.6640625],[1.0,0.33203125],[1.0,0.0],[0.6640625,0.0],[0.33203125,0.0],[0.0,0.0]]]	true	output/scratch-14/cell_local/proofs/425.json	0	4ed9cd801bdd70992a9b7bd090803ffae349515f87546f044b21157e68e99d72	disc-verified:resolved	0	2ee3456a9aeb8607b88be4edd989a2034dd7fdd6f7846369d9dbc4c8ff20e6ae	disc-verified:resolved	output/scratch-14/witnesses/0425_requirement.json	"{""background_ordinal"":0,""bbox_global_raw"":[8580846.937702399,8956351.741951998,5013817.176883199,5013817.176883199],""branch"":""b"",""length"":1208,""n_coords"":66,""offset"":3797588072,""source_cell"":[0,2141,1224],""source_cell_sha256"":""fd40ee1d8accbff209e9ee687982ea6c9297d5768563722bef0e94d3fa8a9a10"",""spool_data"":""output/extract_timing/spool/level_0.data"",""trigger"":{""cell_raw"":[2485.5314432010055,313.1768831992522],""global_raw"":[8628661.531443201,5013817.176883199],""lat_lon"":[-24.4984071,155.8314631],""vertex"":56}}"	b	[0,2141,1224]	66	[8580846.938,8956351.742,5013817.177,5013817.177]	3	0	False	encoder_drops_clipped_source_sliver	east
0	2108	1224	288	0	0	0	0	0	0	0	-1	-1	426	O01	1	1	[13]	[[-24.499999999999996,-24.416666666666664,155.875,156.0]]	[-24.499999999999996,-24.416666666666664,155.875,156.0]	c	"[{""bbox_cell"":[2108,2112,1224,1228],""branches"":[""c""],""leaf_path"":[284],""n_coords"":13}]"	T1	[[[1.0,0.0],[0.6640625,0.0],[0.33203125,0.0],[0.0,0.0],[0.0,0.33203125],[0.0,0.6640625],[0.0,1.0],[0.33203125,1.0],[0.6640625,1.0],[1.0,1.0],[1.0,0.6640625],[1.0,0.33203125],[1.0,0.0]]]	true	output/scratch-14/cell_local/proofs/426.json	0	4ed9cd801bdd70992a9b7bd090803ffae349515f87546f044b21157e68e99d72	disc-verified:resolved	0	2ee3456a9aeb8607b88be4edd989a2034dd7fdd6f7846369d9dbc4c8ff20e6ae	disc-verified:resolved	output/scratch-14/witnesses/0426_requirement.json	"{""background_ordinal"":0,""bbox_global_raw"":[8580846.937702399,8956351.741951998,5013817.176883199,5013817.176883199],""branch"":""b"",""length"":1208,""n_coords"":66,""offset"":3797588072,""source_cell"":[0,2141,1224],""source_cell_sha256"":""fd40ee1d8accbff209e9ee687982ea6c9297d5768563722bef0e94d3fa8a9a10"",""spool_data"":""output/extract_timing/spool/level_0.data"",""trigger"":{""cell_raw"":[145.463705599308,313.1768831992522],""global_raw"":[8634513.4637056,5013817.176883199],""lat_lon"":[-24.4984071,155.8761098],""vertex"":55}}"	b	[0,2141,1224]	66	[8580846.938,8956351.742,5013817.177,5013817.177]	3	0	False	encoder_drops_clipped_source_sliver	east
0	2109	1224	288	0	0	0	0	0	0	0	-1	-1	427	O01	1	1	[13]	[[-24.499999999999996,-24.416666666666664,155.875,156.0]]	[-24.499999999999996,-24.416666666666664,155.875,156.0]	c	"[{""bbox_cell"":[2108,2112,1224,1228],""branches"":[""c""],""leaf_path"":[285],""n_coords"":13}]"	T1	[[[1.0,0.0],[0.6640625,0.0],[0.33203125,0.0],[0.0,0.0],[0.0,0.33203125],[0.0,0.6640625],[0.0,1.0],[0.33203125,1.0],[0.6640625,1.0],[1.0,1.0],[1.0,0.6640625],[1.0,0.33203125],[1.0,0.0]]]	true	output/scratch-14/cell_local/proofs/427.json	0	4ed9cd801bdd70992a9b7bd090803ffae349515f87546f044b21157e68e99d72	disc-verified:resolved	0	2ee3456a9aeb8607b88be4edd989a2034dd7fdd6f7846369d9dbc4c8ff20e6ae	disc-verified:resolved	output/scratch-14/witnesses/0427_requirement.json	"{""background_ordinal"":0,""bbox_global_raw"":[8580846.937702399,8956351.741951998,5013817.176883199,5013817.176883199],""branch"":""b"",""length"":1208,""n_coords"":66,""offset"":3797588072,""source_cell"":[0,2141,1224],""source_cell_sha256"":""fd40ee1d8accbff209e9ee687982ea6c9297d5768563722bef0e94d3fa8a9a10"",""spool_data"":""output/extract_timing/spool/level_0.data"",""trigger"":{""cell_raw"":[1901.4090752005577,313.1768831992522],""global_raw"":[8640365.4090752,5013817.176883199],""lat_lon"":[-24.4984071,155.9207566],""vertex"":54}}"	b	[0,2141,1224]	66	[8580846.938,8956351.742,5013817.177,5013817.177]	3	0	False	encoder_drops_clipped_source_sliver	east
0	2110	1224	288	0	0	0	0	0	0	0	-1	-1	428	O01	1	1	[13]	[[-24.499999999999996,-24.416666666666664,155.875,156.0]]	[-24.499999999999996,-24.416666666666664,155.875,156.0]	c	"[{""bbox_cell"":[2108,2112,1224,1228],""branches"":[""c""],""leaf_path"":[286],""n_coords"":13}]"	T1	[[[1.0,0.0],[0.6640625,0.0],[0.33203125,0.0],[0.0,0.0],[0.0,0.33203125],[0.0,0.6640625],[0.0,1.0],[0.33203125,1.0],[0.6640625,1.0],[1.0,1.0],[1.0,0.6640625],[1.0,0.33203125],[1.0,0.0]]]	true	output/scratch-14/cell_local/proofs/428.json	0	4ed9cd801bdd70992a9b7bd090803ffae349515f87546f044b21157e68e99d72	disc-verified:resolved	0	2ee3456a9aeb8607b88be4edd989a2034dd7fdd6f7846369d9dbc4c8ff20e6ae	disc-verified:resolved	output/scratch-14/witnesses/0428_requirement.json	"{""background_ordinal"":0,""bbox_global_raw"":[8580846.937702399,8956351.741951998,5013817.176883199,5013817.176883199],""branch"":""b"",""length"":1208,""n_coords"":66,""offset"":3797588072,""source_cell"":[0,2141,1224],""source_cell_sha256"":""fd40ee1d8accbff209e9ee687982ea6c9297d5768563722bef0e94d3fa8a9a10"",""spool_data"":""output/extract_timing/spool/level_0.data"",""trigger"":{""cell_raw"":[3657.3413375988603,313.1768831992522],""global_raw"":[8646217.341337599,5013817.176883199],""lat_lon"":[-24.4984071,155.9654033],""vertex"":53}}"	b	[0,2141,1224]	66	[8580846.938,8956351.742,5013817.177,5013817.177]	3	0	False	encoder_drops_clipped_source_sliver	east
0	2112	1224	288	0	0	0	0	0	0	0	-1	-1	429	O01	1	1	[13]	[[-24.499999999999996,-24.416666666666664,156.0,156.125]]	[-24.499999999999996,-24.416666666666664,156.0,156.125]	c	"[{""bbox_cell"":[2112,2116,1224,1228],""branches"":[""c""],""leaf_path"":[256],""n_coords"":13}]"	T1	[[[1.0,0.0],[0.6640625,0.0],[0.33203125,0.0],[0.0,0.0],[0.0,0.33203125],[0.0,0.6640625],[0.0,1.0],[0.33203125,1.0],[0.6640625,1.0],[1.0,1.0],[1.0,0.6640625],[1.0,0.33203125],[1.0,0.0]]]	true	output/scratch-14/cell_local/proofs/429.json	0	4ed9cd801bdd70992a9b7bd090803ffae349515f87546f044b21157e68e99d72	disc-verified:resolved	0	2ee3456a9aeb8607b88be4edd989a2034dd7fdd6f7846369d9dbc4c8ff20e6ae	disc-verified:resolved	output/scratch-14/witnesses/0429_requirement.json	"{""background_ordinal"":0,""bbox_global_raw"":[8580846.937702399,8956351.741951998,5013817.176883199,5013817.176883199],""branch"":""b"",""length"":1208,""n_coords"":66,""offset"":3797588072,""source_cell"":[0,2141,1224],""source_cell_sha256"":""fd40ee1d8accbff209e9ee687982ea6c9297d5768563722bef0e94d3fa8a9a10"",""spool_data"":""output/extract_timing/spool/level_0.data"",""trigger"":{""cell_raw"":[1317.28670720011,313.1768831992522],""global_raw"":[8652069.2867072,5013817.176883199],""lat_lon"":[-24.4984071,156.0100501],""vertex"":52}}"	b	[0,2141,1224]	66	[8580846.938,8956351.742,5013817.177,5013817.177]	3	0	False	encoder_drops_clipped_source_sliver	east
0	2113	1224	288	0	0	0	0	0	0	0	-1	-1	430	O01	1	1	[13]	[[-24.499999999999996,-24.416666666666664,156.0,156.125]]	[-24.499999999999996,-24.416666666666664,156.0,156.125]	c	"[{""bbox_cell"":[2112,2116,1224,1228],""branches"":[""c""],""leaf_path"":[257],""n_coords"":13}]"	T1	[[[1.0,0.0],[0.6640625,0.0],[0.33203125,0.0],[0.0,0.0],[0.0,0.33203125],[0.0,0.6640625],[0.0,1.0],[0.33203125,1.0],[0.6640625,1.0],[1.0,1.0],[1.0,0.6640625],[1.0,0.33203125],[1.0,0.0]]]	true	output/scratch-14/cell_local/proofs/430.json	0	4ed9cd801bdd70992a9b7bd090803ffae349515f87546f044b21157e68e99d72	disc-verified:resolved	0	2ee3456a9aeb8607b88be4edd989a2034dd7fdd6f7846369d9dbc4c8ff20e6ae	disc-verified:resolved	output/scratch-14/witnesses/0430_requirement.json	"{""background_ordinal"":0,""bbox_global_raw"":[8580846.937702399,8956351.741951998,5013817.176883199,5013817.176883199],""branch"":""b"",""length"":1208,""n_coords"":66,""offset"":3797588072,""source_cell"":[0,2141,1224],""source_cell_sha256"":""fd40ee1d8accbff209e9ee687982ea6c9297d5768563722bef0e94d3fa8a9a10"",""spool_data"":""output/extract_timing/spool/level_0.data"",""trigger"":{""cell_raw"":[3073.2189695984125,313.1768831992522],""global_raw"":[8657921.218969598,5013817.176883199],""lat_lon"":[-24.4984071,156.0546968],""vertex"":51}}"	b	[0,2141,1224]	66	[8580846.938,8956351.742,5013817.177,5013817.177]	3	0	False	encoder_drops_clipped_source_sliver	east
0	2115	1224	288	0	0	0	0	0	0	0	-1	-1	431	O01	1	1	[13]	[[-24.499999999999996,-24.416666666666664,156.0,156.125]]	[-24.499999999999996,-24.416666666666664,156.0,156.125]	c	"[{""bbox_cell"":[2112,2116,1224,1228],""branches"":[""c""],""leaf_path"":[259],""n_coords"":13}]"	T1	[[[1.0,0.0],[0.6640625,0.0],[0.33203125,0.0],[0.0,0.0],[0.0,0.33203125],[0.0,0.6640625],[0.0,1.0],[0.33203125,1.0],[0.6640625,1.0],[1.0,1.0],[1.0,0.6640625],[1.0,0.33203125],[1.0,0.0]]]	true	output/scratch-14/cell_local/proofs/431.json	0	4ed9cd801bdd70992a9b7bd090803ffae349515f87546f044b21157e68e99d72	disc-verified:resolved	0	2ee3456a9aeb8607b88be4edd989a2034dd7fdd6f7846369d9dbc4c8ff20e6ae	disc-verified:resolved	output/scratch-14/witnesses/0431_requirement.json	"{""background_ordinal"":0,""bbox_global_raw"":[8580846.937702399,8956351.741951998,5013817.176883199,5013817.176883199],""branch"":""b"",""length"":1208,""n_coords"":66,""offset"":3797588072,""source_cell"":[0,2141,1224],""source_cell_sha256"":""fd40ee1d8accbff209e9ee687982ea6c9297d5768563722bef0e94d3fa8a9a10"",""spool_data"":""output/extract_timing/spool/level_0.data"",""trigger"":{""cell_raw"":[733.1643391996622,313.1768831992522],""global_raw"":[8663773.1643392,5013817.176883199],""lat_lon"":[-24.4984071,156.0993436],""vertex"":50}}"	b	[0,2141,1224]	66	[8580846.938,8956351.742,5013817.177,5013817.177]	3	0	False	encoder_drops_clipped_source_sliver	east
0	2116	1224	288	0	0	0	0	0	0	0	-1	-1	432	O01	1	1	[13]	[[-24.499999999999996,-24.416666666666664,156.125,156.25]]	[-24.499999999999996,-24.416666666666664,156.125,156.25]	c	"[{""bbox_cell"":[2116,2120,1224,1228],""branches"":[""c""],""leaf_path"":[260],""n_coords"":13}]"	T2	[[[0.0,0.0],[0.0,0.33203125],[0.0,0.6640625],[0.0,1.0],[0.33203125,1.0],[0.6640625,1.0],[1.0,1.0],[1.0,0.6640625],[1.0,0.33203125],[1.0,0.0],[0.6640625,0.0],[0.33203125,0.0],[0.0,0.0]]]	true	output/scratch-14/cell_local/proofs/432.json	0	4ed9cd801bdd70992a9b7bd090803ffae349515f87546f044b21157e68e99d72	disc-verified:resolved	0	2ee3456a9aeb8607b88be4edd989a2034dd7fdd6f7846369d9dbc4c8ff20e6ae	disc-verified:resolved	output/scratch-14/witnesses/0432_requirement.json	"{""background_ordinal"":0,""bbox_global_raw"":[8580846.937702399,8956351.741951998,5013817.176883199,5013817.176883199],""branch"":""b"",""length"":1208,""n_coords"":66,""offset"":3797588072,""source_cell"":[0,2141,1224],""source_cell_sha256"":""fd40ee1d8accbff209e9ee687982ea6c9297d5768563722bef0e94d3fa8a9a10"",""spool_data"":""output/extract_timing/spool/level_0.data"",""trigger"":{""cell_raw"":[2489.09660160169,313.1768831992522],""global_raw"":[8669625.096601602,5013817.176883199],""lat_lon"":[-24.4984071,156.1439903],""vertex"":49}}"	b	[0,2141,1224]	66	[8580846.938,8956351.742,5013817.177,5013817.177]	3	0	False	encoder_drops_clipped_source_sliver	east
0	2118	1224	288	0	0	0	0	0	0	0	-1	-1	433	O01	1	1	[13]	[[-24.499999999999996,-24.416666666666664,156.125,156.25]]	[-24.499999999999996,-24.416666666666664,156.125,156.25]	c	"[{""bbox_cell"":[2116,2120,1224,1228],""branches"":[""c""],""leaf_path"":[262],""n_coords"":13}]"	T2	[[[0.0,0.0],[0.0,0.33203125],[0.0,0.6640625],[0.0,1.0],[0.33203125,1.0],[0.6640625,1.0],[1.0,1.0],[1.0,0.6640625],[1.0,0.33203125],[1.0,0.0],[0.6640625,0.0],[0.33203125,0.0],[0.0,0.0]]]	true	output/scratch-14/cell_local/proofs/433.json	0	4ed9cd801bdd70992a9b7bd090803ffae349515f87546f044b21157e68e99d72	disc-verified:resolved	0	2ee3456a9aeb8607b88be4edd989a2034dd7fdd6f7846369d9dbc4c8ff20e6ae	disc-verified:resolved	output/scratch-14/witnesses/0433_requirement.json	"{""background_ordinal"":0,""bbox_global_raw"":[8580846.937702399,8956351.741951998,5013817.176883199,5013817.176883199],""branch"":""b"",""length"":1208,""n_coords"":66,""offset"":3797588072,""source_cell"":[0,2141,1224],""source_cell_sha256"":""fd40ee1d8accbff209e9ee687982ea6c9297d5768563722bef0e94d3fa8a9a10"",""spool_data"":""output/extract_timing/spool/level_0.data"",""trigger"":{""cell_raw"":[149.04197119921446,313.1768831992522],""global_raw"":[8675477.0419712,5013817.176883199],""lat_lon"":[-24.4984071,156.1886371],""vertex"":48}}"	b	[0,2141,1224]	66	[8580846.938,8956351.742,5013817.177,5013817.177]	3	0	False	encoder_drops_clipped_source_sliver	east
0	2119	1224	288	0	0	0	0	0	0	0	-1	-1	434	O01	1	1	[13]	[[-24.499999999999996,-24.416666666666664,156.125,156.25]]	[-24.499999999999996,-24.416666666666664,156.125,156.25]	c	"[{""bbox_cell"":[2116,2120,1224,1228],""branches"":[""c""],""leaf_path"":[263],""n_coords"":13}]"	T2	[[[0.0,0.0],[0.0,0.33203125],[0.0,0.6640625],[0.0,1.0],[0.33203125,1.0],[0.6640625,1.0],[1.0,1.0],[1.0,0.6640625],[1.0,0.33203125],[1.0,0.0],[0.6640625,0.0],[0.33203125,0.0],[0.0,0.0]]]	true	output/scratch-14/cell_local/proofs/434.json	0	4ed9cd801bdd70992a9b7bd090803ffae349515f87546f044b21157e68e99d72	disc-verified:resolved	0	2ee3456a9aeb8607b88be4edd989a2034dd7fdd6f7846369d9dbc4c8ff20e6ae	disc-verified:resolved	output/scratch-14/witnesses/0434_requirement.json	"{""background_ordinal"":0,""bbox_global_raw"":[8580846.937702399,8956351.741951998,5013817.176883199,5013817.176883199],""branch"":""b"",""length"":1208,""n_coords"":66,""offset"":3797588072,""source_cell"":[0,2141,1224],""source_cell_sha256"":""fd40ee1d8accbff209e9ee687982ea6c9297d5768563722bef0e94d3fa8a9a10"",""spool_data"":""output/extract_timing/spool/level_0.data"",""trigger"":{""cell_raw"":[1904.9742336012423,313.1768831992522],""global_raw"":[8681328.974233601,5013817.176883199],""lat_lon"":[-24.4984071,156.2332838],""vertex"":47}}"	b	[0,2141,1224]	66	[8580846.938,8956351.742,5013817.177,5013817.177]	3	0	False	encoder_drops_clipped_source_sliver	east
0	2120	1224	288	0	0	0	0	0	0	0	-1	-1	435	O01	1	1	[13]	[[-24.499999999999996,-24.416666666666664,156.25,156.375]]	[-24.499999999999996,-24.416666666666664,156.25,156.375]	c	"[{""bbox_cell"":[2120,2124,1224,1228],""branches"":[""c""],""leaf_path"":[264],""n_coords"":13}]"	T2	[[[0.0,0.0],[0.0,0.33203125],[0.0,0.6640625],[0.0,1.0],[0.33203125,1.0],[0.6640625,1.0],[1.0,1.0],[1.0,0.6640625],[1.0,0.33203125],[1.0,0.0],[0.6640625,0.0],[0.33203125,0.0],[0.0,0.0]]]	true	output/scratch-14/cell_local/proofs/435.json	0	4ed9cd801bdd70992a9b7bd090803ffae349515f87546f044b21157e68e99d72	disc-verified:resolved	0	2ee3456a9aeb8607b88be4edd989a2034dd7fdd6f7846369d9dbc4c8ff20e6ae	disc-verified:resolved	output/scratch-14/witnesses/0435_requirement.json	"{""background_ordinal"":0,""bbox_global_raw"":[8580846.937702399,8956351.741951998,5013817.176883199,5013817.176883199],""branch"":""b"",""length"":1208,""n_coords"":66,""offset"":3797588072,""source_cell"":[0,2141,1224],""source_cell_sha256"":""fd40ee1d8accbff209e9ee687982ea6c9297d5768563722bef0e94d3fa8a9a10"",""spool_data"":""output/extract_timing/spool/level_0.data"",""trigger"":{""cell_raw"":[3660.9196031987667,313.1768831992522],""global_raw"":[8687180.919603199,5013817.176883199],""lat_lon"":[-24.4984071,156.2779306],""vertex"":46}}"	b	[0,2141,1224]	66	[8580846.938,8956351.742,5013817.177,5013817.177]	3	0	False	encoder_drops_clipped_source_sliver	east
0	2122	1224	288	0	0	0	0	0	0	0	-1	-1	436	O01	1	1	[13]	[[-24.499999999999996,-24.416666666666664,156.25,156.375]]	[-24.499999999999996,-24.416666666666664,156.25,156.375]	c	"[{""bbox_cell"":[2120,2124,1224,1228],""branches"":[""c""],""leaf_path"":[266],""n_coords"":13}]"	T2	[[[0.0,0.0],[0.0,0.33203125],[0.0,0.6640625],[0.0,1.0],[0.33203125,1.0],[0.6640625,1.0],[1.0,1.0],[1.0,0.6640625],[1.0,0.33203125],[1.0,0.0],[0.6640625,0.0],[0.33203125,0.0],[0.0,0.0]]]	true	output/scratch-14/cell_local/proofs/436.json	0	4ed9cd801bdd70992a9b7bd090803ffae349515f87546f044b21157e68e99d72	disc-verified:resolved	0	2ee3456a9aeb8607b88be4edd989a2034dd7fdd6f7846369d9dbc4c8ff20e6ae	disc-verified:resolved	output/scratch-14/witnesses/0436_requirement.json	"{""background_ordinal"":0,""bbox_global_raw"":[8580846.937702399,8956351.741951998,5013817.176883199,5013817.176883199],""branch"":""b"",""length"":1208,""n_coords"":66,""offset"":3797588072,""source_cell"":[0,2141,1224],""source_cell_sha256"":""fd40ee1d8accbff209e9ee687982ea6c9297d5768563722bef0e94d3fa8a9a10"",""spool_data"":""output/extract_timing/spool/level_0.data"",""trigger"":{""cell_raw"":[1320.8518656007946,313.1768831992522],""global_raw"":[8693032.8518656,5013817.176883199],""lat_lon"":[-24.4984071,156.3225773],""vertex"":45}}"	b	[0,2141,1224]	66	[8580846.938,8956351.742,5013817.177,5013817.177]	3	0	False	encoder_drops_clipped_source_sliver	east
0	2123	1224	288	0	0	0	0	0	0	0	-1	-1	437	O01	1	1	[13]	[[-24.499999999999996,-24.416666666666664,156.25,156.375]]	[-24.499999999999996,-24.416666666666664,156.25,156.375]	c	"[{""bbox_cell"":[2120,2124,1224,1228],""branches"":[""c""],""leaf_path"":[267],""n_coords"":13}]"	T2	[[[0.0,0.0],[0.0,0.33203125],[0.0,0.6640625],[0.0,1.0],[0.33203125,1.0],[0.6640625,1.0],[1.0,1.0],[1.0,0.6640625],[1.0,0.33203125],[1.0,0.0],[0.6640625,0.0],[0.33203125,0.0],[0.0,0.0]]]	true	output/scratch-14/cell_local/proofs/437.json	0	4ed9cd801bdd70992a9b7bd090803ffae349515f87546f044b21157e68e99d72	disc-verified:resolved	0	2ee3456a9aeb8607b88be4edd989a2034dd7fdd6f7846369d9dbc4c8ff20e6ae	disc-verified:resolved	output/scratch-14/witnesses/0437_requirement.json	"{""background_ordinal"":0,""bbox_global_raw"":[8580846.937702399,8956351.741951998,5013817.176883199,5013817.176883199],""branch"":""b"",""length"":1208,""n_coords"":66,""offset"":3797588072,""source_cell"":[0,2141,1224],""source_cell_sha256"":""fd40ee1d8accbff209e9ee687982ea6c9297d5768563722bef0e94d3fa8a9a10"",""spool_data"":""output/extract_timing/spool/level_0.data"",""trigger"":{""cell_raw"":[3076.797235198319,313.1768831992522],""global_raw"":[8698884.797235198,5013817.176883199],""lat_lon"":[-24.4984071,156.3672241],""vertex"":44}}"	b	[0,2141,1224]	66	[8580846.938,8956351.742,5013817.177,5013817.177]	3	0	False	encoder_drops_clipped_source_sliver	east
0	2125	1224	288	0	0	0	0	0	0	0	-1	-1	438	O01	1	1	[13]	[[-24.499999999999996,-24.416666666666664,156.375,156.5]]	[-24.499999999999996,-24.416666666666664,156.375,156.5]	c	"[{""bbox_cell"":[2124,2128,1224,1228],""branches"":[""c""],""leaf_path"":[269],""n_coords"":13}]"	T2	[[[0.0,0.0],[0.0,0.33203125],[0.0,0.6640625],[0.0,1.0],[0.33203125,1.0],[0.6640625,1.0],[1.0,1.0],[1.0,0.6640625],[1.0,0.33203125],[1.0,0.0],[0.6640625,0.0],[0.33203125,0.0],[0.0,0.0]]]	true	output/scratch-14/cell_local/proofs/438.json	0	4ed9cd801bdd70992a9b7bd090803ffae349515f87546f044b21157e68e99d72	disc-verified:resolved	0	2ee3456a9aeb8607b88be4edd989a2034dd7fdd6f7846369d9dbc4c8ff20e6ae	disc-verified:resolved	output/scratch-14/witnesses/0438_requirement.json	"{""background_ordinal"":0,""bbox_global_raw"":[8580846.937702399,8956351.741951998,5013817.176883199,5013817.176883199],""branch"":""b"",""length"":1208,""n_coords"":66,""offset"":3797588072,""source_cell"":[0,2141,1224],""source_cell_sha256"":""fd40ee1d8accbff209e9ee687982ea6c9297d5768563722bef0e94d3fa8a9a10"",""spool_data"":""output/extract_timing/spool/level_0.data"",""trigger"":{""cell_raw"":[736.7294976003468,313.1768831992522],""global_raw"":[8704736.7294976,5013817.176883199],""lat_lon"":[-24.4984071,156.4118708],""vertex"":43}}"	b	[0,2141,1224]	66	[8580846.938,8956351.742,5013817.177,5013817.177]	3	0	False	encoder_drops_clipped_source_sliver	east
0	2126	1224	288	0	0	0	0	0	0	0	-1	-1	439	O01	1	1	[13]	[[-24.499999999999996,-24.416666666666664,156.375,156.5]]	[-24.499999999999996,-24.416666666666664,156.375,156.5]	c	"[{""bbox_cell"":[2124,2128,1224,1228],""branches"":[""c""],""leaf_path"":[270],""n_coords"":13}]"	T2	[[[0.0,0.0],[0.0,0.33203125],[0.0,0.6640625],[0.0,1.0],[0.33203125,1.0],[0.6640625,1.0],[1.0,1.0],[1.0,0.6640625],[1.0,0.33203125],[1.0,0.0],[0.6640625,0.0],[0.33203125,0.0],[0.0,0.0]]]	true	output/scratch-14/cell_local/proofs/439.json	0	4ed9cd801bdd70992a9b7bd090803ffae349515f87546f044b21157e68e99d72	disc-verified:resolved	0	2ee3456a9aeb8607b88be4edd989a2034dd7fdd6f7846369d9dbc4c8ff20e6ae	disc-verified:resolved	output/scratch-14/witnesses/0439_requirement.json	"{""background_ordinal"":0,""bbox_global_raw"":[8580846.937702399,8956351.741951998,5013817.176883199,5013817.176883199],""branch"":""b"",""length"":1208,""n_coords"":66,""offset"":3797588072,""source_cell"":[0,2141,1224],""source_cell_sha256"":""fd40ee1d8accbff209e9ee687982ea6c9297d5768563722bef0e94d3fa8a9a10"",""spool_data"":""output/extract_timing/spool/level_0.data"",""trigger"":{""cell_raw"":[2492.6617599986494,313.1768831992522],""global_raw"":[8710588.661759999,5013817.176883199],""lat_lon"":[-24.4984071,156.4565175],""vertex"":42}}"	b	[0,2141,1224]	66	[8580846.938,8956351.742,5013817.177,5013817.177]	3	0	False	encoder_drops_clipped_source_sliver	east
0	2128	1224	288	0	0	0	0	0	0	0	-1	-1	440	O01	1	1	[13]	[[-24.499999999999996,-24.416666666666664,156.5,156.625]]	[-24.499999999999996,-24.416666666666664,156.5,156.625]	c	"[{""bbox_cell"":[2128,2132,1224,1228],""branches"":[""c""],""leaf_path"":[272],""n_coords"":13}]"	T2	[[[0.0,0.0],[0.0,0.33203125],[0.0,0.6640625],[0.0,1.0],[0.33203125,1.0],[0.6640625,1.0],[1.0,1.0],[1.0,0.6640625],[1.0,0.33203125],[1.0,0.0],[0.6640625,0.0],[0.33203125,0.0],[0.0,0.0]]]	true	output/scratch-14/cell_local/proofs/440.json	0	4ed9cd801bdd70992a9b7bd090803ffae349515f87546f044b21157e68e99d72	disc-verified:resolved	0	2ee3456a9aeb8607b88be4edd989a2034dd7fdd6f7846369d9dbc4c8ff20e6ae	disc-verified:resolved	output/scratch-14/witnesses/0440_requirement.json	"{""background_ordinal"":0,""bbox_global_raw"":[8580846.937702399,8956351.741951998,5013817.176883199,5013817.176883199],""branch"":""b"",""length"":1208,""n_coords"":66,""offset"":3797588072,""source_cell"":[0,2141,1224],""source_cell_sha256"":""fd40ee1d8accbff209e9ee687982ea6c9297d5768563722bef0e94d3fa8a9a10"",""spool_data"":""output/extract_timing/spool/level_0.data"",""trigger"":{""cell_raw"":[152.60712959989905,313.1768831992522],""global_raw"":[8716440.6071296,5013817.176883199],""lat_lon"":[-24.4984071,156.5011643],""vertex"":41}}"	b	[0,2141,1224]	66	[8580846.938,8956351.742,5013817.177,5013817.177]	3	0	False	encoder_drops_clipped_source_sliver	east
0	2129	1224	288	0	0	0	0	0	0	0	-1	-1	441	O01	1	1	[13]	[[-24.499999999999996,-24.416666666666664,156.5,156.625]]	[-24.499999999999996,-24.416666666666664,156.5,156.625]	c	"[{""bbox_cell"":[2128,2132,1224,1228],""branches"":[""c""],""leaf_path"":[273],""n_coords"":13}]"	T2	[[[0.0,0.0],[0.0,0.33203125],[0.0,0.6640625],[0.0,1.0],[0.33203125,1.0],[0.6640625,1.0],[1.0,1.0],[1.0,0.6640625],[1.0,0.33203125],[1.0,0.0],[0.6640625,0.0],[0.33203125,0.0],[0.0,0.0]]]	true	output/scratch-14/cell_local/proofs/441.json	0	4ed9cd801bdd70992a9b7bd090803ffae349515f87546f044b21157e68e99d72	disc-verified:resolved	0	2ee3456a9aeb8607b88be4edd989a2034dd7fdd6f7846369d9dbc4c8ff20e6ae	disc-verified:resolved	output/scratch-14/witnesses/0441_requirement.json	"{""background_ordinal"":0,""bbox_global_raw"":[8580846.937702399,8956351.741951998,5013817.176883199,5013817.176883199],""branch"":""b"",""length"":1208,""n_coords"":66,""offset"":3797588072,""source_cell"":[0,2141,1224],""source_cell_sha256"":""fd40ee1d8accbff209e9ee687982ea6c9297d5768563722bef0e94d3fa8a9a10"",""spool_data"":""output/extract_timing/spool/level_0.data"",""trigger"":{""cell_raw"":[1908.5393919982016,313.1768831992522],""global_raw"":[8722292.539391998,5013817.176883199],""lat_lon"":[-24.4984071,156.545811],""vertex"":40}}"	b	[0,2141,1224]	66	[8580846.938,8956351.742,5013817.177,5013817.177]	3	0	False	encoder_drops_clipped_source_sliver	east
0	2130	1224	288	0	0	0	0	0	0	0	-1	-1	442	O01	1	1	[13]	[[-24.499999999999996,-24.416666666666664,156.5,156.625]]	[-24.499999999999996,-24.416666666666664,156.5,156.625]	c	"[{""bbox_cell"":[2128,2132,1224,1228],""branches"":[""c""],""leaf_path"":[274],""n_coords"":13}]"	T2	[[[0.0,0.0],[0.0,0.33203125],[0.0,0.6640625],[0.0,1.0],[0.33203125,1.0],[0.6640625,1.0],[1.0,1.0],[1.0,0.6640625],[1.0,0.33203125],[1.0,0.0],[0.6640625,0.0],[0.33203125,0.0],[0.0,0.0]]]	true	output/scratch-14/cell_local/proofs/442.json	0	4ed9cd801bdd70992a9b7bd090803ffae349515f87546f044b21157e68e99d72	disc-verified:resolved	0	2ee3456a9aeb8607b88be4edd989a2034dd7fdd6f7846369d9dbc4c8ff20e6ae	disc-verified:resolved	output/scratch-14/witnesses/0442_requirement.json	"{""background_ordinal"":0,""bbox_global_raw"":[8580846.937702399,8956351.741951998,5013817.176883199,5013817.176883199],""branch"":""b"",""length"":1208,""n_coords"":66,""offset"":3797588072,""source_cell"":[0,2141,1224],""source_cell_sha256"":""fd40ee1d8accbff209e9ee687982ea6c9297d5768563722bef0e94d3fa8a9a10"",""spool_data"":""output/extract_timing/spool/level_0.data"",""trigger"":{""cell_raw"":[3664.4847615994513,313.1768831992522],""global_raw"":[8728144.4847616,5013817.176883199],""lat_lon"":[-24.4984071,156.5904578],""vertex"":39}}"	b	[0,2141,1224]	66	[8580846.938,8956351.742,5013817.177,5013817.177]	3	0	False	encoder_drops_clipped_source_sliver	east
0	2132	1224	288	0	0	0	0	0	0	0	-1	-1	443	O01	1	1	[13]	[[-24.499999999999996,-24.416666666666664,156.625,156.75]]	[-24.499999999999996,-24.416666666666664,156.625,156.75]	c	"[{""bbox_cell"":[2132,2136,1224,1228],""branches"":[""c""],""leaf_path"":[276],""n_coords"":13}]"	T2	[[[0.0,0.0],[0.0,0.33203125],[0.0,0.6640625],[0.0,1.0],[0.33203125,1.0],[0.6640625,1.0],[1.0,1.0],[1.0,0.6640625],[1.0,0.33203125],[1.0,0.0],[0.6640625,0.0],[0.33203125,0.0],[0.0,0.0]]]	true	output/scratch-14/cell_local/proofs/443.json	0	4ed9cd801bdd70992a9b7bd090803ffae349515f87546f044b21157e68e99d72	disc-verified:resolved	0	2ee3456a9aeb8607b88be4edd989a2034dd7fdd6f7846369d9dbc4c8ff20e6ae	disc-verified:resolved	output/scratch-14/witnesses/0443_requirement.json	"{""background_ordinal"":0,""bbox_global_raw"":[8580846.937702399,8956351.741951998,5013817.176883199,5013817.176883199],""branch"":""b"",""length"":1208,""n_coords"":66,""offset"":3797588072,""source_cell"":[0,2141,1224],""source_cell_sha256"":""fd40ee1d8accbff209e9ee687982ea6c9297d5768563722bef0e94d3fa8a9a10"",""spool_data"":""output/extract_timing/spool/level_0.data"",""trigger"":{""cell_raw"":[1324.4170240014791,313.1768831992522],""global_raw"":[8733996.417024001,5013817.176883199],""lat_lon"":[-24.4984071,156.6351045],""vertex"":38}}"	b	[0,2141,1224]	66	[8580846.938,8956351.742,5013817.177,5013817.177]	3	0	False	encoder_drops_clipped_source_sliver	east
0	2133	1224	288	0	0	0	0	0	0	0	-1	-1	444	O01	1	1	[13]	[[-24.499999999999996,-24.416666666666664,156.625,156.75]]	[-24.499999999999996,-24.416666666666664,156.625,156.75]	c	"[{""bbox_cell"":[2132,2136,1224,1228],""branches"":[""c""],""leaf_path"":[277],""n_coords"":13}]"	T2	[[[0.0,0.0],[0.0,0.33203125],[0.0,0.6640625],[0.0,1.0],[0.33203125,1.0],[0.6640625,1.0],[1.0,1.0],[1.0,0.6640625],[1.0,0.33203125],[1.0,0.0],[0.6640625,0.0],[0.33203125,0.0],[0.0,0.0]]]	true	output/scratch-14/cell_local/proofs/444.json	0	4ed9cd801bdd70992a9b7bd090803ffae349515f87546f044b21157e68e99d72	disc-verified:resolved	0	2ee3456a9aeb8607b88be4edd989a2034dd7fdd6f7846369d9dbc4c8ff20e6ae	disc-verified:resolved	output/scratch-14/witnesses/0444_requirement.json	"{""background_ordinal"":0,""bbox_global_raw"":[8580846.937702399,8956351.741951998,5013817.176883199,5013817.176883199],""branch"":""b"",""length"":1208,""n_coords"":66,""offset"":3797588072,""source_cell"":[0,2141,1224],""source_cell_sha256"":""fd40ee1d8accbff209e9ee687982ea6c9297d5768563722bef0e94d3fa8a9a10"",""spool_data"":""output/extract_timing/spool/level_0.data"",""trigger"":{""cell_raw"":[3080.3623935990036,313.1768831992522],""global_raw"":[8739848.362393599,5013817.176883199],""lat_lon"":[-24.4984071,156.6797513],""vertex"":37}}"	b	[0,2141,1224]	66	[8580846.938,8956351.742,5013817.177,5013817.177]	3	0	False	encoder_drops_clipped_source_sliver	east
0	2135	1224	288	0	0	0	0	0	0	0	-1	-1	445	O01	1	1	[13]	[[-24.499999999999996,-24.416666666666664,156.625,156.75]]	[-24.499999999999996,-24.416666666666664,156.625,156.75]	c	"[{""bbox_cell"":[2132,2136,1224,1228],""branches"":[""c""],""leaf_path"":[279],""n_coords"":13}]"	T2	[[[0.0,0.0],[0.0,0.33203125],[0.0,0.6640625],[0.0,1.0],[0.33203125,1.0],[0.6640625,1.0],[1.0,1.0],[1.0,0.6640625],[1.0,0.33203125],[1.0,0.0],[0.6640625,0.0],[0.33203125,0.0],[0.0,0.0]]]	true	output/scratch-14/cell_local/proofs/445.json	0	4ed9cd801bdd70992a9b7bd090803ffae349515f87546f044b21157e68e99d72	disc-verified:resolved	0	2ee3456a9aeb8607b88be4edd989a2034dd7fdd6f7846369d9dbc4c8ff20e6ae	disc-verified:resolved	output/scratch-14/witnesses/0445_requirement.json	"{""background_ordinal"":0,""bbox_global_raw"":[8580846.937702399,8956351.741951998,5013817.176883199,5013817.176883199],""branch"":""b"",""length"":1208,""n_coords"":66,""offset"":3797588072,""source_cell"":[0,2141,1224],""source_cell_sha256"":""fd40ee1d8accbff209e9ee687982ea6c9297d5768563722bef0e94d3fa8a9a10"",""spool_data"":""output/extract_timing/spool/level_0.data"",""trigger"":{""cell_raw"":[740.2946560010314,313.1768831992522],""global_raw"":[8745700.294656001,5013817.176883199],""lat_lon"":[-24.4984071,156.724398],""vertex"":36}}"	b	[0,2141,1224]	66	[8580846.938,8956351.742,5013817.177,5013817.177]	3	0	False	encoder_drops_clipped_source_sliver	east
0	2136	1224	288	0	0	0	0	0	0	0	-1	-1	446	O01	1	1	[13]	[[-24.499999999999996,-24.416666666666664,156.75,156.875]]	[-24.499999999999996,-24.416666666666664,156.75,156.875]	c	"[{""bbox_cell"":[2136,2140,1224,1228],""branches"":[""c""],""leaf_path"":[280],""n_coords"":13}]"	T2	[[[0.0,0.0],[0.0,0.33203125],[0.0,0.6640625],[0.0,1.0],[0.33203125,1.0],[0.6640625,1.0],[1.0,1.0],[1.0,0.6640625],[1.0,0.33203125],[1.0,0.0],[0.6640625,0.0],[0.33203125,0.0],[0.0,0.0]]]	true	output/scratch-14/cell_local/proofs/446.json	0	4ed9cd801bdd70992a9b7bd090803ffae349515f87546f044b21157e68e99d72	disc-verified:resolved	0	2ee3456a9aeb8607b88be4edd989a2034dd7fdd6f7846369d9dbc4c8ff20e6ae	disc-verified:resolved	output/scratch-14/witnesses/0446_requirement.json	"{""background_ordinal"":0,""bbox_global_raw"":[8580846.937702399,8956351.741951998,5013817.176883199,5013817.176883199],""branch"":""b"",""length"":1208,""n_coords"":66,""offset"":3797588072,""source_cell"":[0,2141,1224],""source_cell_sha256"":""fd40ee1d8accbff209e9ee687982ea6c9297d5768563722bef0e94d3fa8a9a10"",""spool_data"":""output/extract_timing/spool/level_0.data"",""trigger"":{""cell_raw"":[2496.240025598556,313.1768831992522],""global_raw"":[8751552.240025599,5013817.176883199],""lat_lon"":[-24.4984071,156.7690448],""vertex"":35}}"	b	[0,2141,1224]	66	[8580846.938,8956351.742,5013817.177,5013817.177]	3	0	False	encoder_drops_clipped_source_sliver	east
0	2138	1224	288	0	0	0	0	0	0	0	-1	-1	447	O01	1	1	[13]	[[-24.499999999999996,-24.416666666666664,156.75,156.875]]	[-24.499999999999996,-24.416666666666664,156.75,156.875]	c	"[{""bbox_cell"":[2136,2140,1224,1228],""branches"":[""c""],""leaf_path"":[282],""n_coords"":13}]"	T2	[[[0.0,0.0],[0.0,0.33203125],[0.0,0.6640625],[0.0,1.0],[0.33203125,1.0],[0.6640625,1.0],[1.0,1.0],[1.0,0.6640625],[1.0,0.33203125],[1.0,0.0],[0.6640625,0.0],[0.33203125,0.0],[0.0,0.0]]]	true	output/scratch-14/cell_local/proofs/447.json	0	4ed9cd801bdd70992a9b7bd090803ffae349515f87546f044b21157e68e99d72	disc-verified:resolved	0	2ee3456a9aeb8607b88be4edd989a2034dd7fdd6f7846369d9dbc4c8ff20e6ae	disc-verified:resolved	output/scratch-14/witnesses/0447_requirement.json	"{""background_ordinal"":0,""bbox_global_raw"":[8580846.937702399,8956351.741951998,5013817.176883199,5013817.176883199],""branch"":""b"",""length"":1208,""n_coords"":66,""offset"":3797588072,""source_cell"":[0,2141,1224],""source_cell_sha256"":""fd40ee1d8accbff209e9ee687982ea6c9297d5768563722bef0e94d3fa8a9a10"",""spool_data"":""output/extract_timing/spool/level_0.data"",""trigger"":{""cell_raw"":[156.17228800058365,313.1768831992522],""global_raw"":[8757404.172288,5013817.176883199],""lat_lon"":[-24.4984071,156.8136915],""vertex"":34}}"	b	[0,2141,1224]	66	[8580846.938,8956351.742,5013817.177,5013817.177]	3	0	False	encoder_drops_clipped_source_sliver	east
0	2139	1224	288	0	0	0	0	0	0	0	-1	-1	448	O01	1	1	[13]	[[-24.499999999999996,-24.416666666666664,156.75,156.875]]	[-24.499999999999996,-24.416666666666664,156.75,156.875]	c	"[{""bbox_cell"":[2136,2140,1224,1228],""branches"":[""c""],""leaf_path"":[283],""n_coords"":13}]"	T2	[[[0.0,0.0],[0.0,0.33203125],[0.0,0.6640625],[0.0,1.0],[0.33203125,1.0],[0.6640625,1.0],[1.0,1.0],[1.0,0.6640625],[1.0,0.33203125],[1.0,0.0],[0.6640625,0.0],[0.33203125,0.0],[0.0,0.0]]]	true	output/scratch-14/cell_local/proofs/448.json	0	4ed9cd801bdd70992a9b7bd090803ffae349515f87546f044b21157e68e99d72	disc-verified:resolved	0	2ee3456a9aeb8607b88be4edd989a2034dd7fdd6f7846369d9dbc4c8ff20e6ae	disc-verified:resolved	output/scratch-14/witnesses/0448_requirement.json	"{""background_ordinal"":0,""bbox_global_raw"":[8580846.937702399,8956351.741951998,5013817.176883199,5013817.176883199],""branch"":""b"",""length"":1208,""n_coords"":66,""offset"":3797588072,""source_cell"":[0,2141,1224],""source_cell_sha256"":""fd40ee1d8accbff209e9ee687982ea6c9297d5768563722bef0e94d3fa8a9a10"",""spool_data"":""output/extract_timing/spool/level_0.data"",""trigger"":{""cell_raw"":[1912.1176576018333,313.1768831992522],""global_raw"":[8763256.117657602,5013817.176883199],""lat_lon"":[-24.4984071,156.8583383],""vertex"":33}}"	b	[0,2141,1224]	66	[8580846.938,8956351.742,5013817.177,5013817.177]	3	0	False	encoder_drops_clipped_source_sliver	east
0	2140	1224	288	0	0	0	0	0	0	0	-1	-1	449	O01	1	1	[13]	[[-24.499999999999996,-24.416666666666664,156.875,157.0]]	[-24.499999999999996,-24.416666666666664,156.875,157.0]	c	"[{""bbox_cell"":[2140,2144,1224,1228],""branches"":[""c""],""leaf_path"":[284],""n_coords"":13}]"	T1	[[[1.0,0.0],[0.6640625,0.0],[0.33203125,0.0],[0.0,0.0],[0.0,0.33203125],[0.0,0.6640625],[0.0,1.0],[0.33203125,1.0],[0.6640625,1.0],[1.0,1.0],[1.0,0.6640625],[1.0,0.33203125],[1.0,0.0]]]	true	output/scratch-14/cell_local/proofs/449.json	0	4ed9cd801bdd70992a9b7bd090803ffae349515f87546f044b21157e68e99d72	disc-verified:resolved	0	2ee3456a9aeb8607b88be4edd989a2034dd7fdd6f7846369d9dbc4c8ff20e6ae	disc-verified:resolved	output/scratch-14/witnesses/0449_requirement.json	"{""background_ordinal"":0,""bbox_global_raw"":[8580846.937702399,8956351.741951998,5013817.176883199,5013817.176883199],""branch"":""b"",""length"":1208,""n_coords"":66,""offset"":3797588072,""source_cell"":[0,2141,1224],""source_cell_sha256"":""fd40ee1d8accbff209e9ee687982ea6c9297d5768563722bef0e94d3fa8a9a10"",""spool_data"":""output/extract_timing/spool/level_0.data"",""trigger"":{""cell_raw"":[3668.049920000136,313.1768831992522],""global_raw"":[8769108.04992,5013817.176883199],""lat_lon"":[-24.4984071,156.902985],""vertex"":32}}"	b	[0,2141,1224]	66	[8580846.938,8956351.742,5013817.177,5013817.177]	3	0	False	encoder_drops_clipped_source_sliver	east
0	2142	1224	288	0	0	0	0	0	0	0	-1	-1	450	O01	1	1	[13]	[[-24.499999999999996,-24.416666666666664,156.875,157.0]]	[-24.499999999999996,-24.416666666666664,156.875,157.0]	c	"[{""bbox_cell"":[2140,2144,1224,1228],""branches"":[""c""],""leaf_path"":[286],""n_coords"":13}]"	T1	[[[1.0,0.0],[0.6640625,0.0],[0.33203125,0.0],[0.0,0.0],[0.0,0.33203125],[0.0,0.6640625],[0.0,1.0],[0.33203125,1.0],[0.6640625,1.0],[1.0,1.0],[1.0,0.6640625],[1.0,0.33203125],[1.0,0.0]]]	true	output/scratch-14/cell_local/proofs/450.json	0	4ed9cd801bdd70992a9b7bd090803ffae349515f87546f044b21157e68e99d72	disc-verified:resolved	0	2ee3456a9aeb8607b88be4edd989a2034dd7fdd6f7846369d9dbc4c8ff20e6ae	disc-verified:resolved	output/scratch-14/witnesses/0450_requirement.json	"{""background_ordinal"":0,""bbox_global_raw"":[8580846.937702399,8956351.741951998,5013817.176883199,5013817.176883199],""branch"":""b"",""length"":1208,""n_coords"":66,""offset"":3797588072,""source_cell"":[0,2141,1224],""source_cell_sha256"":""fd40ee1d8accbff209e9ee687982ea6c9297d5768563722bef0e94d3fa8a9a10"",""spool_data"":""output/extract_timing/spool/level_0.data"",""trigger"":{""cell_raw"":[1327.9952896013856,313.1768831992522],""global_raw"":[8774959.995289601,5013817.176883199],""lat_lon"":[-24.4984071,156.9476318],""vertex"":31}}"	b	[0,2141,1224]	66	[8580846.938,8956351.742,5013817.177,5013817.177]	3	0	False	encoder_drops_clipped_source_sliver	east
0	2143	1224	288	0	0	0	0	0	0	0	-1	-1	451	O01	1	1	[13]	[[-24.499999999999996,-24.416666666666664,156.875,157.0]]	[-24.499999999999996,-24.416666666666664,156.875,157.0]	c	"[{""bbox_cell"":[2140,2144,1224,1228],""branches"":[""c""],""leaf_path"":[287],""n_coords"":13}]"	T1	[[[1.0,0.0],[0.6640625,0.0],[0.33203125,0.0],[0.0,0.0],[0.0,0.33203125],[0.0,0.6640625],[0.0,1.0],[0.33203125,1.0],[0.6640625,1.0],[1.0,1.0],[1.0,0.6640625],[1.0,0.33203125],[1.0,0.0]]]	true	output/scratch-14/cell_local/proofs/451.json	0	4ed9cd801bdd70992a9b7bd090803ffae349515f87546f044b21157e68e99d72	disc-verified:resolved	0	2ee3456a9aeb8607b88be4edd989a2034dd7fdd6f7846369d9dbc4c8ff20e6ae	disc-verified:resolved	output/scratch-14/witnesses/0451_requirement.json	"{""background_ordinal"":0,""bbox_global_raw"":[8580846.937702399,8956351.741951998,5013817.176883199,5013817.176883199],""branch"":""b"",""length"":1208,""n_coords"":66,""offset"":3797588072,""source_cell"":[0,2141,1224],""source_cell_sha256"":""fd40ee1d8accbff209e9ee687982ea6c9297d5768563722bef0e94d3fa8a9a10"",""spool_data"":""output/extract_timing/spool/level_0.data"",""trigger"":{""cell_raw"":[3083.927551999688,313.1768831992522],""global_raw"":[8780811.927552,5013817.176883199],""lat_lon"":[-24.4984071,156.9922785],""vertex"":30}}"	b	[0,2141,1224]	66	[8580846.938,8956351.742,5013817.177,5013817.177]	3	0	False	encoder_drops_clipped_source_sliver	east
0	2145	1224	288	0	0	0	0	0	0	0	-1	-1	452	O01	1	1	[13]	[[-24.499999999999996,-24.416666666666664,157.0,157.125]]	[-24.499999999999996,-24.416666666666664,157.0,157.125]	c	"[{""bbox_cell"":[2144,2148,1224,1228],""branches"":[""c""],""leaf_path"":[257],""n_coords"":13}]"	T1	[[[1.0,0.0],[0.6640625,0.0],[0.33203125,0.0],[0.0,0.0],[0.0,0.33203125],[0.0,0.6640625],[0.0,1.0],[0.33203125,1.0],[0.6640625,1.0],[1.0,1.0],[1.0,0.6640625],[1.0,0.33203125],[1.0,0.0]]]	true	output/scratch-14/cell_local/proofs/452.json	0	4ed9cd801bdd70992a9b7bd090803ffae349515f87546f044b21157e68e99d72	disc-verified:resolved	0	2ee3456a9aeb8607b88be4edd989a2034dd7fdd6f7846369d9dbc4c8ff20e6ae	disc-verified:resolved	output/scratch-14/witnesses/0452_requirement.json	"{""background_ordinal"":0,""bbox_global_raw"":[8580846.937702399,8956351.741951998,5013817.176883199,5013817.176883199],""branch"":""b"",""length"":1208,""n_coords"":66,""offset"":3797588072,""source_cell"":[0,2141,1224],""source_cell_sha256"":""fd40ee1d8accbff209e9ee687982ea6c9297d5768563722bef0e94d3fa8a9a10"",""spool_data"":""output/extract_timing/spool/level_0.data"",""trigger"":{""cell_raw"":[743.8729216009378,313.1768831992522],""global_raw"":[8786663.872921601,5013817.176883199],""lat_lon"":[-24.4984071,157.0369253],""vertex"":29}}"	b	[0,2141,1224]	66	[8580846.938,8956351.742,5013817.177,5013817.177]	3	0	False	encoder_drops_clipped_source_sliver	east
0	2146	1224	288	0	0	0	0	0	0	0	-1	-1	453	O01	1	1	[13]	[[-24.499999999999996,-24.416666666666664,157.0,157.125]]	[-24.499999999999996,-24.416666666666664,157.0,157.125]	c	"[{""bbox_cell"":[2144,2148,1224,1228],""branches"":[""c""],""leaf_path"":[258],""n_coords"":13}]"	T1	[[[1.0,0.0],[0.6640625,0.0],[0.33203125,0.0],[0.0,0.0],[0.0,0.33203125],[0.0,0.6640625],[0.0,1.0],[0.33203125,1.0],[0.6640625,1.0],[1.0,1.0],[1.0,0.6640625],[1.0,0.33203125],[1.0,0.0]]]	true	output/scratch-14/cell_local/proofs/453.json	0	4ed9cd801bdd70992a9b7bd090803ffae349515f87546f044b21157e68e99d72	disc-verified:resolved	0	2ee3456a9aeb8607b88be4edd989a2034dd7fdd6f7846369d9dbc4c8ff20e6ae	disc-verified:resolved	output/scratch-14/witnesses/0453_requirement.json	"{""background_ordinal"":0,""bbox_global_raw"":[8580846.937702399,8956351.741951998,5013817.176883199,5013817.176883199],""branch"":""b"",""length"":1208,""n_coords"":66,""offset"":3797588072,""source_cell"":[0,2141,1224],""source_cell_sha256"":""fd40ee1d8accbff209e9ee687982ea6c9297d5768563722bef0e94d3fa8a9a10"",""spool_data"":""output/extract_timing/spool/level_0.data"",""trigger"":{""cell_raw"":[2499.8051839992404,313.1768831992522],""global_raw"":[8792515.805184,5013817.176883199],""lat_lon"":[-24.4984071,157.081572],""vertex"":28}}"	b	[0,2141,1224]	66	[8580846.938,8956351.742,5013817.177,5013817.177]	3	0	False	encoder_drops_clipped_source_sliver	east
0	2148	1224	288	0	0	0	0	0	0	0	-1	-1	454	O01	1	1	[13]	[[-24.499999999999996,-24.416666666666664,157.125,157.25]]	[-24.499999999999996,-24.416666666666664,157.125,157.25]	c	"[{""bbox_cell"":[2148,2152,1224,1228],""branches"":[""c""],""leaf_path"":[260],""n_coords"":13}]"	T2	[[[0.0,0.0],[0.0,0.33203125],[0.0,0.6640625],[0.0,1.0],[0.33203125,1.0],[0.6640625,1.0],[1.0,1.0],[1.0,0.6640625],[1.0,0.33203125],[1.0,0.0],[0.6640625,0.0],[0.33203125,0.0],[0.0,0.0]]]	true	output/scratch-14/cell_local/proofs/454.json	0	4ed9cd801bdd70992a9b7bd090803ffae349515f87546f044b21157e68e99d72	disc-verified:resolved	0	2ee3456a9aeb8607b88be4edd989a2034dd7fdd6f7846369d9dbc4c8ff20e6ae	disc-verified:resolved	output/scratch-14/witnesses/0454_requirement.json	"{""background_ordinal"":0,""bbox_global_raw"":[8580846.937702399,8956351.741951998,5013817.176883199,5013817.176883199],""branch"":""b"",""length"":1208,""n_coords"":66,""offset"":3797588072,""source_cell"":[0,2141,1224],""source_cell_sha256"":""fd40ee1d8accbff209e9ee687982ea6c9297d5768563722bef0e94d3fa8a9a10"",""spool_data"":""output/extract_timing/spool/level_0.data"",""trigger"":{""cell_raw"":[159.7505536004901,313.1768831992522],""global_raw"":[8798367.7505536,5013817.176883199],""lat_lon"":[-24.4984071,157.1262188],""vertex"":27}}"	b	[0,2141,1224]	66	[8580846.938,8956351.742,5013817.177,5013817.177]	3	0	False	encoder_drops_clipped_source_sliver	east
0	2149	1224	288	0	0	0	0	0	0	0	-1	-1	455	O01	1	1	[13]	[[-24.499999999999996,-24.416666666666664,157.125,157.25]]	[-24.499999999999996,-24.416666666666664,157.125,157.25]	c	"[{""bbox_cell"":[2148,2152,1224,1228],""branches"":[""c""],""leaf_path"":[261],""n_coords"":13}]"	T2	[[[0.0,0.0],[0.0,0.33203125],[0.0,0.6640625],[0.0,1.0],[0.33203125,1.0],[0.6640625,1.0],[1.0,1.0],[1.0,0.6640625],[1.0,0.33203125],[1.0,0.0],[0.6640625,0.0],[0.33203125,0.0],[0.0,0.0]]]	true	output/scratch-14/cell_local/proofs/455.json	0	4ed9cd801bdd70992a9b7bd090803ffae349515f87546f044b21157e68e99d72	disc-verified:resolved	0	2ee3456a9aeb8607b88be4edd989a2034dd7fdd6f7846369d9dbc4c8ff20e6ae	disc-verified:resolved	output/scratch-14/witnesses/0455_requirement.json	"{""background_ordinal"":0,""bbox_global_raw"":[8580846.937702399,8956351.741951998,5013817.176883199,5013817.176883199],""branch"":""b"",""length"":1208,""n_coords"":66,""offset"":3797588072,""source_cell"":[0,2141,1224],""source_cell_sha256"":""fd40ee1d8accbff209e9ee687982ea6c9297d5768563722bef0e94d3fa8a9a10"",""spool_data"":""output/extract_timing/spool/level_0.data"",""trigger"":{""cell_raw"":[1915.6828159987926,313.1768831992522],""global_raw"":[8804219.682815999,5013817.176883199],""lat_lon"":[-24.4984071,157.1708655],""vertex"":26}}"	b	[0,2141,1224]	66	[8580846.938,8956351.742,5013817.177,5013817.177]	3	0	False	encoder_drops_clipped_source_sliver	east
0	2150	1224	288	0	0	0	0	0	0	0	-1	-1	456	O01	1	1	[13]	[[-24.499999999999996,-24.416666666666664,157.125,157.25]]	[-24.499999999999996,-24.416666666666664,157.125,157.25]	c	"[{""bbox_cell"":[2148,2152,1224,1228],""branches"":[""c""],""leaf_path"":[262],""n_coords"":13}]"	T2	[[[0.0,0.0],[0.0,0.33203125],[0.0,0.6640625],[0.0,1.0],[0.33203125,1.0],[0.6640625,1.0],[1.0,1.0],[1.0,0.6640625],[1.0,0.33203125],[1.0,0.0],[0.6640625,0.0],[0.33203125,0.0],[0.0,0.0]]]	true	output/scratch-14/cell_local/proofs/456.json	0	4ed9cd801bdd70992a9b7bd090803ffae349515f87546f044b21157e68e99d72	disc-verified:resolved	0	2ee3456a9aeb8607b88be4edd989a2034dd7fdd6f7846369d9dbc4c8ff20e6ae	disc-verified:resolved	output/scratch-14/witnesses/0456_requirement.json	"{""background_ordinal"":0,""bbox_global_raw"":[8580846.937702399,8956351.741951998,5013817.176883199,5013817.176883199],""branch"":""b"",""length"":1208,""n_coords"":66,""offset"":3797588072,""source_cell"":[0,2141,1224],""source_cell_sha256"":""fd40ee1d8accbff209e9ee687982ea6c9297d5768563722bef0e94d3fa8a9a10"",""spool_data"":""output/extract_timing/spool/level_0.data"",""trigger"":{""cell_raw"":[3671.6281856000423,313.1768831992522],""global_raw"":[8810071.6281856,5013817.176883199],""lat_lon"":[-24.4984071,157.2155123],""vertex"":25}}"	b	[0,2141,1224]	66	[8580846.938,8956351.742,5013817.177,5013817.177]	3	0	False	encoder_drops_clipped_source_sliver	east
0	2152	1224	288	0	0	0	0	0	0	0	-1	-1	457	O01	1	1	[13]	[[-24.499999999999996,-24.416666666666664,157.25,157.375]]	[-24.499999999999996,-24.416666666666664,157.25,157.375]	c	"[{""bbox_cell"":[2152,2156,1224,1228],""branches"":[""c""],""leaf_path"":[264],""n_coords"":13}]"	T2	[[[0.0,0.0],[0.0,0.33203125],[0.0,0.6640625],[0.0,1.0],[0.33203125,1.0],[0.6640625,1.0],[1.0,1.0],[1.0,0.6640625],[1.0,0.33203125],[1.0,0.0],[0.6640625,0.0],[0.33203125,0.0],[0.0,0.0]]]	true	output/scratch-14/cell_local/proofs/457.json	0	4ed9cd801bdd70992a9b7bd090803ffae349515f87546f044b21157e68e99d72	disc-verified:resolved	0	2ee3456a9aeb8607b88be4edd989a2034dd7fdd6f7846369d9dbc4c8ff20e6ae	disc-verified:resolved	output/scratch-14/witnesses/0457_requirement.json	"{""background_ordinal"":0,""bbox_global_raw"":[8580846.937702399,8956351.741951998,5013817.176883199,5013817.176883199],""branch"":""b"",""length"":1208,""n_coords"":66,""offset"":3797588072,""source_cell"":[0,2141,1224],""source_cell_sha256"":""fd40ee1d8accbff209e9ee687982ea6c9297d5768563722bef0e94d3fa8a9a10"",""spool_data"":""output/extract_timing/spool/level_0.data"",""trigger"":{""cell_raw"":[1331.560447998345,313.1768831992522],""global_raw"":[8815923.560447998,5013817.176883199],""lat_lon"":[-24.4984071,157.260159],""vertex"":24}}"	b	[0,2141,1224]	66	[8580846.938,8956351.742,5013817.177,5013817.177]	3	0	False	encoder_drops_clipped_source_sliver	east
0	2153	1224	288	0	0	0	0	0	0	0	-1	-1	458	O01	1	1	[13]	[[-24.499999999999996,-24.416666666666664,157.25,157.375]]	[-24.499999999999996,-24.416666666666664,157.25,157.375]	c	"[{""bbox_cell"":[2152,2156,1224,1228],""branches"":[""c""],""leaf_path"":[265],""n_coords"":13}]"	T2	[[[0.0,0.0],[0.0,0.33203125],[0.0,0.6640625],[0.0,1.0],[0.33203125,1.0],[0.6640625,1.0],[1.0,1.0],[1.0,0.6640625],[1.0,0.33203125],[1.0,0.0],[0.6640625,0.0],[0.33203125,0.0],[0.0,0.0]]]	true	output/scratch-14/cell_local/proofs/458.json	0	4ed9cd801bdd70992a9b7bd090803ffae349515f87546f044b21157e68e99d72	disc-verified:resolved	0	2ee3456a9aeb8607b88be4edd989a2034dd7fdd6f7846369d9dbc4c8ff20e6ae	disc-verified:resolved	output/scratch-14/witnesses/0458_requirement.json	"{""background_ordinal"":0,""bbox_global_raw"":[8580846.937702399,8956351.741951998,5013817.176883199,5013817.176883199],""branch"":""b"",""length"":1208,""n_coords"":66,""offset"":3797588072,""source_cell"":[0,2141,1224],""source_cell_sha256"":""fd40ee1d8accbff209e9ee687982ea6c9297d5768563722bef0e94d3fa8a9a10"",""spool_data"":""output/extract_timing/spool/level_0.data"",""trigger"":{""cell_raw"":[3087.5058175995946,313.1768831992522],""global_raw"":[8821775.5058176,5013817.176883199],""lat_lon"":[-24.4984071,157.3048058],""vertex"":23}}"	b	[0,2141,1224]	66	[8580846.938,8956351.742,5013817.177,5013817.177]	3	0	False	encoder_drops_clipped_source_sliver	east
0	2155	1224	288	0	0	0	0	0	0	0	-1	-1	459	O01	1	1	[13]	[[-24.499999999999996,-24.416666666666664,157.25,157.375]]	[-24.499999999999996,-24.416666666666664,157.25,157.375]	c	"[{""bbox_cell"":[2152,2156,1224,1228],""branches"":[""c""],""leaf_path"":[267],""n_coords"":13}]"	T2	[[[0.0,0.0],[0.0,0.33203125],[0.0,0.6640625],[0.0,1.0],[0.33203125,1.0],[0.6640625,1.0],[1.0,1.0],[1.0,0.6640625],[1.0,0.33203125],[1.0,0.0],[0.6640625,0.0],[0.33203125,0.0],[0.0,0.0]]]	true	output/scratch-14/cell_local/proofs/459.json	0	4ed9cd801bdd70992a9b7bd090803ffae349515f87546f044b21157e68e99d72	disc-verified:resolved	0	2ee3456a9aeb8607b88be4edd989a2034dd7fdd6f7846369d9dbc4c8ff20e6ae	disc-verified:resolved	output/scratch-14/witnesses/0459_requirement.json	"{""background_ordinal"":0,""bbox_global_raw"":[8580846.937702399,8956351.741951998,5013817.176883199,5013817.176883199],""branch"":""b"",""length"":1208,""n_coords"":66,""offset"":3797588072,""source_cell"":[0,2141,1224],""source_cell_sha256"":""fd40ee1d8accbff209e9ee687982ea6c9297d5768563722bef0e94d3fa8a9a10"",""spool_data"":""output/extract_timing/spool/level_0.data"",""trigger"":{""cell_raw"":[747.4380800016224,313.1768831992522],""global_raw"":[8827627.438080002,5013817.176883199],""lat_lon"":[-24.4984071,157.3494525],""vertex"":22}}"	b	[0,2141,1224]	66	[8580846.938,8956351.742,5013817.177,5013817.177]	3	0	False	encoder_drops_clipped_source_sliver	east
0	2156	1224	288	0	0	0	0	0	0	0	-1	-1	460	O01	1	1	[13]	[[-24.499999999999996,-24.416666666666664,157.375,157.5]]	[-24.499999999999996,-24.416666666666664,157.375,157.5]	c	"[{""bbox_cell"":[2156,2160,1224,1228],""branches"":[""c""],""leaf_path"":[268],""n_coords"":13}]"	T2	[[[0.0,0.0],[0.0,0.33203125],[0.0,0.6640625],[0.0,1.0],[0.33203125,1.0],[0.6640625,1.0],[1.0,1.0],[1.0,0.6640625],[1.0,0.33203125],[1.0,0.0],[0.6640625,0.0],[0.33203125,0.0],[0.0,0.0]]]	true	output/scratch-14/cell_local/proofs/460.json	0	4ed9cd801bdd70992a9b7bd090803ffae349515f87546f044b21157e68e99d72	disc-verified:resolved	0	2ee3456a9aeb8607b88be4edd989a2034dd7fdd6f7846369d9dbc4c8ff20e6ae	disc-verified:resolved	output/scratch-14/witnesses/0460_requirement.json	"{""background_ordinal"":0,""bbox_global_raw"":[8580846.937702399,8956351.741951998,5013817.176883199,5013817.176883199],""branch"":""b"",""length"":1208,""n_coords"":66,""offset"":3797588072,""source_cell"":[0,2141,1224],""source_cell_sha256"":""fd40ee1d8accbff209e9ee687982ea6c9297d5768563722bef0e94d3fa8a9a10"",""spool_data"":""output/extract_timing/spool/level_0.data"",""trigger"":{""cell_raw"":[2503.383449599147,313.1768831992522],""global_raw"":[8833479.3834496,5013817.176883199],""lat_lon"":[-24.4984071,157.3940993],""vertex"":21}}"	b	[0,2141,1224]	66	[8580846.938,8956351.742,5013817.177,5013817.177]	3	0	False	encoder_drops_clipped_source_sliver	east
0	2158	1224	288	0	0	0	0	0	0	0	-1	-1	461	O01	1	1	[13]	[[-24.499999999999996,-24.416666666666664,157.375,157.5]]	[-24.499999999999996,-24.416666666666664,157.375,157.5]	c	"[{""bbox_cell"":[2156,2160,1224,1228],""branches"":[""c""],""leaf_path"":[270],""n_coords"":13}]"	T2	[[[0.0,0.0],[0.0,0.33203125],[0.0,0.6640625],[0.0,1.0],[0.33203125,1.0],[0.6640625,1.0],[1.0,1.0],[1.0,0.6640625],[1.0,0.33203125],[1.0,0.0],[0.6640625,0.0],[0.33203125,0.0],[0.0,0.0]]]	true	output/scratch-14/cell_local/proofs/461.json	0	4ed9cd801bdd70992a9b7bd090803ffae349515f87546f044b21157e68e99d72	disc-verified:resolved	0	2ee3456a9aeb8607b88be4edd989a2034dd7fdd6f7846369d9dbc4c8ff20e6ae	disc-verified:resolved	output/scratch-14/witnesses/0461_requirement.json	"{""background_ordinal"":0,""bbox_global_raw"":[8580846.937702399,8956351.741951998,5013817.176883199,5013817.176883199],""branch"":""b"",""length"":1208,""n_coords"":66,""offset"":3797588072,""source_cell"":[0,2141,1224],""source_cell_sha256"":""fd40ee1d8accbff209e9ee687982ea6c9297d5768563722bef0e94d3fa8a9a10"",""spool_data"":""output/extract_timing/spool/level_0.data"",""trigger"":{""cell_raw"":[163.3157120011747,313.1768831992522],""global_raw"":[8839331.315712001,5013817.176883199],""lat_lon"":[-24.4984071,157.438746],""vertex"":20}}"	b	[0,2141,1224]	66	[8580846.938,8956351.742,5013817.177,5013817.177]	3	0	False	encoder_drops_clipped_source_sliver	east
0	2159	1224	288	0	0	0	0	0	0	0	-1	-1	462	O01	1	1	[13]	[[-24.499999999999996,-24.416666666666664,157.375,157.5]]	[-24.499999999999996,-24.416666666666664,157.375,157.5]	c	"[{""bbox_cell"":[2156,2160,1224,1228],""branches"":[""c""],""leaf_path"":[271],""n_coords"":13}]"	T2	[[[0.0,0.0],[0.0,0.33203125],[0.0,0.6640625],[0.0,1.0],[0.33203125,1.0],[0.6640625,1.0],[1.0,1.0],[1.0,0.6640625],[1.0,0.33203125],[1.0,0.0],[0.6640625,0.0],[0.33203125,0.0],[0.0,0.0]]]	true	output/scratch-14/cell_local/proofs/462.json	0	4ed9cd801bdd70992a9b7bd090803ffae349515f87546f044b21157e68e99d72	disc-verified:resolved	0	2ee3456a9aeb8607b88be4edd989a2034dd7fdd6f7846369d9dbc4c8ff20e6ae	disc-verified:resolved	output/scratch-14/witnesses/0462_requirement.json	"{""background_ordinal"":0,""bbox_global_raw"":[8580846.937702399,8956351.741951998,5013817.176883199,5013817.176883199],""branch"":""b"",""length"":1208,""n_coords"":66,""offset"":3797588072,""source_cell"":[0,2141,1224],""source_cell_sha256"":""fd40ee1d8accbff209e9ee687982ea6c9297d5768563722bef0e94d3fa8a9a10"",""spool_data"":""output/extract_timing/spool/level_0.data"",""trigger"":{""cell_raw"":[1919.261081598699,313.1768831992522],""global_raw"":[8845183.261081599,5013817.176883199],""lat_lon"":[-24.4984071,157.4833928],""vertex"":19}}"	b	[0,2141,1224]	66	[8580846.938,8956351.742,5013817.177,5013817.177]	3	0	False	encoder_drops_clipped_source_sliver	east
0	2160	1224	288	0	0	0	0	0	0	0	-1	-1	463	O01	1	1	[13]	[[-24.499999999999996,-24.416666666666664,157.5,157.625]]	[-24.499999999999996,-24.416666666666664,157.5,157.625]	c	"[{""bbox_cell"":[2160,2164,1224,1228],""branches"":[""c""],""leaf_path"":[272],""n_coords"":13}]"	T2	[[[0.0,0.0],[0.0,0.33203125],[0.0,0.6640625],[0.0,1.0],[0.33203125,1.0],[0.6640625,1.0],[1.0,1.0],[1.0,0.6640625],[1.0,0.33203125],[1.0,0.0],[0.6640625,0.0],[0.33203125,0.0],[0.0,0.0]]]	true	output/scratch-14/cell_local/proofs/463.json	0	4ed9cd801bdd70992a9b7bd090803ffae349515f87546f044b21157e68e99d72	disc-verified:resolved	0	2ee3456a9aeb8607b88be4edd989a2034dd7fdd6f7846369d9dbc4c8ff20e6ae	disc-verified:resolved	output/scratch-14/witnesses/0463_requirement.json	"{""background_ordinal"":0,""bbox_global_raw"":[8580846.937702399,8956351.741951998,5013817.176883199,5013817.176883199],""branch"":""b"",""length"":1208,""n_coords"":66,""offset"":3797588072,""source_cell"":[0,2141,1224],""source_cell_sha256"":""fd40ee1d8accbff209e9ee687982ea6c9297d5768563722bef0e94d3fa8a9a10"",""spool_data"":""output/extract_timing/spool/level_0.data"",""trigger"":{""cell_raw"":[3675.193344000727,313.1768831992522],""global_raw"":[8851035.193344,5013817.176883199],""lat_lon"":[-24.4984071,157.5280395],""vertex"":18}}"	b	[0,2141,1224]	66	[8580846.938,8956351.742,5013817.177,5013817.177]	3	0	False	encoder_drops_clipped_source_sliver	east
0	2162	1224	288	0	0	0	0	0	0	0	-1	-1	464	O01	1	1	[13]	[[-24.499999999999996,-24.416666666666664,157.5,157.625]]	[-24.499999999999996,-24.416666666666664,157.5,157.625]	c	"[{""bbox_cell"":[2160,2164,1224,1228],""branches"":[""c""],""leaf_path"":[274],""n_coords"":13}]"	T2	[[[0.0,0.0],[0.0,0.33203125],[0.0,0.6640625],[0.0,1.0],[0.33203125,1.0],[0.6640625,1.0],[1.0,1.0],[1.0,0.6640625],[1.0,0.33203125],[1.0,0.0],[0.6640625,0.0],[0.33203125,0.0],[0.0,0.0]]]	true	output/scratch-14/cell_local/proofs/464.json	0	4ed9cd801bdd70992a9b7bd090803ffae349515f87546f044b21157e68e99d72	disc-verified:resolved	0	2ee3456a9aeb8607b88be4edd989a2034dd7fdd6f7846369d9dbc4c8ff20e6ae	disc-verified:resolved	output/scratch-14/witnesses/0464_requirement.json	"{""background_ordinal"":0,""bbox_global_raw"":[8580846.937702399,8956351.741951998,5013817.176883199,5013817.176883199],""branch"":""b"",""length"":1208,""n_coords"":66,""offset"":3797588072,""source_cell"":[0,2141,1224],""source_cell_sha256"":""fd40ee1d8accbff209e9ee687982ea6c9297d5768563722bef0e94d3fa8a9a10"",""spool_data"":""output/extract_timing/spool/level_0.data"",""trigger"":{""cell_raw"":[1335.1387135982513,313.1768831992522],""global_raw"":[8856887.138713598,5013817.176883199],""lat_lon"":[-24.4984071,157.5726863],""vertex"":17}}"	b	[0,2141,1224]	66	[8580846.938,8956351.742,5013817.177,5013817.177]	3	0	False	encoder_drops_clipped_source_sliver	east
0	2163	1224	288	0	0	0	0	0	0	0	-1	-1	465	O01	1	1	[13]	[[-24.499999999999996,-24.416666666666664,157.5,157.625]]	[-24.499999999999996,-24.416666666666664,157.5,157.625]	c	"[{""bbox_cell"":[2160,2164,1224,1228],""branches"":[""c""],""leaf_path"":[275],""n_coords"":13}]"	T2	[[[0.0,0.0],[0.0,0.33203125],[0.0,0.6640625],[0.0,1.0],[0.33203125,1.0],[0.6640625,1.0],[1.0,1.0],[1.0,0.6640625],[1.0,0.33203125],[1.0,0.0],[0.6640625,0.0],[0.33203125,0.0],[0.0,0.0]]]	true	output/scratch-14/cell_local/proofs/465.json	0	4ed9cd801bdd70992a9b7bd090803ffae349515f87546f044b21157e68e99d72	disc-verified:resolved	0	2ee3456a9aeb8607b88be4edd989a2034dd7fdd6f7846369d9dbc4c8ff20e6ae	disc-verified:resolved	output/scratch-14/witnesses/0465_requirement.json	"{""background_ordinal"":0,""bbox_global_raw"":[8580846.937702399,8956351.741951998,5013817.176883199,5013817.176883199],""branch"":""b"",""length"":1208,""n_coords"":66,""offset"":3797588072,""source_cell"":[0,2141,1224],""source_cell_sha256"":""fd40ee1d8accbff209e9ee687982ea6c9297d5768563722bef0e94d3fa8a9a10"",""spool_data"":""output/extract_timing/spool/level_0.data"",""trigger"":{""cell_raw"":[3091.070976000279,313.1768831992522],""global_raw"":[8862739.070976,5013817.176883199],""lat_lon"":[-24.4984071,157.617333],""vertex"":16}}"	b	[0,2141,1224]	66	[8580846.938,8956351.742,5013817.177,5013817.177]	3	0	False	encoder_drops_clipped_source_sliver	east
0	2165	1224	288	0	0	0	0	0	0	0	-1	-1	466	O01	1	1	[13]	[[-24.499999999999996,-24.416666666666664,157.625,157.75]]	[-24.499999999999996,-24.416666666666664,157.625,157.75]	c	"[{""bbox_cell"":[2164,2168,1224,1228],""branches"":[""c""],""leaf_path"":[277],""n_coords"":13}]"	T2	[[[0.0,0.0],[0.0,0.33203125],[0.0,0.6640625],[0.0,1.0],[0.33203125,1.0],[0.6640625,1.0],[1.0,1.0],[1.0,0.6640625],[1.0,0.33203125],[1.0,0.0],[0.6640625,0.0],[0.33203125,0.0],[0.0,0.0]]]	true	output/scratch-14/cell_local/proofs/466.json	0	4ed9cd801bdd70992a9b7bd090803ffae349515f87546f044b21157e68e99d72	disc-verified:resolved	0	2ee3456a9aeb8607b88be4edd989a2034dd7fdd6f7846369d9dbc4c8ff20e6ae	disc-verified:resolved	output/scratch-14/witnesses/0466_requirement.json	"{""background_ordinal"":0,""bbox_global_raw"":[8580846.937702399,8956351.741951998,5013817.176883199,5013817.176883199],""branch"":""b"",""length"":1208,""n_coords"":66,""offset"":3797588072,""source_cell"":[0,2141,1224],""source_cell_sha256"":""fd40ee1d8accbff209e9ee687982ea6c9297d5768563722bef0e94d3fa8a9a10"",""spool_data"":""output/extract_timing/spool/level_0.data"",""trigger"":{""cell_raw"":[751.0163456015289,313.1768831992522],""global_raw"":[8868591.016345602,5013817.176883199],""lat_lon"":[-24.4984071,157.6619798],""vertex"":15}}"	b	[0,2141,1224]	66	[8580846.938,8956351.742,5013817.177,5013817.177]	3	0	False	encoder_drops_clipped_source_sliver	east
0	2166	1224	288	0	0	0	0	0	0	0	-1	-1	467	O01	1	1	[13]	[[-24.499999999999996,-24.416666666666664,157.625,157.75]]	[-24.499999999999996,-24.416666666666664,157.625,157.75]	c	"[{""bbox_cell"":[2164,2168,1224,1228],""branches"":[""c""],""leaf_path"":[278],""n_coords"":13}]"	T2	[[[0.0,0.0],[0.0,0.33203125],[0.0,0.6640625],[0.0,1.0],[0.33203125,1.0],[0.6640625,1.0],[1.0,1.0],[1.0,0.6640625],[1.0,0.33203125],[1.0,0.0],[0.6640625,0.0],[0.33203125,0.0],[0.0,0.0]]]	true	output/scratch-14/cell_local/proofs/467.json	0	4ed9cd801bdd70992a9b7bd090803ffae349515f87546f044b21157e68e99d72	disc-verified:resolved	0	2ee3456a9aeb8607b88be4edd989a2034dd7fdd6f7846369d9dbc4c8ff20e6ae	disc-verified:resolved	output/scratch-14/witnesses/0467_requirement.json	"{""background_ordinal"":0,""bbox_global_raw"":[8580846.937702399,8956351.741951998,5013817.176883199,5013817.176883199],""branch"":""b"",""length"":1208,""n_coords"":66,""offset"":3797588072,""source_cell"":[0,2141,1224],""source_cell_sha256"":""fd40ee1d8accbff209e9ee687982ea6c9297d5768563722bef0e94d3fa8a9a10"",""spool_data"":""output/extract_timing/spool/level_0.data"",""trigger"":{""cell_raw"":[2506.9486079998314,313.1768831992522],""global_raw"":[8874442.948608,5013817.176883199],""lat_lon"":[-24.4984071,157.7066265],""vertex"":14}}"	b	[0,2141,1224]	66	[8580846.938,8956351.742,5013817.177,5013817.177]	3	0	False	encoder_drops_clipped_source_sliver	east
0	2168	1224	288	0	0	0	0	0	0	0	-1	-1	468	O01	1	1	[13]	[[-24.499999999999996,-24.416666666666664,157.75,157.875]]	[-24.499999999999996,-24.416666666666664,157.75,157.875]	c	"[{""bbox_cell"":[2168,2172,1224,1228],""branches"":[""c""],""leaf_path"":[280],""n_coords"":13}]"	T2	[[[0.0,0.0],[0.0,0.33203125],[0.0,0.6640625],[0.0,1.0],[0.33203125,1.0],[0.6640625,1.0],[1.0,1.0],[1.0,0.6640625],[1.0,0.33203125],[1.0,0.0],[0.6640625,0.0],[0.33203125,0.0],[0.0,0.0]]]	true	output/scratch-14/cell_local/proofs/468.json	0	4ed9cd801bdd70992a9b7bd090803ffae349515f87546f044b21157e68e99d72	disc-verified:resolved	0	2ee3456a9aeb8607b88be4edd989a2034dd7fdd6f7846369d9dbc4c8ff20e6ae	disc-verified:resolved	output/scratch-14/witnesses/0468_requirement.json	"{""background_ordinal"":0,""bbox_global_raw"":[8580846.937702399,8956351.741951998,5013817.176883199,5013817.176883199],""branch"":""b"",""length"":1208,""n_coords"":66,""offset"":3797588072,""source_cell"":[0,2141,1224],""source_cell_sha256"":""fd40ee1d8accbff209e9ee687982ea6c9297d5768563722bef0e94d3fa8a9a10"",""spool_data"":""output/extract_timing/spool/level_0.data"",""trigger"":{""cell_raw"":[166.89397760108113,313.1768831992522],""global_raw"":[8880294.893977601,5013817.176883199],""lat_lon"":[-24.4984071,157.7512733],""vertex"":13}}"	b	[0,2141,1224]	66	[8580846.938,8956351.742,5013817.177,5013817.177]	3	0	False	encoder_drops_clipped_source_sliver	east
0	2169	1224	288	0	0	0	0	0	0	0	-1	-1	469	O01	1	1	[13]	[[-24.499999999999996,-24.416666666666664,157.75,157.875]]	[-24.499999999999996,-24.416666666666664,157.75,157.875]	c	"[{""bbox_cell"":[2168,2172,1224,1228],""branches"":[""c""],""leaf_path"":[281],""n_coords"":13}]"	T2	[[[0.0,0.0],[0.0,0.33203125],[0.0,0.6640625],[0.0,1.0],[0.33203125,1.0],[0.6640625,1.0],[1.0,1.0],[1.0,0.6640625],[1.0,0.33203125],[1.0,0.0],[0.6640625,0.0],[0.33203125,0.0],[0.0,0.0]]]	true	output/scratch-14/cell_local/proofs/469.json	0	4ed9cd801bdd70992a9b7bd090803ffae349515f87546f044b21157e68e99d72	disc-verified:resolved	0	2ee3456a9aeb8607b88be4edd989a2034dd7fdd6f7846369d9dbc4c8ff20e6ae	disc-verified:resolved	output/scratch-14/witnesses/0469_requirement.json	"{""background_ordinal"":0,""bbox_global_raw"":[8580846.937702399,8956351.741951998,5013817.176883199,5013817.176883199],""branch"":""b"",""length"":1208,""n_coords"":66,""offset"":3797588072,""source_cell"":[0,2141,1224],""source_cell_sha256"":""fd40ee1d8accbff209e9ee687982ea6c9297d5768563722bef0e94d3fa8a9a10"",""spool_data"":""output/extract_timing/spool/level_0.data"",""trigger"":{""cell_raw"":[1922.8262399993837,313.1768831992522],""global_raw"":[8886146.82624,5013817.176883199],""lat_lon"":[-24.4984071,157.79592],""vertex"":12}}"	b	[0,2141,1224]	66	[8580846.938,8956351.742,5013817.177,5013817.177]	3	0	False	encoder_drops_clipped_source_sliver	east
0	2170	1224	288	0	0	0	0	0	0	0	-1	-1	470	O01	1	1	[13]	[[-24.499999999999996,-24.416666666666664,157.75,157.875]]	[-24.499999999999996,-24.416666666666664,157.75,157.875]	c	"[{""bbox_cell"":[2168,2172,1224,1228],""branches"":[""c""],""leaf_path"":[282],""n_coords"":13}]"	T2	[[[0.0,0.0],[0.0,0.33203125],[0.0,0.6640625],[0.0,1.0],[0.33203125,1.0],[0.6640625,1.0],[1.0,1.0],[1.0,0.6640625],[1.0,0.33203125],[1.0,0.0],[0.6640625,0.0],[0.33203125,0.0],[0.0,0.0]]]	true	output/scratch-14/cell_local/proofs/470.json	0	4ed9cd801bdd70992a9b7bd090803ffae349515f87546f044b21157e68e99d72	disc-verified:resolved	0	2ee3456a9aeb8607b88be4edd989a2034dd7fdd6f7846369d9dbc4c8ff20e6ae	disc-verified:resolved	output/scratch-14/witnesses/0470_requirement.json	"{""background_ordinal"":0,""bbox_global_raw"":[8580846.937702399,8956351.741951998,5013817.176883199,5013817.176883199],""branch"":""b"",""length"":1208,""n_coords"":66,""offset"":3797588072,""source_cell"":[0,2141,1224],""source_cell_sha256"":""fd40ee1d8accbff209e9ee687982ea6c9297d5768563722bef0e94d3fa8a9a10"",""spool_data"":""output/extract_timing/spool/level_0.data"",""trigger"":{""cell_raw"":[3678.7585024014115,313.1768831992522],""global_raw"":[8891998.758502401,5013817.176883199],""lat_lon"":[-24.4984071,157.8405667],""vertex"":11}}"	b	[0,2141,1224]	66	[8580846.938,8956351.742,5013817.177,5013817.177]	3	0	False	encoder_drops_clipped_source_sliver	east
0	2172	1224	288	0	0	0	0	0	0	0	-1	-1	471	O01	1	1	[13]	[[-24.499999999999996,-24.416666666666664,157.875,158.0]]	[-24.499999999999996,-24.416666666666664,157.875,158.0]	c	"[{""bbox_cell"":[2172,2176,1224,1228],""branches"":[""c""],""leaf_path"":[284],""n_coords"":13}]"	T1	[[[1.0,0.0],[0.6640625,0.0],[0.33203125,0.0],[0.0,0.0],[0.0,0.33203125],[0.0,0.6640625],[0.0,1.0],[0.33203125,1.0],[0.6640625,1.0],[1.0,1.0],[1.0,0.6640625],[1.0,0.33203125],[1.0,0.0]]]	true	output/scratch-14/cell_local/proofs/471.json	0	4ed9cd801bdd70992a9b7bd090803ffae349515f87546f044b21157e68e99d72	disc-verified:resolved	0	2ee3456a9aeb8607b88be4edd989a2034dd7fdd6f7846369d9dbc4c8ff20e6ae	disc-verified:resolved	output/scratch-14/witnesses/0471_requirement.json	"{""background_ordinal"":0,""bbox_global_raw"":[8580846.937702399,8956351.741951998,5013817.176883199,5013817.176883199],""branch"":""b"",""length"":1208,""n_coords"":66,""offset"":3797588072,""source_cell"":[0,2141,1224],""source_cell_sha256"":""fd40ee1d8accbff209e9ee687982ea6c9297d5768563722bef0e94d3fa8a9a10"",""spool_data"":""output/extract_timing/spool/level_0.data"",""trigger"":{""cell_raw"":[1338.703871998936,313.1768831992522],""global_raw"":[8897850.703871999,5013817.176883199],""lat_lon"":[-24.4984071,157.8852135],""vertex"":10}}"	b	[0,2141,1224]	66	[8580846.938,8956351.742,5013817.177,5013817.177]	3	0	False	encoder_drops_clipped_source_sliver	east
0	2173	1224	288	0	0	0	0	0	0	0	-1	-1	472	O01	1	1	[13]	[[-24.499999999999996,-24.416666666666664,157.875,158.0]]	[-24.499999999999996,-24.416666666666664,157.875,158.0]	c	"[{""bbox_cell"":[2172,2176,1224,1228],""branches"":[""c""],""leaf_path"":[285],""n_coords"":13}]"	T1	[[[1.0,0.0],[0.6640625,0.0],[0.33203125,0.0],[0.0,0.0],[0.0,0.33203125],[0.0,0.6640625],[0.0,1.0],[0.33203125,1.0],[0.6640625,1.0],[1.0,1.0],[1.0,0.6640625],[1.0,0.33203125],[1.0,0.0]]]	true	output/scratch-14/cell_local/proofs/472.json	0	4ed9cd801bdd70992a9b7bd090803ffae349515f87546f044b21157e68e99d72	disc-verified:resolved	0	2ee3456a9aeb8607b88be4edd989a2034dd7fdd6f7846369d9dbc4c8ff20e6ae	disc-verified:resolved	output/scratch-14/witnesses/0472_requirement.json	"{""background_ordinal"":0,""bbox_global_raw"":[8580846.937702399,8956351.741951998,5013817.176883199,5013817.176883199],""branch"":""b"",""length"":1208,""n_coords"":66,""offset"":3797588072,""source_cell"":[0,2141,1224],""source_cell_sha256"":""fd40ee1d8accbff209e9ee687982ea6c9297d5768563722bef0e94d3fa8a9a10"",""spool_data"":""output/extract_timing/spool/level_0.data"",""trigger"":{""cell_raw"":[3094.636134400964,313.1768831992522],""global_raw"":[8903702.636134401,5013817.176883199],""lat_lon"":[-24.4984071,157.9298602],""vertex"":9}}"	b	[0,2141,1224]	66	[8580846.938,8956351.742,5013817.177,5013817.177]	3	0	False	encoder_drops_clipped_source_sliver	east
0	2175	1224	288	0	0	0	0	0	0	0	-1	-1	473	O01	1	1	[13]	[[-24.499999999999996,-24.416666666666664,157.875,158.0]]	[-24.499999999999996,-24.416666666666664,157.875,158.0]	c	"[{""bbox_cell"":[2172,2176,1224,1228],""branches"":[""c""],""leaf_path"":[287],""n_coords"":13}]"	T1	[[[1.0,0.0],[0.6640625,0.0],[0.33203125,0.0],[0.0,0.0],[0.0,0.33203125],[0.0,0.6640625],[0.0,1.0],[0.33203125,1.0],[0.6640625,1.0],[1.0,1.0],[1.0,0.6640625],[1.0,0.33203125],[1.0,0.0]]]	true	output/scratch-14/cell_local/proofs/473.json	0	4ed9cd801bdd70992a9b7bd090803ffae349515f87546f044b21157e68e99d72	disc-verified:resolved	0	2ee3456a9aeb8607b88be4edd989a2034dd7fdd6f7846369d9dbc4c8ff20e6ae	disc-verified:resolved	output/scratch-14/witnesses/0473_requirement.json	"{""background_ordinal"":0,""bbox_global_raw"":[8580846.937702399,8956351.741951998,5013817.176883199,5013817.176883199],""branch"":""b"",""length"":1208,""n_coords"":66,""offset"":3797588072,""source_cell"":[0,2141,1224],""source_cell_sha256"":""fd40ee1d8accbff209e9ee687982ea6c9297d5768563722bef0e94d3fa8a9a10"",""spool_data"":""output/extract_timing/spool/level_0.data"",""trigger"":{""cell_raw"":[754.5815039984882,313.1768831992522],""global_raw"":[8909554.581503998,5013817.176883199],""lat_lon"":[-24.4984071,157.974507],""vertex"":8}}"	b	[0,2141,1224]	66	[8580846.938,8956351.742,5013817.177,5013817.177]	3	0	False	encoder_drops_clipped_source_sliver	east
0	2176	1224	288	0	0	0	0	0	0	0	-1	-1	474	O01	1	1	[13]	[[-24.499999999999996,-24.416666666666664,158.0,158.125]]	[-24.499999999999996,-24.416666666666664,158.0,158.125]	c	"[{""bbox_cell"":[2176,2180,1224,1228],""branches"":[""c""],""leaf_path"":[256],""n_coords"":13}]"	T1	[[[1.0,0.0],[0.6640625,0.0],[0.33203125,0.0],[0.0,0.0],[0.0,0.33203125],[0.0,0.6640625],[0.0,1.0],[0.33203125,1.0],[0.6640625,1.0],[1.0,1.0],[1.0,0.6640625],[1.0,0.33203125],[1.0,0.0]]]	true	output/scratch-14/cell_local/proofs/474.json	0	4ed9cd801bdd70992a9b7bd090803ffae349515f87546f044b21157e68e99d72	disc-verified:resolved	0	2ee3456a9aeb8607b88be4edd989a2034dd7fdd6f7846369d9dbc4c8ff20e6ae	disc-verified:resolved	output/scratch-14/witnesses/0474_requirement.json	"{""background_ordinal"":0,""bbox_global_raw"":[8580846.937702399,8956351.741951998,5013817.176883199,5013817.176883199],""branch"":""b"",""length"":1208,""n_coords"":66,""offset"":3797588072,""source_cell"":[0,2141,1224],""source_cell_sha256"":""fd40ee1d8accbff209e9ee687982ea6c9297d5768563722bef0e94d3fa8a9a10"",""spool_data"":""output/extract_timing/spool/level_0.data"",""trigger"":{""cell_raw"":[2510.513766400516,313.1768831992522],""global_raw"":[8915406.5137664,5013817.176883199],""lat_lon"":[-24.4984071,158.0191537],""vertex"":7}}"	b	[0,2141,1224]	66	[8580846.938,8956351.742,5013817.177,5013817.177]	3	0	False	encoder_drops_clipped_source_sliver	east
0	2178	1224	288	0	0	0	0	0	0	0	-1	-1	475	O01	1	1	[13]	[[-24.499999999999996,-24.416666666666664,158.0,158.125]]	[-24.499999999999996,-24.416666666666664,158.0,158.125]	c	"[{""bbox_cell"":[2176,2180,1224,1228],""branches"":[""c""],""leaf_path"":[258],""n_coords"":13}]"	T1	[[[1.0,0.0],[0.6640625,0.0],[0.33203125,0.0],[0.0,0.0],[0.0,0.33203125],[0.0,0.6640625],[0.0,1.0],[0.33203125,1.0],[0.6640625,1.0],[1.0,1.0],[1.0,0.6640625],[1.0,0.33203125],[1.0,0.0]]]	true	output/scratch-14/cell_local/proofs/475.json	0	4ed9cd801bdd70992a9b7bd090803ffae349515f87546f044b21157e68e99d72	disc-verified:resolved	0	2ee3456a9aeb8607b88be4edd989a2034dd7fdd6f7846369d9dbc4c8ff20e6ae	disc-verified:resolved	output/scratch-14/witnesses/0475_requirement.json	"{""background_ordinal"":0,""bbox_global_raw"":[8580846.937702399,8956351.741951998,5013817.176883199,5013817.176883199],""branch"":""b"",""length"":1208,""n_coords"":66,""offset"":3797588072,""source_cell"":[0,2141,1224],""source_cell_sha256"":""fd40ee1d8accbff209e9ee687982ea6c9297d5768563722bef0e94d3fa8a9a10"",""spool_data"":""output/extract_timing/spool/level_0.data"",""trigger"":{""cell_raw"":[170.45913600176573,313.1768831992522],""global_raw"":[8921258.459136002,5013817.176883199],""lat_lon"":[-24.4984071,158.0638005],""vertex"":6}}"	b	[0,2141,1224]	66	[8580846.938,8956351.742,5013817.177,5013817.177]	3	0	False	encoder_drops_clipped_source_sliver	east
0	2179	1224	288	0	0	0	0	0	0	0	-1	-1	476	O01	1	1	[13]	[[-24.499999999999996,-24.416666666666664,158.0,158.125]]	[-24.499999999999996,-24.416666666666664,158.0,158.125]	c	"[{""bbox_cell"":[2176,2180,1224,1228],""branches"":[""c""],""leaf_path"":[259],""n_coords"":13}]"	T1	[[[1.0,0.0],[0.6640625,0.0],[0.33203125,0.0],[0.0,0.0],[0.0,0.33203125],[0.0,0.6640625],[0.0,1.0],[0.33203125,1.0],[0.6640625,1.0],[1.0,1.0],[1.0,0.6640625],[1.0,0.33203125],[1.0,0.0]]]	true	output/scratch-14/cell_local/proofs/476.json	0	4ed9cd801bdd70992a9b7bd090803ffae349515f87546f044b21157e68e99d72	disc-verified:resolved	0	2ee3456a9aeb8607b88be4edd989a2034dd7fdd6f7846369d9dbc4c8ff20e6ae	disc-verified:resolved	output/scratch-14/witnesses/0476_requirement.json	"{""background_ordinal"":0,""bbox_global_raw"":[8580846.937702399,8956351.741951998,5013817.176883199,5013817.176883199],""branch"":""b"",""length"":1208,""n_coords"":66,""offset"":3797588072,""source_cell"":[0,2141,1224],""source_cell_sha256"":""fd40ee1d8accbff209e9ee687982ea6c9297d5768563722bef0e94d3fa8a9a10"",""spool_data"":""output/extract_timing/spool/level_0.data"",""trigger"":{""cell_raw"":[1926.3913984000683,313.1768831992522],""global_raw"":[8927110.3913984,5013817.176883199],""lat_lon"":[-24.4984071,158.1084472],""vertex"":5}}"	b	[0,2141,1224]	66	[8580846.938,8956351.742,5013817.177,5013817.177]	3	0	False	encoder_drops_clipped_source_sliver	east
0	2180	1224	288	0	0	0	0	0	0	0	-1	-1	477	O01	1	1	[13]	[[-24.499999999999996,-24.416666666666664,158.125,158.25]]	[-24.499999999999996,-24.416666666666664,158.125,158.25]	c	"[{""bbox_cell"":[2180,2184,1224,1228],""branches"":[""c""],""leaf_path"":[260],""n_coords"":13}]"	T2	[[[0.0,0.0],[0.0,0.33203125],[0.0,0.6640625],[0.0,1.0],[0.33203125,1.0],[0.6640625,1.0],[1.0,1.0],[1.0,0.6640625],[1.0,0.33203125],[1.0,0.0],[0.6640625,0.0],[0.33203125,0.0],[0.0,0.0]]]	true	output/scratch-14/cell_local/proofs/477.json	0	4ed9cd801bdd70992a9b7bd090803ffae349515f87546f044b21157e68e99d72	disc-verified:resolved	0	2ee3456a9aeb8607b88be4edd989a2034dd7fdd6f7846369d9dbc4c8ff20e6ae	disc-verified:resolved	output/scratch-14/witnesses/0477_requirement.json	"{""background_ordinal"":0,""bbox_global_raw"":[8580846.937702399,8956351.741951998,5013817.176883199,5013817.176883199],""branch"":""b"",""length"":1208,""n_coords"":66,""offset"":3797588072,""source_cell"":[0,2141,1224],""source_cell_sha256"":""fd40ee1d8accbff209e9ee687982ea6c9297d5768563722bef0e94d3fa8a9a10"",""spool_data"":""output/extract_timing/spool/level_0.data"",""trigger"":{""cell_raw"":[3682.336768001318,313.1768831992522],""global_raw"":[8932962.336768001,5013817.176883199],""lat_lon"":[-24.4984071,158.153094],""vertex"":4}}"	b	[0,2141,1224]	66	[8580846.938,8956351.742,5013817.177,5013817.177]	3	0	False	encoder_drops_clipped_source_sliver	east
0	2182	1224	288	0	0	0	0	0	0	0	-1	-1	478	O01	1	1	[13]	[[-24.499999999999996,-24.416666666666664,158.125,158.25]]	[-24.499999999999996,-24.416666666666664,158.125,158.25]	c	"[{""bbox_cell"":[2180,2184,1224,1228],""branches"":[""c""],""leaf_path"":[262],""n_coords"":13}]"	T2	[[[0.0,0.0],[0.0,0.33203125],[0.0,0.6640625],[0.0,1.0],[0.33203125,1.0],[0.6640625,1.0],[1.0,1.0],[1.0,0.6640625],[1.0,0.33203125],[1.0,0.0],[0.6640625,0.0],[0.33203125,0.0],[0.0,0.0]]]	true	output/scratch-14/cell_local/proofs/478.json	0	4ed9cd801bdd70992a9b7bd090803ffae349515f87546f044b21157e68e99d72	disc-verified:resolved	0	2ee3456a9aeb8607b88be4edd989a2034dd7fdd6f7846369d9dbc4c8ff20e6ae	disc-verified:resolved	output/scratch-14/witnesses/0478_requirement.json	"{""background_ordinal"":0,""bbox_global_raw"":[8580846.937702399,8956351.741951998,5013817.176883199,5013817.176883199],""branch"":""b"",""length"":1208,""n_coords"":66,""offset"":3797588072,""source_cell"":[0,2141,1224],""source_cell_sha256"":""fd40ee1d8accbff209e9ee687982ea6c9297d5768563722bef0e94d3fa8a9a10"",""spool_data"":""output/extract_timing/spool/level_0.data"",""trigger"":{""cell_raw"":[1342.2690303996205,313.1768831992522],""global_raw"":[8938814.2690304,5013817.176883199],""lat_lon"":[-24.4984071,158.1977407],""vertex"":3}}"	b	[0,2141,1224]	66	[8580846.938,8956351.742,5013817.177,5013817.177]	3	0	False	encoder_drops_clipped_source_sliver	east
0	2183	1224	288	0	0	0	0	0	0	0	-1	-1	479	O01	1	1	[13]	[[-24.499999999999996,-24.416666666666664,158.125,158.25]]	[-24.499999999999996,-24.416666666666664,158.125,158.25]	c	"[{""bbox_cell"":[2180,2184,1224,1228],""branches"":[""c""],""leaf_path"":[263],""n_coords"":13}]"	T2	[[[0.0,0.0],[0.0,0.33203125],[0.0,0.6640625],[0.0,1.0],[0.33203125,1.0],[0.6640625,1.0],[1.0,1.0],[1.0,0.6640625],[1.0,0.33203125],[1.0,0.0],[0.6640625,0.0],[0.33203125,0.0],[0.0,0.0]]]	true	output/scratch-14/cell_local/proofs/479.json	0	4ed9cd801bdd70992a9b7bd090803ffae349515f87546f044b21157e68e99d72	disc-verified:resolved	0	2ee3456a9aeb8607b88be4edd989a2034dd7fdd6f7846369d9dbc4c8ff20e6ae	disc-verified:resolved	output/scratch-14/witnesses/0479_requirement.json	"{""background_ordinal"":0,""bbox_global_raw"":[8580846.937702399,8956351.741951998,5013817.176883199,5013817.176883199],""branch"":""b"",""length"":1208,""n_coords"":66,""offset"":3797588072,""source_cell"":[0,2141,1224],""source_cell_sha256"":""fd40ee1d8accbff209e9ee687982ea6c9297d5768563722bef0e94d3fa8a9a10"",""spool_data"":""output/extract_timing/spool/level_0.data"",""trigger"":{""cell_raw"":[3098.2144000008702,313.1768831992522],""global_raw"":[8944666.2144,5013817.176883199],""lat_lon"":[-24.4984071,158.2423875],""vertex"":2}}"	b	[0,2141,1224]	66	[8580846.938,8956351.742,5013817.177,5013817.177]	3	0	False	encoder_drops_clipped_source_sliver	east
0	2185	1224	288	0	0	0	0	0	0	0	-1	-1	480	O01	1	1	[13]	[[-24.499999999999996,-24.416666666666664,158.25,158.375]]	[-24.499999999999996,-24.416666666666664,158.25,158.375]	c	"[{""bbox_cell"":[2184,2188,1224,1228],""branches"":[""c""],""leaf_path"":[265],""n_coords"":13}]"	T2	[[[0.0,0.0],[0.0,0.33203125],[0.0,0.6640625],[0.0,1.0],[0.33203125,1.0],[0.6640625,1.0],[1.0,1.0],[1.0,0.6640625],[1.0,0.33203125],[1.0,0.0],[0.6640625,0.0],[0.33203125,0.0],[0.0,0.0]]]	true	output/scratch-14/cell_local/proofs/480.json	0	4ed9cd801bdd70992a9b7bd090803ffae349515f87546f044b21157e68e99d72	disc-verified:resolved	0	2ee3456a9aeb8607b88be4edd989a2034dd7fdd6f7846369d9dbc4c8ff20e6ae	disc-verified:resolved	output/scratch-14/witnesses/0480_requirement.json	"{""background_ordinal"":0,""bbox_global_raw"":[8580846.937702399,8956351.741951998,5013817.176883199,5013817.176883199],""branch"":""b"",""length"":1208,""n_coords"":66,""offset"":3797588072,""source_cell"":[0,2141,1224],""source_cell_sha256"":""fd40ee1d8accbff209e9ee687982ea6c9297d5768563722bef0e94d3fa8a9a10"",""spool_data"":""output/extract_timing/spool/level_0.data"",""trigger"":{""cell_raw"":[758.1466623991728,313.1768831992522],""global_raw"":[8950518.1466624,5013817.176883199],""lat_lon"":[-24.4984071,158.2870342],""vertex"":1}}"	b	[0,2141,1224]	66	[8580846.938,8956351.742,5013817.177,5013817.177]	3	0	False	encoder_drops_clipped_source_sliver	east
0	644	1312	288	0	0	0	0	0	0	0	-1	-1	534	O01	1	1	[13]	[[-22.666666666666664,-22.583333333333332,110.125,110.25]]	[-22.666666666666664,-22.583333333333332,110.125,110.25]	c	"[{""bbox_cell"":[644,648,1312,1316],""branches"":[""c""],""leaf_path"":[1028],""n_coords"":13}]"	T2	[[[0.0,0.0],[0.0,0.33203125],[0.0,0.6640625],[0.0,1.0],[0.33203125,1.0],[0.6640625,1.0],[1.0,1.0],[1.0,0.6640625],[1.0,0.33203125],[1.0,0.0],[0.6640625,0.0],[0.33203125,0.0],[0.0,0.0]]]	true	output/scratch-14/cell_local/proofs/534.json	0	4ed9cd801bdd70992a9b7bd090803ffae349515f87546f044b21157e68e99d72	disc-verified:resolved	0	2ee3456a9aeb8607b88be4edd989a2034dd7fdd6f7846369d9dbc4c8ff20e6ae	disc-verified:resolved	output/scratch-14/witnesses/0534_requirement.json	"{""background_ordinal"":0,""bbox_global_raw"":[2623359.7329408005,3045239.4622975998,5374203.7696512,5374203.7696512],""branch"":""b"",""length"":680,""n_coords"":33,""offset"":3937074352,""source_cell"":[0,694,1312],""source_cell_sha256"":""9b241c7a4c43006816ab49ab6983083d619b3213d55d5d87d27a788b9251ac8d"",""spool_data"":""output/extract_timing/spool/level_0.data"",""trigger"":{""cell_raw"":[230.6605056002736,251.769651199691],""global_raw"":[2638054.6605056003,5374203.7696512],""lat_lon"":[-22.6653861,110.1267598],""vertex"":30}}"	b	[0,694,1312]	33	[2623359.733,3045239.462,5374203.77,5374203.77]	3	0	False	encoder_drops_clipped_source_sliver	west
0	646	1312	288	0	0	0	0	0	0	0	-1	-1	535	O01	1	1	[13]	[[-22.666666666666664,-22.583333333333332,110.125,110.25]]	[-22.666666666666664,-22.583333333333332,110.125,110.25]	c	"[{""bbox_cell"":[644,648,1312,1316],""branches"":[""c""],""leaf_path"":[1030],""n_coords"":13}]"	T2	[[[0.0,0.0],[0.0,0.33203125],[0.0,0.6640625],[0.0,1.0],[0.33203125,1.0],[0.6640625,1.0],[1.0,1.0],[1.0,0.6640625],[1.0,0.33203125],[1.0,0.0],[0.6640625,0.0],[0.33203125,0.0],[0.0,0.0]]]	true	output/scratch-14/cell_local/proofs/535.json	0	4ed9cd801bdd70992a9b7bd090803ffae349515f87546f044b21157e68e99d72	disc-verified:resolved	0	2ee3456a9aeb8607b88be4edd989a2034dd7fdd6f7846369d9dbc4c8ff20e6ae	disc-verified:resolved	output/scratch-14/witnesses/0535_requirement.json	"{""background_ordinal"":0,""bbox_global_raw"":[2623359.7329408005,3045239.4622975998,5374203.7696512,5374203.7696512],""branch"":""b"",""length"":680,""n_coords"":33,""offset"":3937074352,""source_cell"":[0,694,1312],""source_cell_sha256"":""9b241c7a4c43006816ab49ab6983083d619b3213d55d5d87d27a788b9251ac8d"",""spool_data"":""output/extract_timing/spool/level_0.data"",""trigger"":{""cell_raw"":[3795.0849023982882,251.769651199691],""global_raw"":[2649811.0849023983,5374203.7696512],""lat_lon"":[-22.6653861,110.2164542],""vertex"":29}}"	b	[0,694,1312]	33	[2623359.733,3045239.462,5374203.77,5374203.77]	3	0	False	encoder_drops_clipped_source_sliver	west
0	649	1312	288	0	0	0	0	0	0	0	-1	-1	536	O01	1	1	[13]	[[-22.666666666666664,-22.583333333333332,110.25,110.375]]	[-22.666666666666664,-22.583333333333332,110.25,110.375]	c	"[{""bbox_cell"":[648,652,1312,1316],""branches"":[""c""],""leaf_path"":[1033],""n_coords"":13}]"	T2	[[[0.0,0.0],[0.0,0.33203125],[0.0,0.6640625],[0.0,1.0],[0.33203125,1.0],[0.6640625,1.0],[1.0,1.0],[1.0,0.6640625],[1.0,0.33203125],[1.0,0.0],[0.6640625,0.0],[0.33203125,0.0],[0.0,0.0]]]	true	output/scratch-14/cell_local/proofs/536.json	0	4ed9cd801bdd70992a9b7bd090803ffae349515f87546f044b21157e68e99d72	disc-verified:resolved	0	2ee3456a9aeb8607b88be4edd989a2034dd7fdd6f7846369d9dbc4c8ff20e6ae	disc-verified:resolved	output/scratch-14/witnesses/0536_requirement.json	"{""background_ordinal"":0,""bbox_global_raw"":[2623359.7329408005,3045239.4622975998,5374203.7696512,5374203.7696512],""branch"":""b"",""length"":680,""n_coords"":33,""offset"":3937074352,""source_cell"":[0,694,1312],""source_cell_sha256"":""9b241c7a4c43006816ab49ab6983083d619b3213d55d5d87d27a788b9251ac8d"",""spool_data"":""output/extract_timing/spool/level_0.data"",""trigger"":{""cell_raw"":[3263.52240639925,251.769651199691],""global_raw"":[2661567.5224063993,5374203.7696512],""lat_lon"":[-22.6653861,110.3061487],""vertex"":28}}"	b	[0,694,1312]	33	[2623359.733,3045239.462,5374203.77,5374203.77]	3	0	False	encoder_drops_clipped_source_sliver	west
0	653	1312	288	0	0	0	0	0	0	0	-1	-1	537	O01	1	1	[13]	[[-22.666666666666664,-22.583333333333332,110.375,110.5]]	[-22.666666666666664,-22.583333333333332,110.375,110.5]	c	"[{""bbox_cell"":[652,656,1312,1316],""branches"":[""c""],""leaf_path"":[1037],""n_coords"":13}]"	T2	[[[0.0,0.0],[0.0,0.33203125],[0.0,0.6640625],[0.0,1.0],[0.33203125,1.0],[0.6640625,1.0],[1.0,1.0],[1.0,0.6640625],[1.0,0.33203125],[1.0,0.0],[0.6640625,0.0],[0.33203125,0.0],[0.0,0.0]]]	true	output/scratch-14/cell_local/proofs/537.json	0	4ed9cd801bdd70992a9b7bd090803ffae349515f87546f044b21157e68e99d72	disc-verified:resolved	0	2ee3456a9aeb8607b88be4edd989a2034dd7fdd6f7846369d9dbc4c8ff20e6ae	disc-verified:resolved	output/scratch-14/witnesses/0537_requirement.json	"{""background_ordinal"":0,""bbox_global_raw"":[2623359.7329408005,3045239.4622975998,5374203.7696512,5374203.7696512],""branch"":""b"",""length"":680,""n_coords"":33,""offset"":3937074352,""source_cell"":[0,694,1312],""source_cell_sha256"":""9b241c7a4c43006816ab49ab6983083d619b3213d55d5d87d27a788b9251ac8d"",""spool_data"":""output/extract_timing/spool/level_0.data"",""trigger"":{""cell_raw"":[1575.0529024004936,251.769651199691],""global_raw"":[2676263.0529024005,5374203.7696512],""lat_lon"":[-22.6653861,110.4182667],""vertex"":27}}"	b	[0,694,1312]	33	[2623359.733,3045239.462,5374203.77,5374203.77]	3	0	False	encoder_drops_clipped_source_sliver	west
0	656	1312	288	0	0	0	0	0	0	0	-1	-1	538	O01	1	1	[13]	[[-22.666666666666664,-22.583333333333332,110.5,110.625]]	[-22.666666666666664,-22.583333333333332,110.5,110.625]	c	"[{""bbox_cell"":[656,660,1312,1316],""branches"":[""c""],""leaf_path"":[1040],""n_coords"":13}]"	T2	[[[0.0,0.0],[0.0,0.33203125],[0.0,0.6640625],[0.0,1.0],[0.33203125,1.0],[0.6640625,1.0],[1.0,1.0],[1.0,0.6640625],[1.0,0.33203125],[1.0,0.0],[0.6640625,0.0],[0.33203125,0.0],[0.0,0.0]]]	true	output/scratch-14/cell_local/proofs/538.json	0	4ed9cd801bdd70992a9b7bd090803ffae349515f87546f044b21157e68e99d72	disc-verified:resolved	0	2ee3456a9aeb8607b88be4edd989a2034dd7fdd6f7846369d9dbc4c8ff20e6ae	disc-verified:resolved	output/scratch-14/witnesses/0538_requirement.json	"{""background_ordinal"":0,""bbox_global_raw"":[2623359.7329408005,3045239.4622975998,5374203.7696512,5374203.7696512],""branch"":""b"",""length"":680,""n_coords"":33,""offset"":3937074352,""source_cell"":[0,694,1312],""source_cell_sha256"":""9b241c7a4c43006816ab49ab6983083d619b3213d55d5d87d27a788b9251ac8d"",""spool_data"":""output/extract_timing/spool/level_0.data"",""trigger"":{""cell_raw"":[1043.4904064014554,251.769651199691],""global_raw"":[2688019.4904064015,5374203.7696512],""lat_lon"":[-22.6653861,110.5079612],""vertex"":26}}"	b	[0,694,1312]	33	[2623359.733,3045239.462,5374203.77,5374203.77]	3	0	False	encoder_drops_clipped_source_sliver	west
0	659	1312	288	0	0	0	0	0	0	0	-1	-1	539	O01	1	1	[13]	[[-22.666666666666664,-22.583333333333332,110.5,110.625]]	[-22.666666666666664,-22.583333333333332,110.5,110.625]	c	"[{""bbox_cell"":[656,660,1312,1316],""branches"":[""c""],""leaf_path"":[1043],""n_coords"":13}]"	T2	[[[0.0,0.0],[0.0,0.33203125],[0.0,0.6640625],[0.0,1.0],[0.33203125,1.0],[0.6640625,1.0],[1.0,1.0],[1.0,0.6640625],[1.0,0.33203125],[1.0,0.0],[0.6640625,0.0],[0.33203125,0.0],[0.0,0.0]]]	true	output/scratch-14/cell_local/proofs/539.json	0	4ed9cd801bdd70992a9b7bd090803ffae349515f87546f044b21157e68e99d72	disc-verified:resolved	0	2ee3456a9aeb8607b88be4edd989a2034dd7fdd6f7846369d9dbc4c8ff20e6ae	disc-verified:resolved	output/scratch-14/witnesses/0539_requirement.json	"{""background_ordinal"":0,""bbox_global_raw"":[2623359.7329408005,3045239.4622975998,5374203.7696512,5374203.7696512],""branch"":""b"",""length"":680,""n_coords"":33,""offset"":3937074352,""source_cell"":[0,694,1312],""source_cell_sha256"":""9b241c7a4c43006816ab49ab6983083d619b3213d55d5d87d27a788b9251ac8d"",""spool_data"":""output/extract_timing/spool/level_0.data"",""trigger"":{""cell_raw"":[3451.020902402699,251.769651199691],""global_raw"":[2702715.0209024027,5374203.7696512],""lat_lon"":[-22.6653861,110.6200792],""vertex"":25}}"	b	[0,694,1312]	33	[2623359.733,3045239.462,5374203.77,5374203.77]	3	0	False	encoder_drops_clipped_source_sliver	west
0	663	1312	288	0	0	0	0	0	0	0	-1	-1	540	O01	1	1	[13]	[[-22.666666666666664,-22.583333333333332,110.625,110.75]]	[-22.666666666666664,-22.583333333333332,110.625,110.75]	c	"[{""bbox_cell"":[660,664,1312,1316],""branches"":[""c""],""leaf_path"":[1047],""n_coords"":13}]"	T2	[[[0.0,0.0],[0.0,0.33203125],[0.0,0.6640625],[0.0,1.0],[0.33203125,1.0],[0.6640625,1.0],[1.0,1.0],[1.0,0.6640625],[1.0,0.33203125],[1.0,0.0],[0.6640625,0.0],[0.33203125,0.0],[0.0,0.0]]]	true	output/scratch-14/cell_local/proofs/540.json	0	4ed9cd801bdd70992a9b7bd090803ffae349515f87546f044b21157e68e99d72	disc-verified:resolved	0	2ee3456a9aeb8607b88be4edd989a2034dd7fdd6f7846369d9dbc4c8ff20e6ae	disc-verified:resolved	output/scratch-14/witnesses/0540_requirement.json	"{""background_ordinal"":0,""bbox_global_raw"":[2623359.7329408005,3045239.4622975998,5374203.7696512,5374203.7696512],""branch"":""b"",""length"":680,""n_coords"":33,""offset"":3937074352,""source_cell"":[0,694,1312],""source_cell_sha256"":""9b241c7a4c43006816ab49ab6983083d619b3213d55d5d87d27a788b9251ac8d"",""spool_data"":""output/extract_timing/spool/level_0.data"",""trigger"":{""cell_raw"":[1762.5645055994391,251.769651199691],""global_raw"":[2717410.5645055994,5374203.7696512],""lat_lon"":[-22.6653861,110.7321973],""vertex"":24}}"	b	[0,694,1312]	33	[2623359.733,3045239.462,5374203.77,5374203.77]	3	0	False	encoder_drops_clipped_source_sliver	west
0	666	1312	288	0	0	0	0	0	0	0	-1	-1	541	O01	1	1	[13]	[[-22.666666666666664,-22.583333333333332,110.75,110.875]]	[-22.666666666666664,-22.583333333333332,110.75,110.875]	c	"[{""bbox_cell"":[664,668,1312,1316],""branches"":[""c""],""leaf_path"":[1050],""n_coords"":13}]"	T2	[[[0.0,0.0],[0.0,0.33203125],[0.0,0.6640625],[0.0,1.0],[0.33203125,1.0],[0.6640625,1.0],[1.0,1.0],[1.0,0.6640625],[1.0,0.33203125],[1.0,0.0],[0.6640625,0.0],[0.33203125,0.0],[0.0,0.0]]]	true	output/scratch-14/cell_local/proofs/541.json	0	4ed9cd801bdd70992a9b7bd090803ffae349515f87546f044b21157e68e99d72	disc-verified:resolved	0	2ee3456a9aeb8607b88be4edd989a2034dd7fdd6f7846369d9dbc4c8ff20e6ae	disc-verified:resolved	output/scratch-14/witnesses/0541_requirement.json	"{""background_ordinal"":0,""bbox_global_raw"":[2623359.7329408005,3045239.4622975998,5374203.7696512,5374203.7696512],""branch"":""b"",""length"":680,""n_coords"":33,""offset"":3937074352,""source_cell"":[0,694,1312],""source_cell_sha256"":""9b241c7a4c43006816ab49ab6983083d619b3213d55d5d87d27a788b9251ac8d"",""spool_data"":""output/extract_timing/spool/level_0.data"",""trigger"":{""cell_raw"":[1230.9889023974538,251.769651199691],""global_raw"":[2729166.9889023975,5374203.7696512],""lat_lon"":[-22.6653861,110.8218917],""vertex"":23}}"	b	[0,694,1312]	33	[2623359.733,3045239.462,5374203.77,5374203.77]	3	0	False	encoder_drops_clipped_source_sliver	west
0	671	1312	288	0	0	0	0	0	0	0	-1	-1	542	O01	1	1	[13]	[[-22.666666666666664,-22.583333333333332,110.875,111.0]]	[-22.666666666666664,-22.583333333333332,110.875,111.0]	c	"[{""bbox_cell"":[668,672,1312,1316],""branches"":[""c""],""leaf_path"":[1055],""n_coords"":13}]"	T2	[[[0.0,0.0],[0.0,0.33203125],[0.0,0.6640625],[0.0,1.0],[0.33203125,1.0],[0.6640625,1.0],[1.0,1.0],[1.0,0.6640625],[1.0,0.33203125],[1.0,0.0],[0.6640625,0.0],[0.33203125,0.0],[0.0,0.0]]]	true	output/scratch-14/cell_local/proofs/542.json	0	4ed9cd801bdd70992a9b7bd090803ffae349515f87546f044b21157e68e99d72	disc-verified:resolved	0	2ee3456a9aeb8607b88be4edd989a2034dd7fdd6f7846369d9dbc4c8ff20e6ae	disc-verified:resolved	output/scratch-14/witnesses/0542_requirement.json	"{""background_ordinal"":0,""bbox_global_raw"":[2623359.7329408005,3045239.4622975998,5374203.7696512,5374203.7696512],""branch"":""b"",""length"":680,""n_coords"":33,""offset"":3937074352,""source_cell"":[0,694,1312],""source_cell_sha256"":""9b241c7a4c43006816ab49ab6983083d619b3213d55d5d87d27a788b9251ac8d"",""spool_data"":""output/extract_timing/spool/level_0.data"",""trigger"":{""cell_raw"":[1324.7447040006518,251.769651199691],""global_raw"":[2749740.7447040007,5374203.7696512],""lat_lon"":[-22.6653861,110.978857],""vertex"":22}}"	b	[0,694,1312]	33	[2623359.733,3045239.462,5374203.77,5374203.77]	3	0	False	encoder_drops_clipped_source_sliver	west
0	674	1312	288	0	0	0	0	0	0	0	-1	-1	543	O01	1	1	[13]	[[-22.666666666666664,-22.583333333333332,111.0,111.125]]	[-22.666666666666664,-22.583333333333332,111.0,111.125]	c	"[{""bbox_cell"":[672,676,1312,1316],""branches"":[""c""],""leaf_path"":[1026],""n_coords"":13}]"	T2	[[[0.0,0.0],[0.0,0.33203125],[0.0,0.6640625],[0.0,1.0],[0.33203125,1.0],[0.6640625,1.0],[1.0,1.0],[1.0,0.6640625],[1.0,0.33203125],[1.0,0.0],[0.6640625,0.0],[0.33203125,0.0],[0.0,0.0]]]	true	output/scratch-14/cell_local/proofs/543.json	0	4ed9cd801bdd70992a9b7bd090803ffae349515f87546f044b21157e68e99d72	disc-verified:resolved	0	2ee3456a9aeb8607b88be4edd989a2034dd7fdd6f7846369d9dbc4c8ff20e6ae	disc-verified:resolved	output/scratch-14/witnesses/0543_requirement.json	"{""background_ordinal"":0,""bbox_global_raw"":[2623359.7329408005,3045239.4622975998,5374203.7696512,5374203.7696512],""branch"":""b"",""length"":680,""n_coords"":33,""offset"":3937074352,""source_cell"":[0,694,1312],""source_cell_sha256"":""9b241c7a4c43006816ab49ab6983083d619b3213d55d5d87d27a788b9251ac8d"",""spool_data"":""output/extract_timing/spool/level_0.data"",""trigger"":{""cell_raw"":[793.1691007986665,251.769651199691],""global_raw"":[2761497.1691007987,5374203.7696512],""lat_lon"":[-22.6653861,111.0685514],""vertex"":21}}"	b	[0,694,1312]	33	[2623359.733,3045239.462,5374203.77,5374203.77]	3	0	False	encoder_drops_clipped_source_sliver	west
0	677	1312	288	0	0	0	0	0	0	0	-1	-1	544	O01	1	1	[13]	[[-22.666666666666664,-22.583333333333332,111.125,111.25]]	[-22.666666666666664,-22.583333333333332,111.125,111.25]	c	"[{""bbox_cell"":[676,680,1312,1316],""branches"":[""c""],""leaf_path"":[1029],""n_coords"":13}]"	T2	[[[0.0,0.0],[0.0,0.33203125],[0.0,0.6640625],[0.0,1.0],[0.33203125,1.0],[0.6640625,1.0],[1.0,1.0],[1.0,0.6640625],[1.0,0.33203125],[1.0,0.0],[0.6640625,0.0],[0.33203125,0.0],[0.0,0.0]]]	true	output/scratch-14/cell_local/proofs/544.json	0	4ed9cd801bdd70992a9b7bd090803ffae349515f87546f044b21157e68e99d72	disc-verified:resolved	0	2ee3456a9aeb8607b88be4edd989a2034dd7fdd6f7846369d9dbc4c8ff20e6ae	disc-verified:resolved	output/scratch-14/witnesses/0544_requirement.json	"{""background_ordinal"":0,""bbox_global_raw"":[2623359.7329408005,3045239.4622975998,5374203.7696512,5374203.7696512],""branch"":""b"",""length"":680,""n_coords"":33,""offset"":3937074352,""source_cell"":[0,694,1312],""source_cell_sha256"":""9b241c7a4c43006816ab49ab6983083d619b3213d55d5d87d27a788b9251ac8d"",""spool_data"":""output/extract_timing/spool/level_0.data"",""trigger"":{""cell_raw"":[3200.712703999132,251.769651199691],""global_raw"":[2776192.712703999,5374203.7696512],""lat_lon"":[-22.6653861,111.1806695],""vertex"":20}}"	b	[0,694,1312]	33	[2623359.733,3045239.462,5374203.77,5374203.77]	3	0	False	encoder_drops_clipped_source_sliver	west
0	680	1312	288	0	0	0	0	0	0	0	-1	-1	545	O01	1	1	[13]	[[-22.666666666666664,-22.583333333333332,111.25,111.375]]	[-22.666666666666664,-22.583333333333332,111.25,111.375]	c	"[{""bbox_cell"":[680,684,1312,1316],""branches"":[""c""],""leaf_path"":[1032],""n_coords"":13}]"	T2	[[[0.0,0.0],[0.0,0.33203125],[0.0,0.6640625],[0.0,1.0],[0.33203125,1.0],[0.6640625,1.0],[1.0,1.0],[1.0,0.6640625],[1.0,0.33203125],[1.0,0.0],[0.6640625,0.0],[0.33203125,0.0],[0.0,0.0]]]	true	output/scratch-14/cell_local/proofs/545.json	0	4ed9cd801bdd70992a9b7bd090803ffae349515f87546f044b21157e68e99d72	disc-verified:resolved	0	2ee3456a9aeb8607b88be4edd989a2034dd7fdd6f7846369d9dbc4c8ff20e6ae	disc-verified:resolved	output/scratch-14/witnesses/0545_requirement.json	"{""background_ordinal"":0,""bbox_global_raw"":[2623359.7329408005,3045239.4622975998,5374203.7696512,5374203.7696512],""branch"":""b"",""length"":680,""n_coords"":33,""offset"":3937074352,""source_cell"":[0,694,1312],""source_cell_sha256"":""9b241c7a4c43006816ab49ab6983083d619b3213d55d5d87d27a788b9251ac8d"",""spool_data"":""output/extract_timing/spool/level_0.data"",""trigger"":{""cell_raw"":[2669.137100800872,251.769651199691],""global_raw"":[2787949.137100801,5374203.7696512],""lat_lon"":[-22.6653861,111.2703639],""vertex"":19}}"	b	[0,694,1312]	33	[2623359.733,3045239.462,5374203.77,5374203.77]	3	0	False	encoder_drops_clipped_source_sliver	west
0	684	1312	288	0	0	0	0	0	0	0	-1	-1	546	O01	1	1	[13]	[[-22.666666666666664,-22.583333333333332,111.375,111.5]]	[-22.666666666666664,-22.583333333333332,111.375,111.5]	c	"[{""bbox_cell"":[684,688,1312,1316],""branches"":[""c""],""leaf_path"":[1036],""n_coords"":13}]"	T2	[[[0.0,0.0],[0.0,0.33203125],[0.0,0.6640625],[0.0,1.0],[0.33203125,1.0],[0.6640625,1.0],[1.0,1.0],[1.0,0.6640625],[1.0,0.33203125],[1.0,0.0],[0.6640625,0.0],[0.33203125,0.0],[0.0,0.0]]]	true	output/scratch-14/cell_local/proofs/546.json	0	4ed9cd801bdd70992a9b7bd090803ffae349515f87546f044b21157e68e99d72	disc-verified:resolved	0	2ee3456a9aeb8607b88be4edd989a2034dd7fdd6f7846369d9dbc4c8ff20e6ae	disc-verified:resolved	output/scratch-14/witnesses/0546_requirement.json	"{""background_ordinal"":0,""bbox_global_raw"":[2623359.7329408005,3045239.4622975998,5374203.7696512,5374203.7696512],""branch"":""b"",""length"":680,""n_coords"":33,""offset"":3937074352,""source_cell"":[0,694,1312],""source_cell_sha256"":""9b241c7a4c43006816ab49ab6983083d619b3213d55d5d87d27a788b9251ac8d"",""spool_data"":""output/extract_timing/spool/level_0.data"",""trigger"":{""cell_raw"":[980.680703997612,251.769651199691],""global_raw"":[2802644.6807039976,5374203.7696512],""lat_lon"":[-22.6653861,111.382482],""vertex"":18}}"	b	[0,694,1312]	33	[2623359.733,3045239.462,5374203.77,5374203.77]	3	0	False	encoder_drops_clipped_source_sliver	west
0	687	1312	288	0	0	0	0	0	0	0	-1	-1	547	O01	1	1	[13]	[[-22.666666666666664,-22.583333333333332,111.375,111.5]]	[-22.666666666666664,-22.583333333333332,111.375,111.5]	c	"[{""bbox_cell"":[684,688,1312,1316],""branches"":[""c""],""leaf_path"":[1039],""n_coords"":13}]"	T2	[[[0.0,0.0],[0.0,0.33203125],[0.0,0.6640625],[0.0,1.0],[0.33203125,1.0],[0.6640625,1.0],[1.0,1.0],[1.0,0.6640625],[1.0,0.33203125],[1.0,0.0],[0.6640625,0.0],[0.33203125,0.0],[0.0,0.0]]]	true	output/scratch-14/cell_local/proofs/547.json	0	4ed9cd801bdd70992a9b7bd090803ffae349515f87546f044b21157e68e99d72	disc-verified:resolved	0	2ee3456a9aeb8607b88be4edd989a2034dd7fdd6f7846369d9dbc4c8ff20e6ae	disc-verified:resolved	output/scratch-14/witnesses/0547_requirement.json	"{""background_ordinal"":0,""bbox_global_raw"":[2623359.7329408005,3045239.4622975998,5374203.7696512,5374203.7696512],""branch"":""b"",""length"":680,""n_coords"":33,""offset"":3937074352,""source_cell"":[0,694,1312],""source_cell_sha256"":""9b241c7a4c43006816ab49ab6983083d619b3213d55d5d87d27a788b9251ac8d"",""spool_data"":""output/extract_timing/spool/level_0.data"",""trigger"":{""cell_raw"":[449.10510079935193,251.769651199691],""global_raw"":[2814401.1051007994,5374203.7696512],""lat_lon"":[-22.6653861,111.4721764],""vertex"":17}}"	b	[0,694,1312]	33	[2623359.733,3045239.462,5374203.77,5374203.77]	3	0	False	encoder_drops_clipped_source_sliver	west
0	690	1312	288	0	0	0	0	0	0	0	-1	-1	548	O01	1	1	[13]	[[-22.666666666666664,-22.583333333333332,111.5,111.625]]	[-22.666666666666664,-22.583333333333332,111.5,111.625]	c	"[{""bbox_cell"":[688,692,1312,1316],""branches"":[""c""],""leaf_path"":[1042],""n_coords"":13}]"	T2	[[[0.0,0.0],[0.0,0.33203125],[0.0,0.6640625],[0.0,1.0],[0.33203125,1.0],[0.6640625,1.0],[1.0,1.0],[1.0,0.6640625],[1.0,0.33203125],[1.0,0.0],[0.6640625,0.0],[0.33203125,0.0],[0.0,0.0]]]	true	output/scratch-14/cell_local/proofs/548.json	0	4ed9cd801bdd70992a9b7bd090803ffae349515f87546f044b21157e68e99d72	disc-verified:resolved	0	2ee3456a9aeb8607b88be4edd989a2034dd7fdd6f7846369d9dbc4c8ff20e6ae	disc-verified:resolved	output/scratch-14/witnesses/0548_requirement.json	"{""background_ordinal"":0,""bbox_global_raw"":[2623359.7329408005,3045239.4622975998,5374203.7696512,5374203.7696512],""branch"":""b"",""length"":680,""n_coords"":33,""offset"":3937074352,""source_cell"":[0,694,1312],""source_cell_sha256"":""9b241c7a4c43006816ab49ab6983083d619b3213d55d5d87d27a788b9251ac8d"",""spool_data"":""output/extract_timing/spool/level_0.data"",""trigger"":{""cell_raw"":[2856.6487039998174,251.769651199691],""global_raw"":[2829096.648704,5374203.7696512],""lat_lon"":[-22.6653861,111.5842945],""vertex"":16}}"	b	[0,694,1312]	33	[2623359.733,3045239.462,5374203.77,5374203.77]	3	0	False	encoder_drops_clipped_source_sliver	west
0	693	1312	288	0	0	0	0	0	0	0	-1	-1	549	O01	1	1	[13]	[[-22.666666666666664,-22.583333333333332,111.625,111.75]]	[-22.666666666666664,-22.583333333333332,111.625,111.75]	c	"[{""bbox_cell"":[692,696,1312,1316],""branches"":[""c""],""leaf_path"":[1045],""n_coords"":13}]"	T2	[[[0.0,0.0],[0.0,0.33203125],[0.0,0.6640625],[0.0,1.0],[0.33203125,1.0],[0.6640625,1.0],[1.0,1.0],[1.0,0.6640625],[1.0,0.33203125],[1.0,0.0],[0.6640625,0.0],[0.33203125,0.0],[0.0,0.0]]]	true	output/scratch-14/cell_local/proofs/549.json	0	4ed9cd801bdd70992a9b7bd090803ffae349515f87546f044b21157e68e99d72	disc-verified:resolved	0	2ee3456a9aeb8607b88be4edd989a2034dd7fdd6f7846369d9dbc4c8ff20e6ae	disc-verified:resolved	output/scratch-14/witnesses/0549_requirement.json	"{""background_ordinal"":0,""bbox_global_raw"":[2623359.7329408005,3045239.4622975998,5374203.7696512,5374203.7696512],""branch"":""b"",""length"":680,""n_coords"":33,""offset"":3937074352,""source_cell"":[0,694,1312],""source_cell_sha256"":""9b241c7a4c43006816ab49ab6983083d619b3213d55d5d87d27a788b9251ac8d"",""spool_data"":""output/extract_timing/spool/level_0.data"",""trigger"":{""cell_raw"":[2325.073100797832,251.769651199691],""global_raw"":[2840853.073100798,5374203.7696512],""lat_lon"":[-22.6653861,111.6739889],""vertex"":15}}"	b	[0,694,1312]	33	[2623359.733,3045239.462,5374203.77,5374203.77]	3	0	False	encoder_drops_clipped_source_sliver	west
0	697	1312	288	0	0	0	0	0	0	0	-1	-1	550	O01	1	1	[13]	[[-22.666666666666664,-22.583333333333332,111.75,111.875]]	[-22.666666666666664,-22.583333333333332,111.75,111.875]	c	"[{""bbox_cell"":[696,700,1312,1316],""branches"":[""c""],""leaf_path"":[1049],""n_coords"":13}]"	T2	[[[0.0,0.0],[0.0,0.33203125],[0.0,0.6640625],[0.0,1.0],[0.33203125,1.0],[0.6640625,1.0],[1.0,1.0],[1.0,0.6640625],[1.0,0.33203125],[1.0,0.0],[0.6640625,0.0],[0.33203125,0.0],[0.0,0.0]]]	true	output/scratch-14/cell_local/proofs/550.json	0	4ed9cd801bdd70992a9b7bd090803ffae349515f87546f044b21157e68e99d72	disc-verified:resolved	0	2ee3456a9aeb8607b88be4edd989a2034dd7fdd6f7846369d9dbc4c8ff20e6ae	disc-verified:resolved	output/scratch-14/witnesses/0550_requirement.json	"{""background_ordinal"":0,""bbox_global_raw"":[2623359.7329408005,3045239.4622975998,5374203.7696512,5374203.7696512],""branch"":""b"",""length"":680,""n_coords"":33,""offset"":3937074352,""source_cell"":[0,694,1312],""source_cell_sha256"":""9b241c7a4c43006816ab49ab6983083d619b3213d55d5d87d27a788b9251ac8d"",""spool_data"":""output/extract_timing/spool/level_0.data"",""trigger"":{""cell_raw"":[636.6167040020227,251.769651199691],""global_raw"":[2855548.616704002,5374203.7696512],""lat_lon"":[-22.6653861,111.786107],""vertex"":14}}"	b	[0,694,1312]	33	[2623359.733,3045239.462,5374203.77,5374203.77]	3	0	False	encoder_drops_clipped_source_sliver	west
0	700	1312	288	0	0	0	0	0	0	0	-1	-1	551	O01	1	1	[13]	[[-22.666666666666664,-22.583333333333332,111.875,112.0]]	[-22.666666666666664,-22.583333333333332,111.875,112.0]	c	"[{""bbox_cell"":[700,704,1312,1316],""branches"":[""c""],""leaf_path"":[1052],""n_coords"":13}]"	T2	[[[0.0,0.0],[0.0,0.33203125],[0.0,0.6640625],[0.0,1.0],[0.33203125,1.0],[0.6640625,1.0],[1.0,1.0],[1.0,0.6640625],[1.0,0.33203125],[1.0,0.0],[0.6640625,0.0],[0.33203125,0.0],[0.0,0.0]]]	true	output/scratch-14/cell_local/proofs/551.json	0	4ed9cd801bdd70992a9b7bd090803ffae349515f87546f044b21157e68e99d72	disc-verified:resolved	0	2ee3456a9aeb8607b88be4edd989a2034dd7fdd6f7846369d9dbc4c8ff20e6ae	disc-verified:resolved	output/scratch-14/witnesses/0551_requirement.json	"{""background_ordinal"":0,""bbox_global_raw"":[2623359.7329408005,3045239.4622975998,5374203.7696512,5374203.7696512],""branch"":""b"",""length"":680,""n_coords"":33,""offset"":3937074352,""source_cell"":[0,694,1312],""source_cell_sha256"":""9b241c7a4c43006816ab49ab6983083d619b3213d55d5d87d27a788b9251ac8d"",""spool_data"":""output/extract_timing/spool/level_0.data"",""trigger"":{""cell_raw"":[105.04110080003738,251.769651199691],""global_raw"":[2867305.0411008,5374203.7696512],""lat_lon"":[-22.6653861,111.8758014],""vertex"":13}}"	b	[0,694,1312]	33	[2623359.733,3045239.462,5374203.77,5374203.77]	3	0	False	encoder_drops_clipped_source_sliver	west
0	703	1312	288	0	0	0	0	0	0	0	-1	-1	552	O01	1	1	[13]	[[-22.666666666666664,-22.583333333333332,111.875,112.0]]	[-22.666666666666664,-22.583333333333332,111.875,112.0]	c	"[{""bbox_cell"":[700,704,1312,1316],""branches"":[""c""],""leaf_path"":[1055],""n_coords"":13}]"	T2	[[[0.0,0.0],[0.0,0.33203125],[0.0,0.6640625],[0.0,1.0],[0.33203125,1.0],[0.6640625,1.0],[1.0,1.0],[1.0,0.6640625],[1.0,0.33203125],[1.0,0.0],[0.6640625,0.0],[0.33203125,0.0],[0.0,0.0]]]	true	output/scratch-14/cell_local/proofs/552.json	0	4ed9cd801bdd70992a9b7bd090803ffae349515f87546f044b21157e68e99d72	disc-verified:resolved	0	2ee3456a9aeb8607b88be4edd989a2034dd7fdd6f7846369d9dbc4c8ff20e6ae	disc-verified:resolved	output/scratch-14/witnesses/0552_requirement.json	"{""background_ordinal"":0,""bbox_global_raw"":[2623359.7329408005,3045239.4622975998,5374203.7696512,5374203.7696512],""branch"":""b"",""length"":680,""n_coords"":33,""offset"":3937074352,""source_cell"":[0,694,1312],""source_cell_sha256"":""9b241c7a4c43006816ab49ab6983083d619b3213d55d5d87d27a788b9251ac8d"",""spool_data"":""output/extract_timing/spool/level_0.data"",""trigger"":{""cell_raw"":[2512.584704000503,251.769651199691],""global_raw"":[2882000.5847040005,5374203.7696512],""lat_lon"":[-22.6653861,111.9879195],""vertex"":12}}"	b	[0,694,1312]	33	[2623359.733,3045239.462,5374203.77,5374203.77]	3	0	False	encoder_drops_clipped_source_sliver	west
0	707	1312	288	0	0	0	0	0	0	0	-1	-1	553	O01	1	1	[13]	[[-22.666666666666664,-22.583333333333332,112.0,112.125]]	[-22.666666666666664,-22.583333333333332,112.0,112.125]	c	"[{""bbox_cell"":[704,708,1312,1316],""branches"":[""c""],""leaf_path"":[1027],""n_coords"":13}]"	T2	[[[0.0,0.0],[0.0,0.33203125],[0.0,0.6640625],[0.0,1.0],[0.33203125,1.0],[0.6640625,1.0],[1.0,1.0],[1.0,0.6640625],[1.0,0.33203125],[1.0,0.0],[0.6640625,0.0],[0.33203125,0.0],[0.0,0.0]]]	true	output/scratch-14/cell_local/proofs/553.json	0	4ed9cd801bdd70992a9b7bd090803ffae349515f87546f044b21157e68e99d72	disc-verified:resolved	0	2ee3456a9aeb8607b88be4edd989a2034dd7fdd6f7846369d9dbc4c8ff20e6ae	disc-verified:resolved	output/scratch-14/witnesses/0553_requirement.json	"{""background_ordinal"":0,""bbox_global_raw"":[2623359.7329408005,3045239.4622975998,5374203.7696512,5374203.7696512],""branch"":""b"",""length"":680,""n_coords"":33,""offset"":3937074352,""source_cell"":[0,694,1312],""source_cell_sha256"":""9b241c7a4c43006816ab49ab6983083d619b3213d55d5d87d27a788b9251ac8d"",""spool_data"":""output/extract_timing/spool/level_0.data"",""trigger"":{""cell_raw"":[824.1151999980211,251.769651199691],""global_raw"":[2896696.115199998,5374203.7696512],""lat_lon"":[-22.6653861,112.1000375],""vertex"":11}}"	b	[0,694,1312]	33	[2623359.733,3045239.462,5374203.77,5374203.77]	3	0	False	encoder_drops_clipped_source_sliver	west
0	710	1312	288	0	0	0	0	0	0	0	-1	-1	554	O01	1	1	[13]	[[-22.666666666666664,-22.583333333333332,112.125,112.25]]	[-22.666666666666664,-22.583333333333332,112.125,112.25]	c	"[{""bbox_cell"":[708,712,1312,1316],""branches"":[""c""],""leaf_path"":[1030],""n_coords"":13}]"	T2	[[[0.0,0.0],[0.0,0.33203125],[0.0,0.6640625],[0.0,1.0],[0.33203125,1.0],[0.6640625,1.0],[1.0,1.0],[1.0,0.6640625],[1.0,0.33203125],[1.0,0.0],[0.6640625,0.0],[0.33203125,0.0],[0.0,0.0]]]	true	output/scratch-14/cell_local/proofs/554.json	0	4ed9cd801bdd70992a9b7bd090803ffae349515f87546f044b21157e68e99d72	disc-verified:resolved	0	2ee3456a9aeb8607b88be4edd989a2034dd7fdd6f7846369d9dbc4c8ff20e6ae	disc-verified:resolved	output/scratch-14/witnesses/0554_requirement.json	"{""background_ordinal"":0,""bbox_global_raw"":[2623359.7329408005,3045239.4622975998,5374203.7696512,5374203.7696512],""branch"":""b"",""length"":680,""n_coords"":33,""offset"":3937074352,""source_cell"":[0,694,1312],""source_cell_sha256"":""9b241c7a4c43006816ab49ab6983083d619b3213d55d5d87d27a788b9251ac8d"",""spool_data"":""output/extract_timing/spool/level_0.data"",""trigger"":{""cell_raw"":[292.5527039989829,251.769651199691],""global_raw"":[2908452.552703999,5374203.7696512],""lat_lon"":[-22.6653861,112.189732],""vertex"":10}}"	b	[0,694,1312]	33	[2623359.733,3045239.462,5374203.77,5374203.77]	3	0	False	encoder_drops_clipped_source_sliver	west
0	715	1312	288	0	0	0	0	0	0	0	-1	-1	555	O01	1	1	[13]	[[-22.666666666666664,-22.583333333333332,112.25,112.375]]	[-22.666666666666664,-22.583333333333332,112.25,112.375]	c	"[{""bbox_cell"":[712,716,1312,1316],""branches"":[""c""],""leaf_path"":[1035],""n_coords"":13}]"	T2	[[[0.0,0.0],[0.0,0.33203125],[0.0,0.6640625],[0.0,1.0],[0.33203125,1.0],[0.6640625,1.0],[1.0,1.0],[1.0,0.6640625],[1.0,0.33203125],[1.0,0.0],[0.6640625,0.0],[0.33203125,0.0],[0.0,0.0]]]	true	output/scratch-14/cell_local/proofs/555.json	0	4ed9cd801bdd70992a9b7bd090803ffae349515f87546f044b21157e68e99d72	disc-verified:resolved	0	2ee3456a9aeb8607b88be4edd989a2034dd7fdd6f7846369d9dbc4c8ff20e6ae	disc-verified:resolved	output/scratch-14/witnesses/0555_requirement.json	"{""background_ordinal"":0,""bbox_global_raw"":[2623359.7329408005,3045239.4622975998,5374203.7696512,5374203.7696512],""branch"":""b"",""length"":680,""n_coords"":33,""offset"":3937074352,""source_cell"":[0,694,1312],""source_cell_sha256"":""9b241c7a4c43006816ab49ab6983083d619b3213d55d5d87d27a788b9251ac8d"",""spool_data"":""output/extract_timing/spool/level_0.data"",""trigger"":{""cell_raw"":[3325.4146047979593,251.769651199691],""global_raw"":[2931965.414604798,5374203.7696512],""lat_lon"":[-22.6653861,112.3691209],""vertex"":9}}"	b	[0,694,1312]	33	[2623359.733,3045239.462,5374203.77,5374203.77]	3	0	False	encoder_drops_clipped_source_sliver	west
0	719	1312	288	0	0	0	0	0	0	0	-1	-1	556	O01	1	1	[13]	[[-22.666666666666664,-22.583333333333332,112.375,112.5]]	[-22.666666666666664,-22.583333333333332,112.375,112.5]	c	"[{""bbox_cell"":[716,720,1312,1316],""branches"":[""c""],""leaf_path"":[1039],""n_coords"":13}]"	T2	[[[0.0,0.0],[0.0,0.33203125],[0.0,0.6640625],[0.0,1.0],[0.33203125,1.0],[0.6640625,1.0],[1.0,1.0],[1.0,0.6640625],[1.0,0.33203125],[1.0,0.0],[0.6640625,0.0],[0.33203125,0.0],[0.0,0.0]]]	true	output/scratch-14/cell_local/proofs/556.json	0	4ed9cd801bdd70992a9b7bd090803ffae349515f87546f044b21157e68e99d72	disc-verified:resolved	0	2ee3456a9aeb8607b88be4edd989a2034dd7fdd6f7846369d9dbc4c8ff20e6ae	disc-verified:resolved	output/scratch-14/witnesses/0556_requirement.json	"{""background_ordinal"":0,""bbox_global_raw"":[2623359.7329408005,3045239.4622975998,5374203.7696512,5374203.7696512],""branch"":""b"",""length"":680,""n_coords"":33,""offset"":3937074352,""source_cell"":[0,694,1312],""source_cell_sha256"":""9b241c7a4c43006816ab49ab6983083d619b3213d55d5d87d27a788b9251ac8d"",""spool_data"":""output/extract_timing/spool/level_0.data"",""trigger"":{""cell_raw"":[1636.945100799203,251.769651199691],""global_raw"":[2946660.945100799,5374203.7696512],""lat_lon"":[-22.6653861,112.4812389],""vertex"":8}}"	b	[0,694,1312]	33	[2623359.733,3045239.462,5374203.77,5374203.77]	3	0	False	encoder_drops_clipped_source_sliver	west
0	722	1312	288	0	0	0	0	0	0	0	-1	-1	557	O01	1	1	[13]	[[-22.666666666666664,-22.583333333333332,112.5,112.625]]	[-22.666666666666664,-22.583333333333332,112.5,112.625]	c	"[{""bbox_cell"":[720,724,1312,1316],""branches"":[""c""],""leaf_path"":[1042],""n_coords"":13}]"	T2	[[[0.0,0.0],[0.0,0.33203125],[0.0,0.6640625],[0.0,1.0],[0.33203125,1.0],[0.6640625,1.0],[1.0,1.0],[1.0,0.6640625],[1.0,0.33203125],[1.0,0.0],[0.6640625,0.0],[0.33203125,0.0],[0.0,0.0]]]	true	output/scratch-14/cell_local/proofs/557.json	0	4ed9cd801bdd70992a9b7bd090803ffae349515f87546f044b21157e68e99d72	disc-verified:resolved	0	2ee3456a9aeb8607b88be4edd989a2034dd7fdd6f7846369d9dbc4c8ff20e6ae	disc-verified:resolved	output/scratch-14/witnesses/0557_requirement.json	"{""background_ordinal"":0,""bbox_global_raw"":[2623359.7329408005,3045239.4622975998,5374203.7696512,5374203.7696512],""branch"":""b"",""length"":680,""n_coords"":33,""offset"":3937074352,""source_cell"":[0,694,1312],""source_cell_sha256"":""9b241c7a4c43006816ab49ab6983083d619b3213d55d5d87d27a788b9251ac8d"",""spool_data"":""output/extract_timing/spool/level_0.data"",""trigger"":{""cell_raw"":[4044.4887039996684,251.769651199691],""global_raw"":[2961356.4887039997,5374203.7696512],""lat_lon"":[-22.6653861,112.593357],""vertex"":7}}"	b	[0,694,1312]	33	[2623359.733,3045239.462,5374203.77,5374203.77]	3	0	False	encoder_drops_clipped_source_sliver	west
0	728	1312	288	0	0	0	0	0	0	0	-1	-1	558	O01	1	1	[13]	[[-22.666666666666664,-22.583333333333332,112.75,112.875]]	[-22.666666666666664,-22.583333333333332,112.75,112.875]	c	"[{""bbox_cell"":[728,732,1312,1316],""branches"":[""c""],""leaf_path"":[1048],""n_coords"":13}]"	T2	[[[0.0,0.0],[0.0,0.33203125],[0.0,0.6640625],[0.0,1.0],[0.33203125,1.0],[0.6640625,1.0],[1.0,1.0],[1.0,0.6640625],[1.0,0.33203125],[1.0,0.0],[0.6640625,0.0],[0.33203125,0.0],[0.0,0.0]]]	true	output/scratch-14/cell_local/proofs/558.json	0	4ed9cd801bdd70992a9b7bd090803ffae349515f87546f044b21157e68e99d72	disc-verified:resolved	0	2ee3456a9aeb8607b88be4edd989a2034dd7fdd6f7846369d9dbc4c8ff20e6ae	disc-verified:resolved	output/scratch-14/witnesses/0558_requirement.json	"{""background_ordinal"":0,""bbox_global_raw"":[2623359.7329408005,3045239.4622975998,5374203.7696512,5374203.7696512],""branch"":""b"",""length"":680,""n_coords"":33,""offset"":3937074352,""source_cell"":[0,694,1312],""source_cell_sha256"":""9b241c7a4c43006816ab49ab6983083d619b3213d55d5d87d27a788b9251ac8d"",""spool_data"":""output/extract_timing/spool/level_0.data"",""trigger"":{""cell_raw"":[2981.337497599423,251.769651199691],""global_raw"":[2984869.3374975994,5374203.7696512],""lat_lon"":[-22.6653861,112.7727458],""vertex"":6}}"	b	[0,694,1312]	33	[2623359.733,3045239.462,5374203.77,5374203.77]	3	0	False	encoder_drops_clipped_source_sliver	west
0	732	1312	288	0	0	0	0	0	0	0	-1	-1	559	O01	1	1	[13]	[[-22.666666666666664,-22.583333333333332,112.875,113.0]]	[-22.666666666666664,-22.583333333333332,112.875,113.0]	c	"[{""bbox_cell"":[732,736,1312,1316],""branches"":[""c""],""leaf_path"":[1052],""n_coords"":13}]"	T2	[[[0.0,0.0],[0.0,0.33203125],[0.0,0.6640625],[0.0,1.0],[0.33203125,1.0],[0.6640625,1.0],[1.0,1.0],[1.0,0.6640625],[1.0,0.33203125],[1.0,0.0],[0.6640625,0.0],[0.33203125,0.0],[0.0,0.0]]]	true	output/scratch-14/cell_local/proofs/559.json	0	4ed9cd801bdd70992a9b7bd090803ffae349515f87546f044b21157e68e99d72	disc-verified:resolved	0	2ee3456a9aeb8607b88be4edd989a2034dd7fdd6f7846369d9dbc4c8ff20e6ae	disc-verified:resolved	output/scratch-14/witnesses/0559_requirement.json	"{""background_ordinal"":0,""bbox_global_raw"":[2623359.7329408005,3045239.4622975998,5374203.7696512,5374203.7696512],""branch"":""b"",""length"":680,""n_coords"":33,""offset"":3937074352,""source_cell"":[0,694,1312],""source_cell_sha256"":""9b241c7a4c43006816ab49ab6983083d619b3213d55d5d87d27a788b9251ac8d"",""spool_data"":""output/extract_timing/spool/level_0.data"",""trigger"":{""cell_raw"":[1292.8811007998884,251.769651199691],""global_raw"":[2999564.8811008,5374203.7696512],""lat_lon"":[-22.6653861,112.8848639],""vertex"":5}}"	b	[0,694,1312]	33	[2623359.733,3045239.462,5374203.77,5374203.77]	3	0	False	encoder_drops_clipped_source_sliver	west
0	735	1312	288	0	0	0	0	0	0	0	-1	-1	560	O01	1	1	[13]	[[-22.666666666666664,-22.583333333333332,112.875,113.0]]	[-22.666666666666664,-22.583333333333332,112.875,113.0]	c	"[{""bbox_cell"":[732,736,1312,1316],""branches"":[""c""],""leaf_path"":[1055],""n_coords"":13}]"	T2	[[[0.0,0.0],[0.0,0.33203125],[0.0,0.6640625],[0.0,1.0],[0.33203125,1.0],[0.6640625,1.0],[1.0,1.0],[1.0,0.6640625],[1.0,0.33203125],[1.0,0.0],[0.6640625,0.0],[0.33203125,0.0],[0.0,0.0]]]	true	output/scratch-14/cell_local/proofs/560.json	0	4ed9cd801bdd70992a9b7bd090803ffae349515f87546f044b21157e68e99d72	disc-verified:resolved	0	2ee3456a9aeb8607b88be4edd989a2034dd7fdd6f7846369d9dbc4c8ff20e6ae	disc-verified:resolved	output/scratch-14/witnesses/0560_requirement.json	"{""background_ordinal"":0,""bbox_global_raw"":[2623359.7329408005,3045239.4622975998,5374203.7696512,5374203.7696512],""branch"":""b"",""length"":680,""n_coords"":33,""offset"":3937074352,""source_cell"":[0,694,1312],""source_cell_sha256"":""9b241c7a4c43006816ab49ab6983083d619b3213d55d5d87d27a788b9251ac8d"",""spool_data"":""output/extract_timing/spool/level_0.data"",""trigger"":{""cell_raw"":[761.3054976016283,251.769651199691],""global_raw"":[3011321.3054976016,5374203.7696512],""lat_lon"":[-22.6653861,112.9745583],""vertex"":4}}"	b	[0,694,1312]	33	[2623359.733,3045239.462,5374203.77,5374203.77]	3	0	False	encoder_drops_clipped_source_sliver	west
0	738	1312	288	0	0	0	0	0	0	0	-1	-1	561	O01	1	1	[13]	[[-22.666666666666664,-22.583333333333332,113.0,113.125]]	[-22.666666666666664,-22.583333333333332,113.0,113.125]	c	"[{""bbox_cell"":[736,740,1312,1316],""branches"":[""c""],""leaf_path"":[1026],""n_coords"":13}]"	T2	[[[0.0,0.0],[0.0,0.33203125],[0.0,0.6640625],[0.0,1.0],[0.33203125,1.0],[0.6640625,1.0],[1.0,1.0],[1.0,0.6640625],[1.0,0.33203125],[1.0,0.0],[0.6640625,0.0],[0.33203125,0.0],[0.0,0.0]]]	true	output/scratch-14/cell_local/proofs/561.json	0	4ed9cd801bdd70992a9b7bd090803ffae349515f87546f044b21157e68e99d72	disc-verified:resolved	0	2ee3456a9aeb8607b88be4edd989a2034dd7fdd6f7846369d9dbc4c8ff20e6ae	disc-verified:resolved	output/scratch-14/witnesses/0561_requirement.json	"{""background_ordinal"":0,""bbox_global_raw"":[2623359.7329408005,3045239.4622975998,5374203.7696512,5374203.7696512],""branch"":""b"",""length"":680,""n_coords"":33,""offset"":3937074352,""source_cell"":[0,694,1312],""source_cell_sha256"":""9b241c7a4c43006816ab49ab6983083d619b3213d55d5d87d27a788b9251ac8d"",""spool_data"":""output/extract_timing/spool/level_0.data"",""trigger"":{""cell_raw"":[3168.8491007983685,251.769651199691],""global_raw"":[3026016.8491007984,5374203.7696512],""lat_lon"":[-22.6653861,113.0866764],""vertex"":3}}"	b	[0,694,1312]	33	[2623359.733,3045239.462,5374203.77,5374203.77]	3	0	False	encoder_drops_clipped_source_sliver	other
0	1904	1350	288	0	0	0	0	0	0	0	-1	-1	567	O05	1	1	[13]	[[-21.916666666666664,-21.833333333333332,149.5,149.625]]	[-21.916666666666664,-21.833333333333332,149.5,149.625]	c	"[{""bbox_cell"":[1904,1908,1348,1352],""branches"":[""c""],""leaf_path"":[208],""n_coords"":13}]"	T2	[[[0.0,0.0],[0.0,0.33203125],[0.0,0.6640625],[0.0,1.0],[0.33203125,1.0],[0.6640625,1.0],[1.0,1.0],[1.0,0.6640625],[1.0,0.33203125],[1.0,0.0],[0.6640625,0.0],[0.33203125,0.0],[0.0,0.0]]]	true	output/scratch-14/cell_local/proofs/567.json	0	4ed9cd801bdd70992a9b7bd090803ffae349515f87546f044b21157e68e99d72	disc-verified:resolved	0	2ee3456a9aeb8607b88be4edd989a2034dd7fdd6f7846369d9dbc4c8ff20e6ae	disc-verified:resolved	output/scratch-14/witnesses/0567_requirement.json	"{""background_ordinal"":0,""bbox_global_raw"":[7793866.597990401,7799876.694835201,5530882.7688959995,5530883.181772799],""branch"":""b"",""length"":232,""n_coords"":5,""offset"":3997243456,""source_cell"":[0,1903,1350],""source_cell_sha256"":""c3577a26ddc75f0bb9f36a3b88507d17c62dac4e1b84196c0cdebd1e3eea3439"",""spool_data"":""output/extract_timing/spool/level_0.data"",""trigger"":{""cell_raw"":[1092.6948352009058,1282.7688959995285],""global_raw"":[7799876.694835201,5530882.7688959995],""lat_lon"":[-21.8684755,149.5083366],""vertex"":0}}"	b	[0,1903,1350]	5	[7793866.598,7799876.695,5530882.769,5530883.182]	2	0	False	encoder_drops_clipped_source_sliver	other
0	660	1406	288	0	0	0	0	0	0	0	-1	-1	598	O01	1	1	[13]	[[-20.749999999999996,-20.666666666666664,110.625,110.75]]	[-20.749999999999996,-20.666666666666664,110.625,110.75]	c	"[{""bbox_cell"":[660,664,1404,1408],""branches"":[""c""],""leaf_path"":[2004],""n_coords"":13}]"	T1	[[[1.0,0.0],[0.6640625,0.0],[0.33203125,0.0],[0.0,0.0],[0.0,0.33203125],[0.0,0.6640625],[0.0,1.0],[0.33203125,1.0],[0.6640625,1.0],[1.0,1.0],[1.0,0.6640625],[1.0,0.33203125],[1.0,0.0]]]	true	output/scratch-14/cell_local/proofs/598.json	0	4ed9cd801bdd70992a9b7bd090803ffae349515f87546f044b21157e68e99d72	disc-verified:resolved	0	2ee3456a9aeb8607b88be4edd989a2034dd7fdd6f7846369d9dbc4c8ff20e6ae	disc-verified:resolved	output/scratch-14/witnesses/0598_requirement.json	"{""background_ordinal"":0,""bbox_global_raw"":[2700174.3998975977,2741589.337702401,5760614.399999999,5760614.399999999],""branch"":""b"",""length"":232,""n_coords"":5,""offset"":4098707992,""source_cell"":[0,662,1406],""source_cell_sha256"":""fb53519c9633c65a91d22d667d2f668d4d26f2e8d3314e1736713dac42582afa"",""spool_data"":""output/extract_timing/spool/level_0.data"",""trigger"":{""cell_raw"":[2625.7129471972585,1638.3999999994412],""global_raw"":[2705985.7129471973,5760614.399999999],""lat_lon"":[-20.7,110.6450326],""vertex"":1}}"	b	[0,662,1406]	5	[2700174.4,2741589.338,5760614.4,5760614.4]	3	0	False	encoder_drops_clipped_source_sliver	west
0	665	1406	288	0	0	0	0	0	0	0	-1	-1	599	O01	1	1	[13]	[[-20.749999999999996,-20.666666666666664,110.75,110.875]]	[-20.749999999999996,-20.666666666666664,110.75,110.875]	c	"[{""bbox_cell"":[664,668,1404,1408],""branches"":[""c""],""leaf_path"":[2009],""n_coords"":13}]"	T1	[[[1.0,0.0],[0.6640625,0.0],[0.33203125,0.0],[0.0,0.0],[0.0,0.33203125],[0.0,0.6640625],[0.0,1.0],[0.33203125,1.0],[0.6640625,1.0],[1.0,1.0],[1.0,0.6640625],[1.0,0.33203125],[1.0,0.0]]]	true	output/scratch-14/cell_local/proofs/599.json	0	4ed9cd801bdd70992a9b7bd090803ffae349515f87546f044b21157e68e99d72	disc-verified:resolved	0	2ee3456a9aeb8607b88be4edd989a2034dd7fdd6f7846369d9dbc4c8ff20e6ae	disc-verified:resolved	output/scratch-14/witnesses/0599_requirement.json	"{""background_ordinal"":0,""bbox_global_raw"":[2700174.3998975977,2741589.337702401,5760614.399999999,5760614.399999999],""branch"":""b"",""length"":232,""n_coords"":5,""offset"":4098707992,""source_cell"":[0,662,1406],""source_cell_sha256"":""fb53519c9633c65a91d22d667d2f668d4d26f2e8d3314e1736713dac42582afa"",""spool_data"":""output/extract_timing/spool/level_0.data"",""trigger"":{""cell_raw"":[2494.4443392008543,1638.3999999994412],""global_raw"":[2726334.444339201,5760614.399999999],""lat_lon"":[-20.7,110.8002811],""vertex"":2}}"	b	[0,662,1406]	5	[2700174.4,2741589.338,5760614.4,5760614.4]	3	0	False	encoder_drops_clipped_source_sliver	west
0	1961	1471	288	0	0	0	0	0	0	0	-1	-1	617	O01	1	1	[13]	[[-19.416666666666664,-19.333333333333332,151.25,151.375]]	[-19.416666666666664,-19.333333333333332,151.25,151.375]	c	"[{""bbox_cell"":[1960,1964,1468,1472],""branches"":[""c""],""leaf_path"":[2025],""n_coords"":13}]"	T1	[[[1.0,0.0],[0.6640625,0.0],[0.33203125,0.0],[0.0,0.0],[0.0,0.33203125],[0.0,0.6640625],[0.0,1.0],[0.33203125,1.0],[0.6640625,1.0],[1.0,1.0],[1.0,0.6640625],[1.0,0.33203125],[1.0,0.0]]]	true	output/scratch-14/cell_local/proofs/617.json	0	4ed9cd801bdd70992a9b7bd090803ffae349515f87546f044b21157e68e99d72	disc-verified:resolved	0	2ee3456a9aeb8607b88be4edd989a2034dd7fdd6f7846369d9dbc4c8ff20e6ae	disc-verified:resolved	output/scratch-14/witnesses/0617_requirement.json	"{""background_ordinal"":0,""bbox_global_raw"":[7909175.748198401,8137605.120000001,6026035.199999999,6026035.199999999],""branch"":""b"",""length"":920,""n_coords"":48,""offset"":4190818464,""source_cell"":[0,1958,1471],""source_cell_sha256"":""99e21136ec1863c88f8e0e0d754cc7df9e966dafa0cb301d6289ae8a293ace0d"",""spool_data"":""output/extract_timing/spool/level_0.data"",""trigger"":{""cell_raw"":[521.3650944009423,819.1999999992549],""global_raw"":[8032777.365094401,6026035.199999999],""lat_lon"":[-19.35,151.2852277],""vertex"":25}}"	b	[0,1958,1471]	48	[7909175.748,8137605.12,6026035.2,6026035.2]	3	0	False	encoder_drops_clipped_source_sliver	other
0	1962	1471	288	0	0	0	0	0	0	0	-1	-1	618	O01	1	1	[13]	[[-19.416666666666664,-19.333333333333332,151.25,151.375]]	[-19.416666666666664,-19.333333333333332,151.25,151.375]	c	"[{""bbox_cell"":[1960,1964,1468,1472],""branches"":[""c""],""leaf_path"":[2026],""n_coords"":13}]"	T1	[[[1.0,0.0],[0.6640625,0.0],[0.33203125,0.0],[0.0,0.0],[0.0,0.33203125],[0.0,0.6640625],[0.0,1.0],[0.33203125,1.0],[0.6640625,1.0],[1.0,1.0],[1.0,0.6640625],[1.0,0.33203125],[1.0,0.0]]]	true	output/scratch-14/cell_local/proofs/618.json	0	4ed9cd801bdd70992a9b7bd090803ffae349515f87546f044b21157e68e99d72	disc-verified:resolved	0	2ee3456a9aeb8607b88be4edd989a2034dd7fdd6f7846369d9dbc4c8ff20e6ae	disc-verified:resolved	output/scratch-14/witnesses/0618_requirement.json	"{""background_ordinal"":0,""bbox_global_raw"":[7909175.748198401,8137605.120000001,6026035.199999999,6026035.199999999],""branch"":""b"",""length"":920,""n_coords"":48,""offset"":4190818464,""source_cell"":[0,1958,1471],""source_cell_sha256"":""99e21136ec1863c88f8e0e0d754cc7df9e966dafa0cb301d6289ae8a293ace0d"",""spool_data"":""output/extract_timing/spool/level_0.data"",""trigger"":{""cell_raw"":[2319.135539200157,819.1999999992549],""global_raw"":[8038671.1355392,6026035.199999999],""lat_lon"":[-19.35,151.3301936],""vertex"":26}}"	b	[0,1958,1471]	48	[7909175.748,8137605.12,6026035.2,6026035.2]	3	0	False	encoder_drops_clipped_source_sliver	other
0	1964	1471	288	0	0	0	0	0	0	0	-1	-1	619	O01	1	1	[13]	[[-19.416666666666664,-19.333333333333332,151.375,151.5]]	[-19.416666666666664,-19.333333333333332,151.375,151.5]	c	"[{""bbox_cell"":[1964,1968,1468,1472],""branches"":[""c""],""leaf_path"":[2028],""n_coords"":13}]"	T1	[[[1.0,0.0],[0.6640625,0.0],[0.33203125,0.0],[0.0,0.0],[0.0,0.33203125],[0.0,0.6640625],[0.0,1.0],[0.33203125,1.0],[0.6640625,1.0],[1.0,1.0],[1.0,0.6640625],[1.0,0.33203125],[1.0,0.0]]]	true	output/scratch-14/cell_local/proofs/619.json	0	4ed9cd801bdd70992a9b7bd090803ffae349515f87546f044b21157e68e99d72	disc-verified:resolved	0	2ee3456a9aeb8607b88be4edd989a2034dd7fdd6f7846369d9dbc4c8ff20e6ae	disc-verified:resolved	output/scratch-14/witnesses/0619_requirement.json	"{""background_ordinal"":0,""bbox_global_raw"":[7909175.748198401,8137605.120000001,6026035.199999999,6026035.199999999],""branch"":""b"",""length"":920,""n_coords"":48,""offset"":4190818464,""source_cell"":[0,1958,1471],""source_cell_sha256"":""99e21136ec1863c88f8e0e0d754cc7df9e966dafa0cb301d6289ae8a293ace0d"",""spool_data"":""output/extract_timing/spool/level_0.data"",""trigger"":{""cell_raw"":[20.919091198593378,819.1999999992549],""global_raw"":[8044564.919091199,6026035.199999999],""lat_lon"":[-19.35,151.3751596],""vertex"":27}}"	b	[0,1958,1471]	48	[7909175.748,8137605.12,6026035.2,6026035.2]	3	0	False	encoder_drops_clipped_source_sliver	other
0	1965	1471	288	0	0	0	0	0	0	0	-1	-1	620	O01	1	1	[13]	[[-19.416666666666664,-19.333333333333332,151.375,151.5]]	[-19.416666666666664,-19.333333333333332,151.375,151.5]	c	"[{""bbox_cell"":[1964,1968,1468,1472],""branches"":[""c""],""leaf_path"":[2029],""n_coords"":13}]"	T1	[[[1.0,0.0],[0.6640625,0.0],[0.33203125,0.0],[0.0,0.0],[0.0,0.33203125],[0.0,0.6640625],[0.0,1.0],[0.33203125,1.0],[0.6640625,1.0],[1.0,1.0],[1.0,0.6640625],[1.0,0.33203125],[1.0,0.0]]]	true	output/scratch-14/cell_local/proofs/620.json	0	4ed9cd801bdd70992a9b7bd090803ffae349515f87546f044b21157e68e99d72	disc-verified:resolved	0	2ee3456a9aeb8607b88be4edd989a2034dd7fdd6f7846369d9dbc4c8ff20e6ae	disc-verified:resolved	output/scratch-14/witnesses/0620_requirement.json	"{""background_ordinal"":0,""bbox_global_raw"":[7909175.748198401,8137605.120000001,6026035.199999999,6026035.199999999],""branch"":""b"",""length"":920,""n_coords"":48,""offset"":4190818464,""source_cell"":[0,1958,1471],""source_cell_sha256"":""99e21136ec1863c88f8e0e0d754cc7df9e966dafa0cb301d6289ae8a293ace0d"",""spool_data"":""output/extract_timing/spool/level_0.data"",""trigger"":{""cell_raw"":[1818.6895360015333,819.1999999992549],""global_raw"":[8050458.6895360015,6026035.199999999],""lat_lon"":[-19.35,151.4201255],""vertex"":28}}"	b	[0,1958,1471]	48	[7909175.748,8137605.12,6026035.2,6026035.2]	3	0	False	encoder_drops_clipped_source_sliver	other
0	1966	1471	288	0	0	0	0	0	0	0	-1	-1	621	O01	1	1	[13]	[[-19.416666666666664,-19.333333333333332,151.375,151.5]]	[-19.416666666666664,-19.333333333333332,151.375,151.5]	c	"[{""bbox_cell"":[1964,1968,1468,1472],""branches"":[""c""],""leaf_path"":[2030],""n_coords"":13}]"	T1	[[[1.0,0.0],[0.6640625,0.0],[0.33203125,0.0],[0.0,0.0],[0.0,0.33203125],[0.0,0.6640625],[0.0,1.0],[0.33203125,1.0],[0.6640625,1.0],[1.0,1.0],[1.0,0.6640625],[1.0,0.33203125],[1.0,0.0]]]	true	output/scratch-14/cell_local/proofs/621.json	0	4ed9cd801bdd70992a9b7bd090803ffae349515f87546f044b21157e68e99d72	disc-verified:resolved	0	2ee3456a9aeb8607b88be4edd989a2034dd7fdd6f7846369d9dbc4c8ff20e6ae	disc-verified:resolved	output/scratch-14/witnesses/0621_requirement.json	"{""background_ordinal"":0,""bbox_global_raw"":[7909175.748198401,8137605.120000001,6026035.199999999,6026035.199999999],""branch"":""b"",""length"":920,""n_coords"":48,""offset"":4190818464,""source_cell"":[0,1958,1471],""source_cell_sha256"":""99e21136ec1863c88f8e0e0d754cc7df9e966dafa0cb301d6289ae8a293ace0d"",""spool_data"":""output/extract_timing/spool/level_0.data"",""trigger"":{""cell_raw"":[669.5813120007515,819.1999999992549],""global_raw"":[8053405.581312001,6026035.199999999],""lat_lon"":[-19.35,151.4426085],""vertex"":29}}"	b	[0,1958,1471]	48	[7909175.748,8137605.12,6026035.2,6026035.2]	3	0	False	encoder_drops_clipped_source_sliver	other
0	1967	1471	288	0	0	0	0	0	0	0	-1	-1	622	O01	1	1	[13]	[[-19.416666666666664,-19.333333333333332,151.375,151.5]]	[-19.416666666666664,-19.333333333333332,151.375,151.5]	c	"[{""bbox_cell"":[1964,1968,1468,1472],""branches"":[""c""],""leaf_path"":[2031],""n_coords"":13}]"	T1	[[[1.0,0.0],[0.6640625,0.0],[0.33203125,0.0],[0.0,0.0],[0.0,0.33203125],[0.0,0.6640625],[0.0,1.0],[0.33203125,1.0],[0.6640625,1.0],[1.0,1.0],[1.0,0.6640625],[1.0,0.33203125],[1.0,0.0]]]	true	output/scratch-14/cell_local/proofs/622.json	0	4ed9cd801bdd70992a9b7bd090803ffae349515f87546f044b21157e68e99d72	disc-verified:resolved	0	2ee3456a9aeb8607b88be4edd989a2034dd7fdd6f7846369d9dbc4c8ff20e6ae	disc-verified:resolved	output/scratch-14/witnesses/0622_requirement.json	"{""background_ordinal"":0,""bbox_global_raw"":[7909175.748198401,8137605.120000001,6026035.199999999,6026035.199999999],""branch"":""b"",""length"":920,""n_coords"":48,""offset"":4190818464,""source_cell"":[0,1958,1471],""source_cell_sha256"":""99e21136ec1863c88f8e0e0d754cc7df9e966dafa0cb301d6289ae8a293ace0d"",""spool_data"":""output/extract_timing/spool/level_0.data"",""trigger"":{""cell_raw"":[2467.351756799966,819.1999999992549],""global_raw"":[8059299.3517568,6026035.199999999],""lat_lon"":[-19.35,151.4875744],""vertex"":30}}"	b	[0,1958,1471]	48	[7909175.748,8137605.12,6026035.2,6026035.2]	3	0	False	encoder_drops_clipped_source_sliver	other
0	1969	1471	288	0	0	0	0	0	0	0	-1	-1	623	O01	1	1	[13]	[[-19.416666666666664,-19.333333333333332,151.5,151.625]]	[-19.416666666666664,-19.333333333333332,151.5,151.625]	c	"[{""bbox_cell"":[1968,1972,1468,1472],""branches"":[""c""],""leaf_path"":[2033],""n_coords"":13}]"	T1	[[[1.0,0.0],[0.6640625,0.0],[0.33203125,0.0],[0.0,0.0],[0.0,0.33203125],[0.0,0.6640625],[0.0,1.0],[0.33203125,1.0],[0.6640625,1.0],[1.0,1.0],[1.0,0.6640625],[1.0,0.33203125],[1.0,0.0]]]	true	output/scratch-14/cell_local/proofs/623.json	0	4ed9cd801bdd70992a9b7bd090803ffae349515f87546f044b21157e68e99d72	disc-verified:resolved	0	2ee3456a9aeb8607b88be4edd989a2034dd7fdd6f7846369d9dbc4c8ff20e6ae	disc-verified:resolved	output/scratch-14/witnesses/0623_requirement.json	"{""background_ordinal"":0,""bbox_global_raw"":[7909175.748198401,8137605.120000001,6026035.199999999,6026035.199999999],""branch"":""b"",""length"":920,""n_coords"":48,""offset"":4190818464,""source_cell"":[0,1958,1471],""source_cell_sha256"":""99e21136ec1863c88f8e0e0d754cc7df9e966dafa0cb301d6289ae8a293ace0d"",""spool_data"":""output/extract_timing/spool/level_0.data"",""trigger"":{""cell_raw"":[169.1222015991807,819.1999999992549],""global_raw"":[8065193.122201599,6026035.199999999],""lat_lon"":[-19.35,151.5325403],""vertex"":31}}"	b	[0,1958,1471]	48	[7909175.748,8137605.12,6026035.2,6026035.2]	4	0	False	encoder_drops_clipped_source_sliver	other
0	1971	1471	288	0	0	0	0	0	0	0	-1	-1	624	O01	1	1	[13]	[[-19.416666666666664,-19.333333333333332,151.5,151.625]]	[-19.416666666666664,-19.333333333333332,151.5,151.625]	c	"[{""bbox_cell"":[1968,1972,1468,1472],""branches"":[""c""],""leaf_path"":[2035],""n_coords"":13}]"	T1	[[[1.0,0.0],[0.6640625,0.0],[0.33203125,0.0],[0.0,0.0],[0.0,0.33203125],[0.0,0.6640625],[0.0,1.0],[0.33203125,1.0],[0.6640625,1.0],[1.0,1.0],[1.0,0.6640625],[1.0,0.33203125],[1.0,0.0]]]	true	output/scratch-14/cell_local/proofs/624.json	0	4ed9cd801bdd70992a9b7bd090803ffae349515f87546f044b21157e68e99d72	disc-verified:resolved	0	2ee3456a9aeb8607b88be4edd989a2034dd7fdd6f7846369d9dbc4c8ff20e6ae	disc-verified:resolved	output/scratch-14/witnesses/0624_requirement.json	"{""background_ordinal"":0,""bbox_global_raw"":[7909175.748198401,8137605.120000001,6026035.199999999,6026035.199999999],""branch"":""b"",""length"":920,""n_coords"":48,""offset"":4190818464,""source_cell"":[0,1958,1471],""source_cell_sha256"":""99e21136ec1863c88f8e0e0d754cc7df9e966dafa0cb301d6289ae8a293ace0d"",""spool_data"":""output/extract_timing/spool/level_0.data"",""trigger"":{""cell_raw"":[817.7844224013388,819.1999999992549],""global_raw"":[8074033.784422401,6026035.199999999],""lat_lon"":[-19.35,151.5999892],""vertex"":33}}"	b	[0,1958,1471]	48	[7909175.748,8137605.12,6026035.2,6026035.2]	3	0	False	encoder_drops_clipped_source_sliver	other
0	1972	1471	288	0	0	0	0	0	0	0	-1	-1	625	O01	1	1	[13]	[[-19.416666666666664,-19.333333333333332,151.625,151.75]]	[-19.416666666666664,-19.333333333333332,151.625,151.75]	c	"[{""bbox_cell"":[1972,1976,1468,1472],""branches"":[""c""],""leaf_path"":[2036],""n_coords"":13}]"	T1	[[[1.0,0.0],[0.6640625,0.0],[0.33203125,0.0],[0.0,0.0],[0.0,0.33203125],[0.0,0.6640625],[0.0,1.0],[0.33203125,1.0],[0.6640625,1.0],[1.0,1.0],[1.0,0.6640625],[1.0,0.33203125],[1.0,0.0]]]	true	output/scratch-14/cell_local/proofs/625.json	0	4ed9cd801bdd70992a9b7bd090803ffae349515f87546f044b21157e68e99d72	disc-verified:resolved	0	2ee3456a9aeb8607b88be4edd989a2034dd7fdd6f7846369d9dbc4c8ff20e6ae	disc-verified:resolved	output/scratch-14/witnesses/0625_requirement.json	"{""background_ordinal"":0,""bbox_global_raw"":[7909175.748198401,8137605.120000001,6026035.199999999,6026035.199999999],""branch"":""b"",""length"":920,""n_coords"":48,""offset"":4190818464,""source_cell"":[0,1958,1471],""source_cell_sha256"":""99e21136ec1863c88f8e0e0d754cc7df9e966dafa0cb301d6289ae8a293ace0d"",""spool_data"":""output/extract_timing/spool/level_0.data"",""trigger"":{""cell_raw"":[2615.5548672005534,819.1999999992549],""global_raw"":[8079927.554867201,6026035.199999999],""lat_lon"":[-19.35,151.6449551],""vertex"":34}}"	b	[0,1958,1471]	48	[7909175.748,8137605.12,6026035.2,6026035.2]	3	0	False	encoder_drops_clipped_source_sliver	other
0	1974	1471	288	0	0	0	0	0	0	0	-1	-1	626	O01	1	1	[13]	[[-19.416666666666664,-19.333333333333332,151.625,151.75]]	[-19.416666666666664,-19.333333333333332,151.625,151.75]	c	"[{""bbox_cell"":[1972,1976,1468,1472],""branches"":[""c""],""leaf_path"":[2038],""n_coords"":13}]"	T1	[[[1.0,0.0],[0.6640625,0.0],[0.33203125,0.0],[0.0,0.0],[0.0,0.33203125],[0.0,0.6640625],[0.0,1.0],[0.33203125,1.0],[0.6640625,1.0],[1.0,1.0],[1.0,0.6640625],[1.0,0.33203125],[1.0,0.0]]]	true	output/scratch-14/cell_local/proofs/626.json	0	4ed9cd801bdd70992a9b7bd090803ffae349515f87546f044b21157e68e99d72	disc-verified:resolved	0	2ee3456a9aeb8607b88be4edd989a2034dd7fdd6f7846369d9dbc4c8ff20e6ae	disc-verified:resolved	output/scratch-14/witnesses/0626_requirement.json	"{""background_ordinal"":0,""bbox_global_raw"":[7909175.748198401,8137605.120000001,6026035.199999999,6026035.199999999],""branch"":""b"",""length"":920,""n_coords"":48,""offset"":4190818464,""source_cell"":[0,1958,1471],""source_cell_sha256"":""99e21136ec1863c88f8e0e0d754cc7df9e966dafa0cb301d6289ae8a293ace0d"",""spool_data"":""output/extract_timing/spool/level_0.data"",""trigger"":{""cell_raw"":[317.33841919898987,819.1999999992549],""global_raw"":[8085821.338419199,6026035.199999999],""lat_lon"":[-19.35,151.6899211],""vertex"":35}}"	b	[0,1958,1471]	48	[7909175.748,8137605.12,6026035.2,6026035.2]	3	0	False	encoder_drops_clipped_source_sliver	other
0	1975	1471	288	0	0	0	0	0	0	0	-1	-1	627	O01	1	1	[13]	[[-19.416666666666664,-19.333333333333332,151.625,151.75]]	[-19.416666666666664,-19.333333333333332,151.625,151.75]	c	"[{""bbox_cell"":[1972,1976,1468,1472],""branches"":[""c""],""leaf_path"":[2039],""n_coords"":13}]"	T1	[[[1.0,0.0],[0.6640625,0.0],[0.33203125,0.0],[0.0,0.0],[0.0,0.33203125],[0.0,0.6640625],[0.0,1.0],[0.33203125,1.0],[0.6640625,1.0],[1.0,1.0],[1.0,0.6640625],[1.0,0.33203125],[1.0,0.0]]]	true	output/scratch-14/cell_local/proofs/627.json	0	4ed9cd801bdd70992a9b7bd090803ffae349515f87546f044b21157e68e99d72	disc-verified:resolved	0	2ee3456a9aeb8607b88be4edd989a2034dd7fdd6f7846369d9dbc4c8ff20e6ae	disc-verified:resolved	output/scratch-14/witnesses/0627_requirement.json	"{""background_ordinal"":0,""bbox_global_raw"":[7909175.748198401,8137605.120000001,6026035.199999999,6026035.199999999],""branch"":""b"",""length"":920,""n_coords"":48,""offset"":4190818464,""source_cell"":[0,1958,1471],""source_cell_sha256"":""99e21136ec1863c88f8e0e0d754cc7df9e966dafa0cb301d6289ae8a293ace0d"",""spool_data"":""output/extract_timing/spool/level_0.data"",""trigger"":{""cell_raw"":[2115.1088639982045,819.1999999992549],""global_raw"":[8091715.108863998,6026035.199999999],""lat_lon"":[-19.35,151.734887],""vertex"":36}}"	b	[0,1958,1471]	48	[7909175.748,8137605.12,6026035.2,6026035.2]	3	0	False	encoder_drops_clipped_source_sliver	other
0	950	1585	288	0	0	0	0	0	0	0	-1	-1	711	O01	1	1	[13]	[[-17.0,-16.916666666666668,119.625,119.75]]	[-17.0,-16.916666666666668,119.625,119.75]	c	"[{""bbox_cell"":[948,952,1583,1587],""branches"":[""c""],""leaf_path"":[1590],""n_coords"":13}]"	T2	[[[0.0,0.0],[0.0,0.33203125],[0.0,0.6640625],[0.0,1.0],[0.33203125,1.0],[0.6640625,1.0],[1.0,1.0],[1.0,0.6640625],[1.0,0.33203125],[1.0,0.0],[0.6640625,0.0],[0.33203125,0.0],[0.0,0.0]]]	true	output/scratch-14/cell_local/proofs/711.json	0	4ed9cd801bdd70992a9b7bd090803ffae349515f87546f044b21157e68e99d72	disc-verified:resolved	0	2ee3456a9aeb8607b88be4edd989a2034dd7fdd6f7846369d9dbc4c8ff20e6ae	disc-verified:resolved	output/scratch-14/witnesses/0711_requirement.json	"{""background_ordinal"":0,""bbox_global_raw"":[3870993.0622975975,3895022.9377024025,6494617.593446398,6494617.593446398],""branch"":""b"",""length"":232,""n_coords"":5,""offset"":4292317584,""source_cell"":[0,949,1585],""source_cell_sha256"":""454db099294cb80ec782438a0970663c612e31c406ffdfc4a9f7f1ae35ecad6d"",""spool_data"":""output/extract_timing/spool/level_0.data"",""trigger"":{""cell_raw"":[3822.9377024024725,2457.593446398154],""global_raw"":[3895022.9377024025,6494617.593446398],""lat_lon"":[-16.9666667,119.7166667],""vertex"":0}}"	b	[0,949,1585]	5	[3870993.062,3895022.938,6494617.593,6494617.593]	3	0	False	encoder_drops_clipped_source_sliver	other
0	1256	1856	288	0	0	0	0	0	0	0	-1	-1	772	O01	1	1	[13]	[[-11.333333333333329,-11.249999999999995,129.25,129.375]]	[-11.333333333333329,-11.249999999999995,129.25,129.375]	c	"[{""bbox_cell"":[1256,1260,1856,1860],""branches"":[""c""],""leaf_path"":[8],""n_coords"":13}]"	T2	[[[0.0,0.0],[0.0,0.33203125],[0.0,0.6640625],[0.0,1.0],[0.33203125,1.0],[0.6640625,1.0],[1.0,1.0],[1.0,0.6640625],[1.0,0.33203125],[1.0,0.0],[0.6640625,0.0],[0.33203125,0.0],[0.0,0.0]]]	true	output/scratch-14/cell_local/proofs/772.json	0	4ed9cd801bdd70992a9b7bd090803ffae349515f87546f044b21157e68e99d72	disc-verified:resolved	0	2ee3456a9aeb8607b88be4edd989a2034dd7fdd6f7846369d9dbc4c8ff20e6ae	disc-verified:resolved	output/scratch-14/witnesses/0772_requirement.json	"{""background_ordinal"":0,""bbox_global_raw"":[5145668.2622976005,5145668.2622976005,7520255.999999999,7700480.0065536],""branch"":""b"",""length"":248,""n_coords"":6,""offset"":4440029552,""source_cell"":[0,1256,1864],""source_cell_sha256"":""10954e8f4682d923fc39674496de8a74e072cfdd7ab9e770e8527a501653b99a"",""spool_data"":""output/extract_timing/spool/level_0.data"",""trigger"":{""cell_raw"":[1092.2622976005077,1598.4099327996373],""global_raw"":[5145668.2622976005,7603774.4099328],""lat_lon"":[-11.3252034,129.2583333],""vertex"":3}}"	b	[0,1256,1864]	6	[5145668.262,5145668.262,7520256.0,7700480.007]	3	0	False	encoder_drops_clipped_source_sliver	other
0	1256	1857	288	0	0	0	0	0	0	0	-1	-1	773	O01	1	1	[13]	[[-11.333333333333329,-11.249999999999995,129.25,129.375]]	[-11.333333333333329,-11.249999999999995,129.25,129.375]	c	"[{""bbox_cell"":[1256,1260,1856,1860],""branches"":[""c""],""leaf_path"":[40],""n_coords"":13}]"	T2	[[[0.0,0.0],[0.0,0.33203125],[0.0,0.6640625],[0.0,1.0],[0.33203125,1.0],[0.6640625,1.0],[1.0,1.0],[1.0,0.6640625],[1.0,0.33203125],[1.0,0.0],[0.6640625,0.0],[0.33203125,0.0],[0.0,0.0]]]	true	output/scratch-14/cell_local/proofs/773.json	0	4ed9cd801bdd70992a9b7bd090803ffae349515f87546f044b21157e68e99d72	disc-verified:resolved	0	2ee3456a9aeb8607b88be4edd989a2034dd7fdd6f7846369d9dbc4c8ff20e6ae	disc-verified:resolved	output/scratch-14/witnesses/0773_requirement.json	"{""background_ordinal"":0,""bbox_global_raw"":[5145668.2622976005,5145668.2622976005,7520255.999999999,7700480.0065536],""branch"":""b"",""length"":248,""n_coords"":6,""offset"":4440029552,""source_cell"":[0,1256,1864],""source_cell_sha256"":""10954e8f4682d923fc39674496de8a74e072cfdd7ab9e770e8527a501653b99a"",""spool_data"":""output/extract_timing/spool/level_0.data"",""trigger"":{""cell_raw"":[1092.2622976005077,1898.1126143997535],""global_raw"":[5145668.2622976005,7608170.1126144],""lat_lon"":[-11.3028457,129.2583333],""vertex"":2}}"	b	[0,1256,1864]	6	[5145668.262,5145668.262,7520256.0,7700480.007]	3	0	False	encoder_drops_clipped_source_sliver	other
0	1256	1878	288	0	0	0	0	0	0	0	-1	-1	774	O01	1	1	[13]	[[-10.916666666666663,-10.833333333333329,129.25,129.375]]	[-10.916666666666663,-10.833333333333329,129.25,129.375]	c	"[{""bbox_cell"":[1256,1260,1876,1880],""branches"":[""c""],""leaf_path"":[712],""n_coords"":13}]"	T2	[[[0.0,0.0],[0.0,0.33203125],[0.0,0.6640625],[0.0,1.0],[0.33203125,1.0],[0.6640625,1.0],[1.0,1.0],[1.0,0.6640625],[1.0,0.33203125],[1.0,0.0],[0.6640625,0.0],[0.33203125,0.0],[0.0,0.0]]]	true	output/scratch-14/cell_local/proofs/774.json	0	4ed9cd801bdd70992a9b7bd090803ffae349515f87546f044b21157e68e99d72	disc-verified:resolved	0	2ee3456a9aeb8607b88be4edd989a2034dd7fdd6f7846369d9dbc4c8ff20e6ae	disc-verified:resolved	output/scratch-14/witnesses/0774_requirement.json	"{""background_ordinal"":0,""bbox_global_raw"":[5145668.2622976005,5145668.2622976005,7520255.999999999,7700480.0065536],""branch"":""b"",""length"":248,""n_coords"":6,""offset"":4440029552,""source_cell"":[0,1256,1864],""source_cell_sha256"":""10954e8f4682d923fc39674496de8a74e072cfdd7ab9e770e8527a501653b99a"",""spool_data"":""output/extract_timing/spool/level_0.data"",""trigger"":{""cell_raw"":[1092.2622976005077,3796.2842111987993],""global_raw"":[5145668.2622976005,7696084.284211199],""lat_lon"":[-10.8556911,129.2583333],""vertex"":1}}"	b	[0,1256,1864]	6	[5145668.262,5145668.262,7520256.0,7700480.007]	3	0	False	encoder_drops_clipped_source_sliver	other
0	1363	1958	288	0	0	0	0	0	0	0	-1	-1	775	O01	1	1	[13]	[[-9.249999999999993,-9.166666666666659,132.5,132.625]]	[-9.249999999999993,-9.166666666666659,132.5,132.625]	c	"[{""bbox_cell"":[1360,1364,1956,1960],""branches"":[""c""],""leaf_path"":[1235],""n_coords"":13}]"	T2	[[[0.0,0.0],[0.0,0.33203125],[0.0,0.6640625],[0.0,1.0],[0.33203125,1.0],[0.6640625,1.0],[1.0,1.0],[1.0,0.6640625],[1.0,0.33203125],[1.0,0.0],[0.6640625,0.0],[0.33203125,0.0],[0.0,0.0]]]	true	output/scratch-14/cell_local/proofs/775.json	0	4ed9cd801bdd70992a9b7bd090803ffae349515f87546f044b21157e68e99d72	disc-verified:resolved	0	2ee3456a9aeb8607b88be4edd989a2034dd7fdd6f7846369d9dbc4c8ff20e6ae	disc-verified:resolved	output/scratch-14/witnesses/0775_requirement.json	"{""background_ordinal"":0,""bbox_global_raw"":[5583667.199999999,5583667.199999999,7684496.208691199,8021098.2076416],""branch"":""b"",""length"":216,""n_coords"":4,""offset"":4444057248,""source_cell"":[0,1363,1900],""source_cell_sha256"":""7c92a148d1b29193aee6d1385d752403eb4309960077d9ed64ee0907198e1a6a"",""spool_data"":""output/extract_timing/spool/level_0.data"",""trigger"":{""cell_raw"":[819.1999999992549,1130.2076415996999],""global_raw"":[5583667.199999999,8021098.2076416],""lat_lon"":[-9.2025848,132.6],""vertex"":2}}"	b	[0,1363,1900]	4	[5583667.2,5583667.2,7684496.209,8021098.208]	2	0	False	encoder_drops_clipped_source_sliver	other
